device_brand,os,screen_size,rear_camera_mp,front_camera_mp,internal_memory,ram,battery,weight,release_year,days_used,normalized_used_price,normalized_new_price
Honor,Android,14.5,13.0,5.0,64.0,3.0,3020.0,146.0,2020,127,4.307572449,4.715100245
Honor,Android,17.3,13.0,16.0,128.0,8.0,4300.0,213.0,2020,325,5.162096647,5.519017936
Honor,Android,16.69,13.0,8.0,128.0,8.0,4200.0,213.0,2020,162,5.111083765,5.884630724
Honor,Android,25.5,13.0,8.0,64.0,6.0,7250.0,480.0,2020,345,5.135386588,5.630960854
Honor,Android,15.32,13.0,8.0,64.0,3.0,5000.0,185.0,2020,293,4.389994804,4.947837479
Honor,Android,16.23,13.0,8.0,64.0,4.0,4000.0,176.0,2020,223,4.413888608,5.060694494
Honor,Android,13.84,8.0,5.0,32.0,2.0,3020.0,144.0,2020,234,3.878259375,4.518958489
Honor,Android,15.77,13.0,8.0,64.0,4.0,3400.0,164.0,2020,219,4.729421148,5.18872569
Honor,Android,15.32,13.0,16.0,128.0,6.0,4000.0,165.0,2020,161,4.886054204,5.299916088
Honor,Android,16.23,13.0,8.0,128.0,6.0,4000.0,176.0,2020,327,4.773223771,5.073610093
Honor,Android,15.47,13.0,8.0,64.0,3.0,3020.0,150.0,2020,268,4.26703657,4.713665782
Honor,Android,15.32,13.0,8.0,64.0,4.0,5000.0,185.0,2020,344,4.657383057,4.770176021
Honor,Android,16.69,13.0,16.0,128.0,8.0,4100.0,206.0,2019,537,5.383255763,6.213967894
Honor,Android,15.32,13.0,16.0,64.0,4.0,4000.0,171.5,2019,336,4.617592706,5.398750764
Honor,Android,14.5,13.0,5.0,32.0,2.0,3020.0,146.0,2019,230,4.111365547,4.487512143
Honor,Android,16.23,13.0,8.0,64.0,4.0,4000.0,176.0,2019,248,4.411221293,4.866225902
Honor,Android,15.9,13.0,32.0,128.0,6.0,3750.0,172.0,2019,395,5.022366217,5.517934708
Honor,Android,16.74,13.0,16.0,64.0,4.0,4000.0,206.0,2019,421,4.777020443,5.193179048
Honor,Android,14.5,13.0,5.0,32.0,2.0,3020.0,146.0,2019,532,4.248638089,4.792313433
Honor,Android,25.43,5.0,2.0,32.0,3.0,5100.0,173.0,2019,266,4.267877613,5.517051209
Honor,Android,20.32,8.0,8.0,32.0,3.0,5100.0,173.0,2019,321,4.556295018,5.304001183
Others,Android,20.32,8.0,0.3,16.0,1.0,5680.0,453.6,2013,933,4.45213555,5.48438191
HTC,Android,15.29,13.0,16.0,32.0,3.0,3850.0,170.0,2019,187,4.560800238,5.195730778
HTC,Android,12.88,13.0,13.0,64.0,4.0,3075.0,150.0,2019,499,4.595624773,5.39771011
HTC,Android,15.29,13.0,8.0,32.0,3.0,3300.0,160.0,2019,497,4.426521875,5.006091654
HTC,Android,15.24,13.0,14.5,128.0,6.0,3930.0,180.0,2019,202,5.213467289,6.039968956
HTC,Android,15.29,13.0,16.0,64.0,4.0,3850.0,170.0,2019,493,4.636668853,5.631426812
Huawei,Android,15.37,10.5,16.0,128.0,6.0,4000.0,192.0,2020,91,4.905496976,5.520380334
Huawei,Android,15.37,10.5,16.0,64.0,6.0,4000.0,182.0,2020,299,4.820442843,5.39603374
Huawei,Android,15.32,10.5,16.0,128.0,4.0,4000.0,163.0,2020,354,4.577901759,5.558024257
Huawei,Android,15.32,10.5,16.0,128.0,4.0,4000.0,163.0,2020,306,4.872828107,5.478970866
Huawei,Android,20.32,5.0,2.0,16.0,2.0,5100.0,310.0,2020,231,4.170533701,4.598246271
Huawei,Android,15.37,10.5,16.0,128.0,8.0,4000.0,189.0,2020,205,4.709440107,5.765661212
Huawei,Android,25.5,8.0,8.0,64.0,4.0,7250.0,450.0,2020,211,5.133088887,5.51877732
Huawei,Android,16.71,10.5,16.0,256.0,8.0,4200.0,226.0,2020,120,6.153455837,7.244220373
Huawei,Android,16.23,10.5,8.0,64.0,4.0,4000.0,176.0,2020,161,4.644390899,5.0681492
Huawei,Android,25.6,13.0,8.0,128.0,6.0,7250.0,460.0,2020,139,5.18245748,6.310336373
Huawei,Android,16.23,10.5,8.0,64.0,4.0,4000.0,176.0,2020,93,4.322143925,4.95342982
Huawei,Android,16.74,13.0,16.0,128.0,6.0,4000.0,206.0,2019,460,5.065439086,5.672429397
Huawei,Android,15.34,13.0,16.0,128.0,8.0,4200.0,183.0,2019,223,4.931375613,5.634110801
Huawei,Android,25.6,13.0,8.0,128.0,6.0,7250.0,460.0,2019,256,4.997685135,6.107267847
Huawei,Android,15.9,13.0,32.0,64.0,6.0,4000.0,178.0,2019,206,4.99653637,5.294560318
Huawei,Android,15.32,13.0,16.0,64.0,6.0,4000.0,163.0,2019,488,4.537426534,5.306731865
Huawei,Android,16.23,13.0,8.0,64.0,4.0,4000.0,176.0,2019,516,4.705286977,5.010968572
Huawei,Android,16.59,13.0,16.0,512.0,12.0,4500.0,198.0,2019,289,5.674182005,7.438006989
Huawei,Android,16.81,13.0,16.0,128.0,6.0,4200.0,196.0,2019,477,5.380450196,6.477264628
Huawei,Android,16.81,13.0,16.0,128.0,6.0,4200.0,196.0,2019,195,5.014826499,6.313729189
Huawei,Android,15.9,13.0,32.0,128.0,6.0,4000.0,178.0,2019,244,5.143474781,5.67029463
Huawei,Android,16.74,13.0,16.0,128.0,4.0,4000.0,163.5,2019,376,4.839293241,5.250281918
Huawei,Android,25.6,13.0,8.0,64.0,4.0,7500.0,498.0,2019,205,4.936629881,5.704781975
Huawei,Android,20.42,13.0,8.0,128.0,6.0,6100.0,340.0,2019,406,5.294259143,5.856932654
Huawei,Android,20.42,13.0,8.0,64.0,4.0,6100.0,320.0,2019,462,5.001190835,5.556287375
Huawei,Android,16.23,13.0,32.0,128.0,8.0,3500.0,171.0,2019,333,5.428204627,5.9652489
Huawei,Android,16.23,13.0,32.0,128.0,8.0,3500.0,171.0,2019,284,5.378560054,5.885520528
Huawei,Android,15.34,13.0,24.0,128.0,6.0,4000.0,178.0,2019,202,5.058853866,5.562948291
Huawei,Android,15.34,13.0,16.0,64.0,4.0,4000.0,178.0,2019,445,5.043683148,5.637785112
Huawei,Android,16.74,13.0,16.0,64.0,4.0,4000.0,196.8,2019,375,4.607467545,5.638105528
Huawei,Android,10.16,5.0,2.0,16.0,4.0,1700.0,136.1,2014,666,3.579343567,4.70311326
Huawei,Android,17.78,3.15,0.3,8.0,1.0,4100.0,350.0,2013,819,3.982295058,5.016551095
Infinix,Android,17.32,,8.0,32.0,2.0,6000.0,209.0,2020,245,4.282068168,4.59764192
Infinix,Android,15.39,,8.0,64.0,4.0,5000.0,185.0,2020,173,4.363608049,4.711779921
Infinix,Android,15.39,,8.0,32.0,2.0,5000.0,185.0,2020,256,4.181439269,4.505460342
Infinix,Android,15.39,,16.0,32.0,3.0,4000.0,178.0,2019,316,4.555244377,4.602165677
Infinix,Android,15.29,,16.0,32.0,2.0,4000.0,165.0,2019,468,4.416669578,4.871296595
Lava,Android,14.5,,5.0,32.0,2.0,3200.0,150.0,2020,356,3.989909544,4.381026134
Lava,Android,12.7,5.0,0.3,8.0,0.5,3000.0,147.6,2016,819,3.495598057,4.113002744
Lenovo,Android,25.43,8.0,5.0,32.0,3.0,7000.0,520.0,2020,233,4.726768158,5.20136584
Lenovo,Android,25.43,8.0,5.0,64.0,4.0,7000.0,580.0,2019,419,5.214881408,5.775141434
Lenovo,Android,15.47,8.0,5.0,16.0,2.0,4000.0,172.0,2019,267,3.940610462,4.591071262
Lenovo,Android,20.32,13.0,5.0,16.0,2.0,5100.0,305.0,2019,461,4.779375562,5.066133071
Lenovo,Android,20.32,5.0,2.0,16.0,2.0,5000.0,305.0,2019,423,4.463721822,4.938064601
Lenovo,Android,17.78,2.0,2.0,32.0,1.0,3590.0,236.0,2019,528,3.896096855,4.606768907
Lenovo,Android,16.23,8.0,16.0,64.0,6.0,4000.0,159.0,2019,254,4.423648309,5.524974737
Lenovo,Android,16.23,8.0,32.0,128.0,6.0,4000.0,185.0,2019,370,5.342812606,5.992264227
Lenovo,Android,15.32,8.0,16.0,64.0,4.0,4050.0,164.0,2019,482,4.676839473,5.062468443
Lenovo,Android,25.43,8.0,8.0,16.0,2.0,8400.0,655.0,2016,691,5.056182109,5.191233144
LG,Android,16.59,5.0,16.0,64.0,4.0,4000.0,196.5,2020,273,4.879082894,5.601491318
LG,Android,15.44,5.0,13.0,64.0,3.0,4000.0,219.0,2020,349,4.350148896,5.299466706
LG,Others,5.28,2.0,13.0,8.0,1.0,1470.0,127.0,2020,343,3.875566468,5.015689168
LG,Android,15.44,5.0,10.0,128.0,8.0,5000.0,218.0,2020,352,4.734442522,6.768240306
LG,Android,15.44,5.0,10.0,128.0,8.0,5000.0,213.0,2020,142,5.476463552,6.55079458
LG,Android,15.37,5.0,13.0,32.0,3.0,4000.0,196.5,2020,92,4.636959508,5.481430277
LG,Android,14.5,8.0,8.0,32.0,3.0,3450.0,170.0,2020,166,4.230767603,4.870683334
LG,Android,25.43,8.0,5.0,32.0,4.0,8200.0,498.0,2019,329,4.709620287,5.82953368
LG,Android,15.34,8.0,32.0,256.0,8.0,4000.0,192.0,2019,383,5.467680322,7.003174544
LG,Android,15.34,8.0,16.0,64.0,4.0,4000.0,198.0,2019,443,4.696928611,5.766225051
LG,Android,13.84,8.0,5.0,16.0,2.0,3000.0,148.0,2019,257,4.255328982,4.944353031
LG,Android,13.84,8.0,5.0,16.0,1.0,3000.0,152.0,2019,380,4.08933202,4.606369467
LG,Android,15.27,8.0,13.0,32.0,2.0,3500.0,186.0,2019,255,4.64352514,5.082211493
LG,Android,15.37,8.0,13.0,32.0,3.0,4000.0,194.0,2019,512,4.550608398,5.304299438
LG,Android,15.8,8.0,16.0,64.0,4.0,4050.0,172.0,2019,223,4.461877016,5.248023572
LG,Android,15.9,8.0,16.0,32.0,3.0,4000.0,175.0,2019,200,4.582310892,4.864607093
LG,Android,15.72,8.0,8.0,32.0,3.0,4000.0,164.0,2019,210,4.373994463,4.694645192
LG,Android,15.29,13.0,5.0,32.0,3.0,3500.0,179.0,2019,216,4.517649588,5.300415165
LG,Android,15.29,16.0,5.0,64.0,4.0,3300.0,172.0,2018,724,4.887940214,5.704049106
LG,Android,12.83,13.0,5.0,16.0,2.0,4500.0,171.0,2018,628,4.358630057,5.191066176
LG,Android,7.62,2.0,1.3,4.0,0.5,1540.0,140.45,2014,750,3.027715319,3.925925911
Meizu,Android,15.39,,20.0,128.0,8.0,4500.0,199.0,2020,186,5.167866937,6.272027589
Meizu,Android,15.37,,16.0,128.0,6.0,4500.0,183.0,2019,449,4.665512415,5.526329049
Meizu,Android,15.37,,8.0,32.0,2.0,4000.0,184.0,2019,190,4.290185431,5.195176608
Meizu,Android,15.29,,20.0,128.0,6.0,3600.0,166.0,2019,459,4.721084811,5.830679408
Meizu,Android,15.29,,16.0,64.0,6.0,4000.0,165.0,2019,517,4.842295535,5.388660686
Meizu,Android,15.29,,20.0,128.0,6.0,3600.0,165.0,2019,332,4.959412173,6.040659391
Micromax,Android,10.16,2.0,0.3,0.5,0.25,1500.0,146.5,2014,1016,3.043569603,3.926714554
Micromax,Android,7.75,0.3,0.3,0.5,0.25,1500.0,89.0,2014,956,2.386926241,3.664842876
Micromax,Android,10.03,2.0,0.3,0.2,0.25,2000.0,85.0,2013,680,2.856470206,4.244630641
Micromax,Android,10.16,2.0,0.3,16.0,4.0,2000.0,89.0,2013,733,3.108614431,4.094844437
Micromax,Android,7.75,0.3,0.3,16.0,4.0,2000.0,89.0,2013,1029,2.989714201,3.884240624
Motorola,Android,15.37,,16.0,128.0,6.0,5000.0,210.0,2020,242,4.829672813,5.704848573
Motorola,Android,15.42,,25.0,256.0,12.0,5000.0,203.0,2020,220,5.186882886,7.090784918
Nokia,Android,16.56,0.3,8.0,64.0,3.0,4000.0,200.0,2020,310,4.186011751,5.004885462
Nokia,Android,13.84,0.3,5.0,16.0,2.0,3000.0,180.0,2020,193,3.616308761,4.100160948
Nokia,Android,13.84,0.3,5.0,16.0,2.0,3000.0,180.0,2020,356,4.055430469,4.591983624
Nokia,Others,5.18,0.3,0.0,0.1,0.03,1020.0,90.5,2020,272,2.910174385,3.399863159
Nokia,Others,5.18,0.3,0.0,0.06,,1020.0,91.3,2020,288,2.729159164,2.911263117
Nokia,Android,17.3,0.3,24.0,64.0,6.0,4500.0,220.0,2020,284,5.314043067,6.216845593
Nokia,Others,5.18,0.3,0.0,0.06,0.02,1200.0,88.2,2020,266,3.370738174,3.699077279
Nokia,Others,5.18,0.3,0.0,,0.02,1200.0,86.5,2019,234,2.721295428,3.688379329
OnePlus,Android,16.64,,16.0,128.0,8.0,4300.0,180.0,2020,110,5.620944196,6.609308811
OnePlus,Android,16.64,,16.0,128.0,8.0,4300.0,180.0,2020,208,5.288166015,6.474106722
OnePlus,Android,16.94,,16.0,256.0,12.0,4085.0,206.0,2019,458,5.713402718,6.686160528
OnePlus,Android,16.94,,16.0,128.0,6.0,4000.0,206.0,2019,294,5.670983763,6.686647155
Oppo,Android,16.64,,32.0,128.0,8.0,4000.0,172.0,2020,187,5.170881643,6.153455837
Oppo,Android,16.33,,32.0,128.0,8.0,4000.0,183.0,2020,271,5.009634794,5.910254492
Oppo,Android,16.69,,32.0,128.0,6.0,4000.0,184.0,2020,100,5.033895988,5.672842052
Oppo,Android,16.64,,16.0,128.0,8.0,4000.0,186.0,2020,186,5.116615618,6.253482598
Oppo,Android,15.29,,8.0,64.0,3.0,4230.0,168.0,2020,273,4.578312732,4.782479201
Oppo,Android,15.34,,32.0,128.0,8.0,4025.0,180.0,2020,146,5.412315471,5.98838481
Oppo,Android,15.34,8.0,32.0,128.0,8.0,4025.0,181.0,2019,397,4.868380247,6.088023946
Oppo,Android,15.37,8.0,8.0,128.0,4.0,4230.0,180.0,2019,411,4.57037168,5.01588814
Oppo,Android,15.34,8.0,25.0,128.0,6.0,3600.0,169.5,2019,276,4.936199063,5.632572862
Oppo,Android,15.34,8.0,32.0,128.0,4.0,4035.0,186.0,2019,205,4.94178527,5.800667172
Oppo,Android,16.59,8.0,16.0,128.0,6.0,4020.0,190.0,2019,321,4.656718448,5.556287375
Oppo,Android,15.39,8.0,16.0,256.0,8.0,4065.0,215.0,2019,392,5.295613715,6.780830585
Oppo,Android,15.27,8.0,5.0,32.0,2.0,4000.0,170.0,2019,296,4.322011202,4.605670061
Oppo,Android,15.29,13.0,8.0,32.0,3.0,4230.0,168.0,2018,664,4.457713717,5.437252881
Oppo,Android,10.29,8.0,5.0,8.0,1.0,2000.0,135.0,2015,1076,4.02463715,5.009968405
Others,Android,16.43,8.0,20.0,128.0,6.0,4000.0,171.0,2019,317,5.570212986,6.803360963
Realme,Android,15.37,,16.0,64.0,4.0,4300.0,191.0,2020,289,4.702659807,5.302060353
Realme,Android,15.37,,16.0,128.0,4.0,5000.0,199.0,2020,338,4.941570991,5.0141624
Realme,Android,15.37,,5.0,32.0,3.0,5000.0,195.0,2020,111,4.498364182,4.606569207
Realme,Android,15.27,,5.0,32.0,3.0,4000.0,166.0,2020,167,2.896464272,3.690877457
Realme,Android,15.27,,5.0,32.0,2.0,4000.0,166.0,2019,399,4.288677032,4.611351045
Samsung,Android,20.32,5.0,2.0,16.0,1.5,4200.0,313.0,2015,909,4.32611744,5.348202169
Others,Android,15.34,2.0,8.0,256.0,8.0,3130.0,141.0,2020,135,4.915665057,6.508292123
Others,Android,12.93,8.0,8.0,64.0,4.0,3090.0,173.0,2019,523,4.180522258,5.34563025
Others,Android,16.59,2.0,16.0,128.0,6.0,4500.0,210.0,2020,234,5.020849617,5.985371019
Others,Android,16.59,8.0,24.0,128.0,6.0,3820.0,192.0,2019,414,5.036303041,5.802239214
Others,Android,17.78,2.0,16.0,64.0,4.0,6000.0,220.0,2020,135,4.378896742,4.80557721
Others,Android,15.39,2.0,8.0,32.0,2.0,5000.0,206.5,2020,153,4.084294226,4.791151704
Others,Android,15.39,2.0,16.0,128.0,6.0,4000.0,203.0,2020,125,4.919469846,5.393172898
Others,Android,12.83,2.0,5.0,16.0,2.0,2700.0,153.0,2020,123,3.629394807,4.246493239
Others,Android,12.7,2.0,5.0,32.0,4.0,4000.0,234.0,2020,220,3.974809994,4.699388861
Others,Android,12.7,13.0,5.0,16.0,2.0,4000.0,234.0,2020,173,4.29374172,4.382276603
Others,Android,15.42,12.0,16.0,128.0,8.0,5000.0,159.0,2018,413,5.175471537,5.700042155
Vivo,Android,16.36,,32.0,128.0,8.0,4500.0,176.0,2020,343,5.052864298,5.766694674
Vivo,Android,16.59,,16.0,64.0,4.0,5000.0,204.1,2020,246,4.801065863,5.068904202
Vivo,Android,16.66,,32.0,128.0,8.0,4315.0,181.5,2020,145,5.560335417,6.446116566
Vivo,Android,16.21,,16.0,128.0,8.0,4500.0,190.2,2020,300,4.847331743,5.702781974
Vivo,Android,16.43,,8.0,128.0,4.0,5000.0,197.0,2020,118,4.823260994,5.249652195
Vivo,Android,16.69,,16.0,128.0,6.0,4500.0,198.1,2020,312,4.95434709,5.857447322
Vivo,Android,17.5,,16.0,256.0,8.0,4500.0,219.5,2020,226,5.466878008,6.447290015
Vivo,Android,16.36,,32.0,128.0,8.0,4500.0,176.0,2020,199,5.192623462,5.599199434
Vivo,Android,16.36,13.0,32.0,128.0,8.0,4350.0,196.5,2019,279,5.288014474,6.04545545
Vivo,Android,16.21,13.0,16.0,128.0,8.0,4500.0,198.5,2019,212,4.770599875,5.79331844
Vivo,Android,16.59,13.0,16.0,128.0,8.0,5000.0,193.0,2019,188,5.064302435,5.435249221
Vivo,Android,16.21,13.0,32.0,128.0,8.0,4500.0,186.7,2019,264,5.104732617,5.801816215
Vivo,Android,16.13,13.0,8.0,64.0,3.0,5000.0,191.5,2019,230,4.417755682,4.886809035
Vivo,Android,16.21,13.0,16.0,64.0,6.0,4500.0,198.5,2019,259,4.601664047,5.55971963
Vivo,Android,16.13,13.0,8.0,64.0,4.0,5000.0,190.0,2019,349,4.59360355,4.941928096
Vivo,Android,16.13,13.0,16.0,128.0,4.0,5000.0,190.5,2019,500,4.907346705,5.245812813
Vivo,Android,17.5,13.0,16.0,256.0,8.0,4500.0,218.5,2019,288,4.94071342,6.594864794
Vivo,Android,17.5,13.0,16.0,128.0,8.0,4500.0,217.3,2019,391,5.278471738,6.461014949
Vivo,Android,16.28,13.0,12.0,128.0,8.0,4500.0,217.0,2019,204,4.911109575,6.215967174
Vivo,Android,16.28,13.0,12.0,128.0,8.0,4500.0,215.0,2019,293,5.144350003,6.015376367
Vivo,Android,15.8,8.0,5.0,16.0,2.0,4030.0,163.5,2019,456,3.966132331,4.485598051
Vivo,Android,16.21,13.0,32.0,128.0,6.0,4500.0,179.0,2019,224,5.206859756,5.635896134
Vivo,Android,16.21,13.0,12.0,64.0,6.0,4500.0,198.5,2019,451,4.735671994,5.523458921
Vivo,Android,16.59,13.0,16.0,64.0,4.0,5000.0,204.1,2019,338,4.956108708,5.304746654
Vivo,Android,16.23,13.0,16.0,128.0,6.0,3700.0,185.0,2019,455,4.755829062,5.736217396
Vivo,Android,15.9,13.0,16.0,64.0,4.0,3260.0,150.0,2019,431,4.614625345,5.071291288
Vivo,Android,16.13,13.0,20.0,128.0,4.0,5000.0,190.5,2019,334,4.761831996,5.440511132
Vivo,Android,16.59,13.0,16.0,128.0,6.0,3940.0,189.5,2019,415,5.116315759,5.561604282
Vivo,Android,15.8,13.0,5.0,16.0,2.0,4030.0,163.5,2019,266,4.382151627,4.607966273
Vivo,Android,10.29,5.0,2.0,4.0,0.5,1900.0,130.0,2013,931,3.379292546,4.6998438
Others,Android,12.93,8.0,8.0,32.0,3.0,3400.0,145.0,2019,407,4.421487704,5.199380619
Others,Android,14.4,13.0,8.0,16.0,2.0,2920.0,160.0,2019,233,4.523526197,5.013098924
Others,Android,15.21,8.0,5.0,16.0,2.0,4000.0,185.0,2019,423,4.131800899,4.405498991
Others,Android,15.32,8.0,16.0,128.0,6.0,4000.0,184.0,2019,470,4.857950206,5.52589109
Others,Android,15.9,8.0,8.0,64.0,3.0,4000.0,178.0,2019,280,4.33781348,5.196616812
Xiaomi,Android,16.69,,20.0,128.0,8.0,4520.0,208.0,2020,318,4.852498904,5.664244378
Xiaomi,Android,16.69,,16.0,64.0,6.0,4520.0,205.0,2020,301,4.977492076,5.301312876
Xiaomi,Android,16.94,,16.0,128.0,6.0,4800.0,208.0,2020,319,5.120923648,5.523139508
Xiaomi,Android,16.94,,16.0,128.0,6.0,4500.0,208.0,2020,184,5.026246142,5.563792173
Xiaomi,Android,16.94,,32.0,64.0,6.0,5020.0,209.0,2020,256,4.966753066,5.198718001
Xiaomi,Android,15.8,,8.0,32.0,2.0,5000.0,188.0,2020,265,4.344065128,4.49535532
Xiaomi,Android,15.8,,8.0,32.0,2.0,5000.0,188.0,2020,321,3.421000009,4.39222446
Xiaomi,Android,16.94,,16.0,64.0,6.0,4500.0,208.0,2020,169,4.967310169,5.295513439
Xiaomi,Android,20.12,12.0,20.0,512.0,12.0,4050.0,241.0,2019,478,6.619433002,7.823341763
Xiaomi,Android,16.23,12.0,20.0,128.0,8.0,4000.0,196.0,2019,382,5.360587692,6.211302641
Xiaomi,Android,16.23,12.0,16.0,128.0,8.0,4000.0,191.0,2019,374,5.192289962,6.107267847
Xiaomi,Android,15.27,12.0,32.0,64.0,4.0,4030.0,173.8,2019,396,4.792396362,5.129188404
Xiaomi,Android,16.23,12.0,32.0,64.0,6.0,4030.0,179.0,2019,406,4.886280713,5.56819182
Xiaomi,Android,15.32,12.0,13.0,32.0,3.0,4000.0,186.0,2019,338,4.687395126,4.939282497
ZTE,Android,16.89,,12.0,256.0,8.0,5100.0,215.0,2020,235,5.390850968,6.394693824
ZTE,Android,16.89,,12.0,128.0,6.0,5100.0,210.0,2020,278,4.652053772,5.740146547
ZTE,Android,15.24,14.5,8.0,32.0,3.0,4000.0,160.0,2019,386,4.272211769,4.493232533
ZTE,Android,15.47,16.0,5.0,32.0,3.0,3200.0,165.0,2019,325,4.408059812,4.485936098
ZTE,Android,15.32,14.5,16.0,64.0,3.0,3200.0,165.0,2019,347,4.498697941,5.080658745
ZTE,Android,16.48,14.5,8.0,128.0,4.0,5000.0,190.0,2019,343,4.57316339,4.872292344
ZTE,Android,16.89,48.0,16.0,128.0,8.0,5000.0,215.0,2019,336,5.668051665,6.708779812
ZTE,Android,16.31,14.5,8.0,128.0,6.0,4000.0,186.0,2019,330,5.243913978,6.312478634
ZTE,Android,13.84,13.0,8.0,16.0,2.0,2600.0,157.0,2019,474,4.297421451,4.383650316
ZTE,Android,12.7,8.0,5.0,16.0,1.0,2000.0,144.0,2019,349,3.803992261,4.120986493
ZTE,Android,12.7,8.0,5.0,16.0,1.0,2000.0,144.0,2019,385,3.931433399,4.102643365
ZTE,Android,16.89,48.0,16.0,64.0,6.0,5000.0,215.0,2019,506,5.263725922,6.217723241
ZTE,Android,16.43,14.5,20.0,128.0,6.0,4000.0,175.0,2019,333,5.029718709,6.15296671
ZTE,Android,13.84,13.0,8.0,16.0,2.0,3200.0,135.0,2018,595,4.450152464,5.002468705
ZTE,Android,15.27,16.0,5.0,32.0,2.0,3200.0,146.0,2019,420,4.339249605,4.412192049
Honor,Android,14.5,13.0,5.0,64.0,3.0,3020.0,146.0,2020,138,4.466367783,4.695467824
Honor,Android,17.3,13.0,16.0,128.0,8.0,4300.0,213.0,2020,268,5.051905188,5.520660598
Honor,Android,16.69,13.0,8.0,128.0,8.0,4200.0,213.0,2020,195,5.018008048,5.884157694
Honor,Android,25.5,13.0,8.0,64.0,6.0,7250.0,480.0,2020,272,4.903346996,5.634075062
Honor,Android,15.32,13.0,8.0,64.0,3.0,5000.0,185.0,2020,346,4.477791257,4.943355241
Honor,Android,16.23,13.0,8.0,64.0,4.0,4000.0,176.0,2020,362,4.466597536,5.076423035
Honor,Android,13.84,8.0,5.0,32.0,2.0,3020.0,144.0,2020,355,3.961574784,4.507116246
Honor,Android,15.77,13.0,8.0,64.0,4.0,3400.0,164.0,2020,202,4.776093698,5.202852175
Honor,Android,15.32,13.0,16.0,128.0,6.0,4000.0,165.0,2020,310,4.803775113,5.297717186
Honor,Android,16.23,13.0,8.0,128.0,6.0,4000.0,176.0,2020,141,4.831747834,5.067456614
Honor,Android,15.47,13.0,8.0,64.0,3.0,3020.0,150.0,2020,228,4.476199805,4.689695141
Honor,Android,15.32,13.0,8.0,64.0,4.0,5000.0,185.0,2020,213,4.609859175,4.781892764
Honor,Android,16.69,13.0,16.0,128.0,8.0,4100.0,206.0,2019,504,5.17252736,6.211262508
Honor,Android,15.32,13.0,16.0,64.0,4.0,4000.0,171.5,2019,371,4.797194518,5.391352233
Honor,Android,14.5,13.0,5.0,32.0,2.0,3020.0,146.0,2019,201,4.220095768,4.49635928
Honor,Android,16.23,13.0,8.0,64.0,4.0,4000.0,176.0,2019,354,4.415944853,4.86753445
Honor,Android,15.9,13.0,32.0,128.0,6.0,3750.0,172.0,2019,311,5.180209278,5.515845179
Honor,Android,16.74,13.0,16.0,64.0,4.0,4000.0,206.0,2019,524,4.679349584,5.188167623
Honor,Android,14.5,13.0,5.0,32.0,2.0,3020.0,146.0,2019,388,4.055776969,4.793059547
Honor,Android,25.43,5.0,2.0,32.0,3.0,5100.0,173.0,2019,234,4.53999146,5.523937848
Honor,Android,20.32,8.0,8.0,32.0,3.0,5100.0,173.0,2019,251,4.294560609,5.296114943
Others,Android,20.32,8.0,0.3,16.0,1.0,5680.0,453.6,2013,1048,4.899852698,5.488152294
HTC,Android,15.29,13.0,16.0,32.0,3.0,3850.0,170.0,2019,194,4.829033478,5.185652461
HTC,Android,12.88,13.0,13.0,64.0,4.0,3075.0,150.0,2019,385,4.860277413,5.392080896
HTC,Android,15.29,13.0,8.0,32.0,3.0,3300.0,160.0,2019,323,4.388008706,5.009100784
HTC,Android,15.24,13.0,14.5,128.0,6.0,3930.0,180.0,2019,489,4.633951987,6.033589692
HTC,Android,15.29,13.0,16.0,64.0,4.0,3850.0,170.0,2019,392,5.041552397,5.641694282
Huawei,Android,15.37,10.5,16.0,128.0,6.0,4000.0,192.0,2020,204,4.865455368,5.522939824
Huawei,Android,15.37,10.5,16.0,64.0,6.0,4000.0,182.0,2020,328,4.971686544,5.388889065
Huawei,Android,15.32,10.5,16.0,128.0,4.0,4000.0,163.0,2020,134,5.058980915,5.568535325
Huawei,Android,15.32,10.5,16.0,128.0,4.0,4000.0,163.0,2020,127,4.980931815,5.48309424
Huawei,Android,20.32,5.0,2.0,16.0,2.0,5100.0,310.0,2020,240,4.218183299,4.609460967
Huawei,Android,15.37,10.5,16.0,128.0,8.0,4000.0,189.0,2020,102,4.916690848,5.766412927
Huawei,Android,25.5,8.0,8.0,64.0,4.0,7250.0,450.0,2020,305,5.097485547,5.521900821
Huawei,Android,16.71,10.5,16.0,256.0,8.0,4200.0,226.0,2020,215,5.49380191,7.243134061
Huawei,Android,16.23,10.5,8.0,64.0,4.0,4000.0,176.0,2020,133,4.365643155,5.080161357
Huawei,Android,25.6,13.0,8.0,128.0,6.0,7250.0,460.0,2020,181,5.359976747,6.309245325
Huawei,Android,16.23,10.5,8.0,64.0,4.0,4000.0,176.0,2020,202,4.651003602,4.942570563
Huawei,Android,16.74,13.0,16.0,128.0,6.0,4000.0,206.0,2019,433,5.071354029,5.674010316
Huawei,Android,15.34,13.0,16.0,128.0,8.0,4200.0,183.0,2019,505,4.99531859,5.635789104
Huawei,Android,25.6,13.0,8.0,128.0,6.0,7250.0,460.0,2019,406,4.978869391,6.109825194
Huawei,Android,15.9,13.0,32.0,64.0,6.0,4000.0,178.0,2019,351,5.037147389,5.299716387
Huawei,Android,15.32,13.0,16.0,64.0,6.0,4000.0,163.0,2019,364,4.949043538,5.294660689
Huawei,Android,16.23,13.0,8.0,64.0,4.0,4000.0,176.0,2019,253,4.403054002,5.016219672
Huawei,Android,16.59,13.0,16.0,512.0,12.0,4500.0,198.0,2019,488,5.995954452,7.439289002
Huawei,Android,16.81,13.0,16.0,128.0,6.0,4200.0,196.0,2019,269,5.530103463,6.478140911
Huawei,Android,16.81,13.0,16.0,128.0,6.0,4200.0,196.0,2019,207,5.345344072,6.311517
Huawei,Android,15.9,13.0,32.0,128.0,6.0,4000.0,178.0,2019,223,5.214772701,5.666841827
Huawei,Android,16.74,13.0,16.0,128.0,4.0,4000.0,163.5,2019,181,4.894401058,5.242434609
Huawei,Android,25.6,13.0,8.0,64.0,4.0,7500.0,498.0,2019,518,5.025589586,5.698970918
Huawei,Android,20.42,13.0,8.0,128.0,6.0,6100.0,340.0,2019,307,4.943212618,5.86144128
Huawei,Android,20.42,13.0,8.0,64.0,4.0,6100.0,320.0,2019,274,5.017147378,5.55971963
Huawei,Android,16.23,13.0,32.0,128.0,8.0,3500.0,171.0,2019,520,5.372914505,5.969730055
Huawei,Android,16.23,13.0,32.0,128.0,8.0,3500.0,171.0,2019,210,5.366396487,5.883935014
Huawei,Android,15.34,13.0,24.0,128.0,6.0,4000.0,178.0,2019,539,5.180209278,5.55898789
Huawei,Android,15.34,13.0,16.0,64.0,4.0,4000.0,178.0,2019,244,4.837313121,5.635146682
Huawei,Android,16.74,13.0,16.0,64.0,4.0,4000.0,196.8,2019,330,4.861671141,5.638069931
Huawei,Android,10.16,5.0,2.0,16.0,4.0,1700.0,136.1,2014,610,3.959097413,4.701025672
Huawei,Android,17.78,3.15,0.3,8.0,1.0,4100.0,350.0,2013,835,4.335197047,5.012034315
Infinix,Android,17.32,,8.0,32.0,2.0,6000.0,209.0,2020,320,4.405132623,4.605370166
Infinix,Android,15.39,,8.0,64.0,4.0,5000.0,185.0,2020,173,4.4959132,4.702115392
Infinix,Android,15.39,,8.0,32.0,2.0,5000.0,185.0,2020,329,4.370712875,4.487287145
Infinix,Android,15.39,,16.0,32.0,3.0,4000.0,178.0,2019,356,4.417996878,4.605969866
Infinix,Android,15.29,,16.0,32.0,2.0,4000.0,165.0,2019,497,4.423288532,4.866071843
Lava,Android,14.5,,5.0,32.0,2.0,3200.0,150.0,2020,359,3.918203865,4.381276353
Lava,Android,12.7,5.0,0.3,8.0,0.5,3000.0,147.6,2016,704,3.509154523,4.102478062
Lenovo,Android,25.43,8.0,5.0,32.0,3.0,7000.0,520.0,2020,212,4.683426684,5.189171919
Lenovo,Android,25.43,8.0,5.0,64.0,4.0,7000.0,580.0,2019,429,5.053758638,5.768070965
Lenovo,Android,15.47,8.0,5.0,16.0,2.0,4000.0,172.0,2019,531,4.145196092,4.602165677
Lenovo,Android,20.32,13.0,5.0,16.0,2.0,5100.0,305.0,2019,233,4.515245478,5.077795376
Lenovo,Android,20.32,5.0,2.0,16.0,2.0,5000.0,305.0,2019,349,4.390366759,4.947198388
Lenovo,Android,17.78,2.0,2.0,32.0,1.0,3590.0,236.0,2019,524,3.806440243,4.595523809
Lenovo,Android,16.23,8.0,16.0,64.0,6.0,4000.0,159.0,2019,426,4.447228998,5.523818137
Lenovo,Android,16.23,8.0,32.0,128.0,6.0,4000.0,185.0,2019,401,5.347964306,5.996626203
Lenovo,Android,15.32,8.0,16.0,64.0,4.0,4050.0,164.0,2019,424,4.541058241,5.06594385
Lenovo,Android,25.43,8.0,8.0,16.0,2.0,8400.0,655.0,2016,902,4.866995844,5.188335076
LG,Android,16.59,5.0,16.0,64.0,4.0,4000.0,196.5,2020,195,4.739963282,5.595157377
LG,Android,15.44,5.0,13.0,64.0,3.0,4000.0,219.0,2020,126,4.720550337,5.296916386
LG,Others,5.28,2.0,13.0,8.0,1.0,1470.0,127.0,2020,202,3.758405517,5.021377391
LG,Android,15.44,5.0,10.0,128.0,8.0,5000.0,218.0,2020,234,5.412047757,6.768504706
LG,Android,15.44,5.0,10.0,128.0,8.0,5000.0,213.0,2020,248,4.633951987,6.550094135
LG,Android,15.37,5.0,13.0,32.0,3.0,4000.0,196.5,2020,205,4.232801305,5.483218926
LG,Android,14.5,8.0,8.0,32.0,3.0,3450.0,170.0,2020,196,4.319752215,4.862908382
LG,Android,25.43,8.0,5.0,32.0,4.0,8200.0,498.0,2019,392,5.021970804,5.832234322
LG,Android,15.34,8.0,32.0,256.0,8.0,4000.0,192.0,2019,471,5.789103535,7.003347237
LG,Android,15.34,8.0,16.0,64.0,4.0,4000.0,198.0,2019,517,4.955756633,5.772655339
LG,Android,13.84,8.0,5.0,16.0,2.0,3000.0,148.0,2019,438,4.367800927,4.93691699
LG,Android,13.84,8.0,5.0,16.0,1.0,3000.0,152.0,2019,393,4.043752776,4.635020208
LG,Android,15.27,8.0,13.0,32.0,2.0,3500.0,186.0,2019,273,4.396299294,5.080285727
LG,Android,15.37,8.0,13.0,32.0,3.0,4000.0,194.0,2019,344,4.707997496,5.301562097
LG,Android,15.8,8.0,16.0,64.0,4.0,4050.0,172.0,2019,289,4.541484634,5.24676088
LG,Android,15.9,8.0,16.0,32.0,3.0,4000.0,175.0,2019,482,4.48661185,4.86190324
LG,Android,15.72,8.0,8.0,32.0,3.0,4000.0,164.0,2019,516,4.105943698,4.692539832
LG,Android,15.29,13.0,5.0,32.0,3.0,3500.0,179.0,2019,463,4.170688129,5.297617121
LG,Android,15.29,16.0,5.0,64.0,4.0,3300.0,172.0,2018,693,4.989411658,5.701112246
LG,Android,12.83,13.0,5.0,16.0,2.0,4500.0,171.0,2018,393,4.539564429,5.194511198
LG,Android,7.62,2.0,1.3,4.0,0.5,1540.0,140.45,2014,965,3.131136911,3.931041011
Meizu,Android,15.39,,20.0,128.0,8.0,4500.0,199.0,2020,318,5.15358057,6.271536486
Meizu,Android,15.37,,16.0,128.0,6.0,4500.0,183.0,2019,348,4.74927053,5.526209625
Meizu,Android,15.37,,8.0,32.0,2.0,4000.0,184.0,2019,198,4.31935304,5.191622628
Meizu,Android,15.29,,20.0,128.0,6.0,3600.0,166.0,2019,405,4.874891933,5.832351575
Meizu,Android,15.29,,16.0,64.0,6.0,4000.0,165.0,2019,499,4.80557721,5.395625549
Meizu,Android,15.29,,20.0,128.0,6.0,3600.0,165.0,2019,226,5.218841165,6.042917829
Micromax,Android,10.16,2.0,0.3,0.5,0.25,1500.0,146.5,2014,900,3.118834471,3.891820298
Micromax,Android,7.75,0.3,0.3,0.5,0.25,1500.0,89.0,2014,757,1.572773928,3.686125666
Micromax,Android,10.03,2.0,0.3,0.2,0.25,2000.0,85.0,2013,652,3.404857342,4.268997904
Micromax,Android,10.16,2.0,0.3,16.0,4.0,2000.0,89.0,2013,1051,3.302481409,4.083957469
Micromax,Android,7.75,0.3,0.3,16.0,4.0,2000.0,89.0,2013,897,2.853015971,3.87036733
Motorola,Android,15.37,,16.0,128.0,6.0,5000.0,210.0,2020,92,5.034156489,5.697294809
Motorola,Android,15.42,,25.0,256.0,12.0,5000.0,203.0,2020,188,5.639812681,7.087982979
Nokia,Android,16.56,0.3,8.0,64.0,3.0,4000.0,200.0,2020,296,4.160756328,4.996468754
Nokia,Android,13.84,0.3,5.0,16.0,2.0,3000.0,180.0,2020,293,3.690627925,4.087487775
Nokia,Android,13.84,0.3,5.0,16.0,2.0,3000.0,180.0,2020,260,3.988243031,4.617888958
Nokia,Others,5.18,0.3,0.0,0.06,0.03,1020.0,90.5,2020,322,2.519308077,3.386422096
Nokia,Others,5.18,0.3,0.0,0.1,0.03,1020.0,91.3,2020,148,2.564949357,3.011605623
Nokia,Android,17.3,0.3,24.0,64.0,6.0,4500.0,220.0,2020,127,4.602667056,6.214388074
Nokia,Others,5.18,0.3,0.0,0.1,,1200.0,88.2,2020,327,3.062923523,3.689129423
Nokia,Others,5.18,0.3,0.0,0.1,0.03,1200.0,86.5,2019,414,2.789322921,3.684620397
OnePlus,Android,16.64,,16.0,128.0,8.0,4300.0,180.0,2020,186,5.482927968,6.605054319
OnePlus,Android,16.64,,16.0,128.0,8.0,4300.0,180.0,2020,232,5.235164552,6.478525003
OnePlus,Android,16.94,,16.0,256.0,12.0,4085.0,206.0,2019,280,5.079850363,6.685761067
OnePlus,Android,16.94,,16.0,128.0,6.0,4000.0,206.0,2019,523,5.342525621,6.684361696
Oppo,Android,16.64,,32.0,128.0,8.0,4000.0,172.0,2020,293,5.269969331,6.154454616
Oppo,Android,16.33,,32.0,128.0,8.0,4000.0,183.0,2020,281,5.047866851,5.911609322
Oppo,Android,16.69,,32.0,128.0,6.0,4000.0,184.0,2020,122,5.126045146,5.668017118
Oppo,Android,16.64,,16.0,128.0,8.0,4000.0,186.0,2020,200,5.094302196,6.254136457
Oppo,Android,15.29,,8.0,64.0,3.0,4230.0,168.0,2020,267,4.515026636,4.785907155
Oppo,Android,15.34,,32.0,128.0,8.0,4025.0,180.0,2020,218,5.307177995,5.990338914
Oppo,Android,15.34,8.0,32.0,128.0,8.0,4025.0,181.0,2019,330,4.900225013,6.085250839
Oppo,Android,15.37,8.0,8.0,128.0,4.0,4230.0,180.0,2019,277,4.514369822,5.006894974
Oppo,Android,15.34,8.0,25.0,128.0,6.0,3600.0,169.5,2019,344,5.037212309,5.638141123
Oppo,Android,15.34,8.0,32.0,128.0,4.0,4035.0,186.0,2019,463,5.093320661,5.793196518
Oppo,Android,16.59,8.0,16.0,128.0,6.0,4020.0,190.0,2019,336,5.032266314,5.56202688
Oppo,Android,15.39,8.0,16.0,256.0,8.0,4065.0,215.0,2019,232,5.598384921,6.779649143
Oppo,Android,15.27,8.0,5.0,32.0,2.0,4000.0,170.0,2019,282,4.022848561,4.61244367
Oppo,Android,15.29,13.0,8.0,32.0,3.0,4230.0,168.0,2018,587,4.273745191,5.440337627
Oppo,Android,10.29,8.0,5.0,8.0,1.0,2000.0,135.0,2015,917,4.09700768,4.991928067
Others,Android,16.43,8.0,20.0,128.0,6.0,4000.0,171.0,2019,486,4.701661486,6.803039
Realme,Android,15.37,,16.0,64.0,4.0,4300.0,191.0,2020,97,4.798514106,5.299916088
Realme,Android,15.37,,16.0,128.0,4.0,5000.0,199.0,2020,362,4.932169121,5.010768619
Realme,Android,15.37,,5.0,32.0,3.0,5000.0,195.0,2020,321,4.383151002,4.600459106
Realme,Android,15.27,,5.0,32.0,3.0,4000.0,166.0,2020,247,2.667228207,3.709906821
Realme,Android,15.27,,5.0,32.0,2.0,4000.0,166.0,2019,450,4.335720882,4.601061758
Samsung,Android,12.88,8.0,5.0,32.0,3.0,4000.0,168.0,2020,120,4.151669629,4.716979861
Samsung,Android,12.7,8.0,5.0,16.0,1.0,2600.0,154.0,2020,226,4.08142817,4.792147554
Samsung,Android,15.42,8.0,32.0,128.0,8.0,4500.0,185.0,2020,258,5.514194582,6.218878965
Samsung,Android,15.37,8.0,32.0,128.0,6.0,4500.0,187.0,2020,248,5.126282718,6.06194631
Samsung,Android,25.5,8.0,5.0,64.0,4.0,7040.0,467.0,2020,310,5.28755971,5.935528915
Samsung,Android,15.29,8.0,13.0,128.0,8.0,4000.0,168.1,2020,282,5.678498854,6.7807284
Samsung,Android,25.53,8.0,8.0,128.0,6.0,7040.0,420.0,2020,321,5.083699865,6.685673664
Samsung,Android,12.73,12.0,8.0,64.0,4.0,4500.0,256.0,2019,320,4.59036107,6.927597121
Samsung,Android,15.42,12.0,32.0,128.0,6.0,4500.0,187.0,2019,325,4.955756633,5.936110387
Samsung,Android,25.43,13.0,8.0,64.0,4.0,7600.0,653.0,2019,430,4.989071116,6.396179374
Samsung,Android,15.32,12.0,10.0,256.0,12.0,3500.0,168.0,2019,190,4.997685135,7.003628936
Samsung,Android,25.53,12.0,8.0,128.0,6.0,7040.0,420.0,2019,517,5.438209735,6.396729635
Samsung,Android,20.32,8.0,2.0,32.0,2.0,5100.0,169.0,2019,313,3.984343667,4.866148876
Samsung,Android,12.7,16.0,5.0,32.0,3.0,2800.0,172.0,2019,222,4.454579827,5.557098295
Samsung,Android,20.32,5.0,2.0,16.0,2.0,4200.0,338.0,2015,852,4.7051965,5.401640809
Others,Android,16.59,2.0,16.0,64.0,4.0,4000.0,193.0,2020,168,4.314015424,5.435990172
Others,Android,15.77,2.0,5.0,64.0,4.0,4000.0,184.7,2020,299,4.358246106,4.871219958
Others,Android,20.32,0.3,2.0,16.0,1.0,3600.0,330.0,2020,290,4.053522568,4.488411625
Others,Android,15.44,2.0,8.0,32.0,2.0,3500.0,191.6,2020,243,3.990279503,5.140434732
Others,Android,17.78,8.0,0.3,8.0,1.0,2000.0,242.0,2019,513,2.822568655,3.873905683
Others,Android,25.43,0.3,2.0,16.0,1.0,4000.0,505.2,2019,452,4.538068382,4.604770106
Others,Android,12.88,8.0,5.0,16.0,2.0,2700.0,138.0,2019,440,4.175002465,4.626050664
Others,Android,16.23,8.0,16.0,64.0,4.0,3450.0,176.6,2019,335,4.995657011,5.882458506
Others,Android,20.32,2.0,2.0,32.0,3.0,4000.0,355.0,2020,221,4.42424765,4.605969866
Others,Android,20.32,2.0,2.0,32.0,2.0,4000.0,355.0,2020,276,4.210645018,4.386640972
Others,Android,20.55,8.0,0.3,16.0,2.0,2000.0,374.0,2013,1064,4.414977735,5.63917284
Apple,Others,30.71,12.0,7.0,128.0,6.0,9720.0,641.0,2020,220,5.847392078,6.907335191
Apple,Others,27.94,12.0,7.0,128.0,6.0,5770.5,471.0,2020,248,5.691237447,6.684724221
Apple,Others,25.45,8.0,1.2,32.0,3.0,8827.0,483.0,2019,313,5.204446151,5.8518001
Apple,iOS,27.94,12.0,7.0,64.0,4.0,7812.0,468.0,2018,601,5.359835707,6.779603675
Apple,iOS,18.01,8.0,1.2,16.0,2.0,5124.0,299.0,2015,827,4.562680134,5.891809944
Asus,Android,15.24,13.0,2.0,16.0,2.0,3230.0,196.0,2014,840,4.539564429,5.307078872
Asus,Android,15.24,13.0,2.0,16.0,2.0,3300.0,196.0,2014,1073,4.327966358,5.521220889
Others,Android,15.24,8.0,8.0,32.0,1.0,2800.0,185.0,2019,513,4.304335327,4.351438553
Others,Android,12.83,8.0,8.0,32.0,1.0,2200.0,158.0,2019,213,4.170842533,4.222737777
Others,Android,12.7,5.0,5.0,32.0,1.0,3400.0,146.0,2019,184,3.764218811,3.896300045
Others,Android,10.29,5.0,0.3,4.0,0.5,1760.0,136.0,2013,1091,4.05386973,5.303901745
Others,Android,12.83,13.0,5.0,32.0,3.0,4200.0,206.5,2020,214,4.796864349,5.704815274
Others,Android,14.35,12.0,8.0,64.0,4.0,3100.0,210.0,2019,247,4.476882166,6.08201341
Coolpad,Android,16.59,,16.0,64.0,4.0,4000.0,195.0,2020,252,5.174226981,5.885464938
Coolpad,Android,16.15,,13.0,32.0,3.0,4000.0,170.0,2019,342,4.588329169,5.085186025
Acer,Android,25.43,5.0,2.0,16.0,1.0,2700.0,508.0,2014,578,4.836599317,5.257755755
Acer,Android,25.43,5.0,2.0,32.0,2.0,2700.0,508.0,2014,918,4.691072615,5.438296677
Alcatel,Others,5.18,2.0,5.0,4.0,0.5,3230.0,90.0,2019,356,3.247268899,3.918998619
Alcatel,Android,17.78,5.0,2.0,8.0,1.0,3240.0,295.1,2016,662,4.182202803,4.867688285
Alcatel,Android,20.32,0.3,0.3,16.0,0.5,3240.0,325.0,2014,1050,3.848230872,4.600860914
Alcatel,Android,17.78,3.0,0.3,4.0,1.0,3240.0,279.0,2014,1046,4.46326094,5.253372301
Alcatel,Android,17.78,0.3,0.3,16.0,0.5,2840.0,285.0,2014,770,3.713572067,4.39592954
Alcatel,Android,17.78,2.0,0.3,4.0,1.0,3240.0,285.0,2014,759,3.989354348,5.080410082
Alcatel,Android,17.78,0.3,0.3,4.0,1.0,1800.0,390.0,2013,1041,4.307303088,4.604169686
Alcatel,Android,17.78,3.0,0.3,4.0,1.0,1800.0,350.0,2013,932,4.432244351,4.949823155
Alcatel,Android,20.32,2.0,0.3,8.0,1.0,1800.0,400.0,2013,836,4.357990057,4.941285216
Alcatel,Android,17.78,0.3,0.3,4.0,1.0,3240.0,350.0,2013,737,4.124226937,4.609859175
Alcatel,Android,17.78,2.0,0.3,8.0,1.0,3300.0,350.0,2013,1057,4.129550818,4.709800435
Alcatel,Android,16.56,5.0,8.0,64.0,4.0,4000.0,178.0,2019,187,4.297149343,5.016020766
Alcatel,Android,12.83,5.0,5.0,16.0,1.0,2460.0,153.2,2019,473,3.78487122,4.404154987
Alcatel,Android,20.32,5.0,2.0,16.0,1.0,4080.0,279.0,2018,726,4.363862664,4.944851554
Acer,Others,23.04,5.0,2.0,32.0,4.0,4500.0,544.3,2018,699,5.066006927,5.793988743
Acer,Android,17.78,13.0,2.0,16.0,4.0,3400.0,260.0,2016,1085,4.632298853,5.128951521
Acer,Android,12.83,13.0,5.0,32.0,4.0,4080.0,169.0,2016,1079,4.710160633,5.52684639
Acer,Android,12.7,8.0,2.0,32.0,4.0,2000.0,126.0,2016,617,3.781686504,4.784737955
Acer,Android,25.43,5.0,2.0,16.0,4.0,6100.0,147.5,2016,570,4.337682821,5.439773525
Acer,Android,12.83,13.0,13.0,32.0,4.0,4020.0,166.0,2015,714,4.368307963,5.434376811
Acer,Android,12.83,13.0,5.0,16.0,4.0,5000.0,147.5,2016,549,4.430935839,5.303304908
Acer,Android,12.7,8.0,5.0,32.0,4.0,2000.0,125.0,2016,893,4.070564034,4.69701984
Acer,Android,20.32,5.0,2.0,32.0,4.0,4420.0,353.8,2015,767,4.998832582,5.862095907
Acer,Windows,12.83,21.0,8.0,32.0,4.0,2870.0,150.0,2015,824,4.590969837,5.391215549
Acer,Android,10.29,5.0,5.0,32.0,4.0,2000.0,142.0,2015,988,3.781686504,4.710610698
Acer,Android,10.29,5.0,2.0,32.0,4.0,2000.0,142.0,2015,961,3.616577542,4.507226542
Acer,Android,12.83,8.0,8.0,32.0,4.0,4000.0,165.0,2015,942,4.556295018,5.294710871
Acer,Android,12.7,8.0,8.0,32.0,4.0,2420.0,145.0,2015,874,4.354141431,5.017941869
Acer,Android,25.43,5.0,2.0,16.0,4.0,5910.0,540.0,2015,899,4.624188192,5.517854422
Acer,Android,20.32,5.0,0.3,16.0,4.0,4550.0,355.0,2015,994,4.226687749,5.188390887
Acer,Android,12.7,13.0,5.0,32.0,4.0,2300.0,110.0,2015,592,4.488524004,5.301910902
Acer,Android,12.7,8.0,2.0,32.0,4.0,2000.0,118.0,2015,934,3.721104601,4.862676516
Acer,Android,10.16,5.0,2.0,32.0,4.0,1300.0,120.0,2015,603,3.89914038,4.493232533
Acer,Windows,10.16,5.0,2.0,16.0,4.0,1300.0,119.0,2015,697,3.755369195,4.377767578
Acer,Android,10.29,5.0,2.0,32.0,4.0,2000.0,145.0,2015,1044,3.642049867,4.859812404
Acer,Android,12.7,13.0,5.0,16.0,4.0,2300.0,116.0,2014,579,4.028916757,5.303503893
Acer,Android,12.7,8.0,2.0,16.0,4.0,2000.0,150.0,2014,569,4.348728349,5.014693714
Acer,Android,12.88,13.0,2.0,16.0,4.0,2700.0,164.0,2014,723,4.342375829,5.560412364
Acer,Android,12.7,13.0,2.0,32.0,4.0,2100.0,110.0,2014,899,4.154969184,5.192345553
Acer,Android,12.7,8.0,2.0,16.0,4.0,3500.0,155.0,2014,886,4.405010471,5.300564839
Acer,Android,12.7,8.0,2.0,16.0,4.0,2500.0,155.0,2014,936,4.49903159,5.307128435
Acer,Android,10.16,2.0,2.0,16.0,4.0,1300.0,130.0,2014,685,3.840312158,4.509429914
Acer,Android,20.32,5.0,2.0,16.0,4.0,4600.0,360.0,2014,611,4.66334475,5.29576411
Acer,Android,17.78,2.0,0.3,16.0,4.0,3400.0,298.0,2014,920,4.094344562,4.707546253
Acer,Android,17.78,5.0,0.3,16.0,4.0,3400.0,298.0,2014,1007,4.063369758,5.009834974
Acer,Android,17.78,5.0,0.3,32.0,4.0,3700.0,159.5,2014,724,4.065945088,4.497584975
Acer,Android,10.34,13.0,2.0,16.0,4.0,2500.0,134.0,2014,642,4.294424174,5.307623926
Acer,Android,10.16,5.0,1.3,16.0,4.0,1630.0,122.0,2014,719,3.63758616,4.600961341
Acer,Android,17.78,0.3,2.0,16.0,4.0,2955.0,323.0,2014,1082,4.405254761,4.863835309
Acer,Android,17.78,0.3,2.0,32.0,4.0,2955.0,315.0,2014,690,4.040943785,4.585477553
Acer,Android,18.01,5.0,2.0,16.0,4.0,4000.0,380.0,2014,801,4.433788569,4.856706812
Acer,Android,12.7,5.0,0.3,16.0,4.0,2000.0,150.0,2014,1015,3.470723444,5.138441999
Acer,Android,15.24,13.0,2.0,16.0,4.0,3300.0,229.0,2013,635,4.631617356,5.826914144
Acer,Android,7.75,3.15,0.3,16.0,4.0,1500.0,120.0,2013,901,3.041661205,4.610356713
Acer,Android,12.88,8.0,2.0,32.0,4.0,2400.0,195.0,2013,946,4.060270582,5.764846216
Acer,Android,25.43,5.0,0.3,16.0,4.0,7300.0,560.0,2013,656,4.611549793,5.242963206
Acer,Android,18.01,5.0,0.3,32.0,4.0,4960.0,410.0,2013,905,4.513712575,4.793059547
Acer,Android,10.29,8.0,2.0,16.0,4.0,2000.0,140.0,2013,562,4.254193263,5.201035244
Acer,Android,7.75,3.0,0.3,16.0,4.0,1300.0,110.0,2013,942,3.485844856,4.611052849
Acer,Android,10.24,8.0,0.3,16.0,4.0,2000.0,140.0,2013,761,4.343805422,5.199601394
Acer,Android,10.29,5.0,0.3,16.0,4.0,1760.0,130.0,2013,825,3.757238792,5.145748768
Acer,Android,17.78,0.3,0.3,32.0,4.0,2640.0,339.9,2013,558,4.126004715,4.709890497
Acer,Android,17.78,0.3,0.3,32.0,4.0,2710.0,320.0,2013,592,4.291965156,4.595927605
Alcatel,Android,12.83,5.0,5.0,16.0,4.0,3230.0,130.0,2019,302,3.832763324,4.786574656
Alcatel,Android,12.7,5.0,2.0,32.0,4.0,3230.0,148.0,2019,211,3.997650091,4.257454983
Alcatel,Android,15.29,8.0,8.0,32.0,4.0,4000.0,158.0,2018,670,4.065945088,5.190676475
Alcatel,Android,12.88,12.0,5.0,32.0,4.0,3000.0,144.0,2018,591,4.721885986,5.440033919
Alcatel,Android,15.24,8.0,5.0,16.0,4.0,3000.0,155.0,2018,586,3.952588967,5.065249734
Alcatel,Android,12.83,13.0,5.0,16.0,4.0,3000.0,145.0,2018,538,4.537961436,5.130904126
Alcatel,Android,12.78,8.0,5.0,16.0,4.0,3000.0,151.0,2018,600,4.105119635,4.61045619
Alcatel,Android,15.24,8.0,5.0,16.0,4.0,3000.0,169.0,2018,707,4.428074948,4.850153504
Alcatel,Android,25.43,2.0,2.0,16.0,4.0,4000.0,415.0,2018,636,4.338727617,4.594008121
Alcatel,Android,17.78,2.0,0.3,32.0,4.0,2580.0,245.0,2018,564,4.013857311,4.248209487
Alcatel,Android,12.75,12.0,8.0,32.0,4.0,2850.0,147.0,2017,716,4.560800238,4.929280615
Alcatel,Android,12.75,13.0,5.0,16.0,4.0,2800.0,155.0,2017,751,4.284689402,4.787991618
Alcatel,Android,15.24,12.0,5.0,32.0,4.0,4000.0,175.0,2017,823,4.6404408,5.557599964
Alcatel,Android,12.83,16.0,8.0,32.0,4.0,4000.0,164.0,2017,839,4.651767471,5.24549659
Alcatel,Android,12.7,5.0,2.0,32.0,4.0,2050.0,159.5,2017,687,3.934371409,4.6025668
Alcatel,Android,12.75,8.0,5.0,32.0,4.0,2800.0,159.5,2017,619,4.410614092,5.299266916
Alcatel,Android,12.7,13.0,5.0,16.0,4.0,2460.0,159.5,2017,866,4.371218436,5.006894974
Alcatel,Android,15.24,8.0,5.0,32.0,4.0,3000.0,159.5,2017,884,4.543720224,5.193456726
Alcatel,Android,12.7,13.0,5.0,16.0,4.0,2460.0,156.0,2016,754,4.07973841,5.295312858
Alcatel,Android,12.83,8.0,5.0,16.0,4.0,2500.0,163.9,2016,1063,3.998567607,4.389002248
Alcatel,Android,12.7,13.0,5.0,16.0,4.0,2150.0,140.0,2015,769,4.632396172,5.306731865
Alcatel,Android,12.7,8.0,5.0,32.0,4.0,2000.0,148.0,2016,989,3.013572192,4.097672352
Alcatel,Android,12.83,13.0,5.0,32.0,4.0,3000.0,159.95,2016,811,4.332442405,4.942855972
Alcatel,Android,12.83,13.0,5.0,16.0,4.0,2960.0,159.95,2016,911,4.390118805,5.002871903
Alcatel,Android,12.83,8.0,5.0,16.0,4.0,2500.0,159.95,2016,987,4.026422546,4.706733501
Alcatel,Android,12.7,8.0,5.0,32.0,4.0,2500.0,159.95,2016,649,3.999484281,4.372481222
Alcatel,Android,12.83,16.0,8.0,32.0,4.0,3000.0,149.0,2016,1006,4.555664766,5.389938934
Alcatel,Android,12.75,13.0,8.0,16.0,4.0,2610.0,135.0,2016,708,4.351180755,5.301113454
Alcatel,Android,17.78,2.0,0.3,32.0,4.0,2580.0,159.95,2016,813,3.850360345,4.384274107
Alcatel,Android,15.24,13.0,8.0,32.0,4.0,2580.0,179.0,2016,770,4.268717949,4.796699224
Alcatel,Android,15.24,8.0,5.0,32.0,4.0,2580.0,159.95,2016,780,4.35850209,4.619467491
Alcatel,Android,10.16,2.0,0.3,16.0,4.0,1500.0,159.95,2016,893,3.674526948,4.085303818
Alcatel,Android,12.83,5.0,2.0,32.0,4.0,2580.0,174.0,2016,622,4.138999203,4.78857449
Alcatel,Android,12.83,8.0,2.0,16.0,4.0,2500.0,173.0,2015,1040,4.129550818,4.880982086
Alcatel,Android,12.7,13.0,5.0,16.0,4.0,3000.0,140.0,2015,566,4.288539792,5.441161511
Alcatel,Android,12.83,13.0,8.0,16.0,4.0,3500.0,147.0,2015,1041,4.475744639,4.862908382
Alcatel,Android,10.29,5.0,0.3,16.0,4.0,2000.0,144.9,2015,562,3.955465563,4.872445449
Alcatel,Android,12.83,13.0,8.0,16.0,4.0,2910.0,141.0,2015,1073,4.261552481,5.527085073
Alcatel,Android,10.34,13.0,5.0,32.0,4.0,2000.0,110.0,2015,736,4.577593418,5.306384738
Alcatel,Android,12.83,5.0,2.0,32.0,4.0,2800.0,142.95,2015,658,4.135806352,4.780718858
Alcatel,Android,20.32,2.0,0.3,16.0,4.0,3240.0,335.0,2015,686,4.385894146,4.602667056
Alcatel,Android,17.78,2.0,0.3,16.0,4.0,2820.0,260.0,2015,893,4.244917421,4.870453263
Alcatel,Android,17.78,2.0,0.3,16.0,4.0,2820.0,260.0,2015,917,4.097340071,4.602265973
Alcatel,Android,17.78,2.0,0.3,16.0,4.0,2820.0,260.0,2015,976,3.974246349,4.377139713
Alcatel,Android,23.01,5.0,2.0,32.0,4.0,4600.0,380.0,2015,713,4.911404104,5.524177225
Alcatel,Android,12.7,5.0,2.0,16.0,4.0,2820.0,142.95,2015,732,3.961955374,4.377642036
Alcatel,Android,10.29,5.0,0.3,16.0,4.0,2820.0,125.0,2015,629,3.341801172,4.064057161
Alcatel,Android,10.16,2.0,0.3,16.0,4.0,2820.0,110.0,2015,1092,3.021887231,3.919197209
Alcatel,Others,7.75,2.0,0.3,512.0,0.25,2820.0,98.0,2015,786,2.863343086,3.67832394
Alcatel,Android,10.16,5.0,0.3,16.0,4.0,1400.0,114.0,2014,829,3.927699485,4.86190324
Alcatel,Android,7.75,2.0,0.3,16.0,4.0,1300.0,101.0,2014,803,3.539508997,4.362206507
Alcatel,Android,12.7,5.0,0.3,16.0,4.0,2000.0,149.0,2014,702,3.586292865,4.795873187
Alcatel,Others,7.75,1.3,0.3,256.0,0.25,1000.0,93.0,2014,672,2.506341931,3.323956301
Alcatel,Android,10.29,5.0,0.3,32.0,4.0,2000.0,147.0,2014,929,3.90499839,5.183467525
Alcatel,Android,10.29,5.0,0.3,32.0,4.0,2000.0,147.0,2014,658,4.160912273,4.865378281
Alcatel,Android,12.7,5.0,0.3,16.0,4.0,2000.0,149.1,2014,718,3.927305629,4.51338379
Alcatel,Android,10.16,5.0,0.3,16.0,4.0,1400.0,121.1,2014,969,3.645449896,4.115942962
Alcatel,Android,20.32,5.0,3.0,32.0,4.0,4100.0,327.0,2014,794,4.596230344,5.516850305
Alcatel,Android,20.32,5.0,2.0,32.0,4.0,4060.0,310.0,2014,892,4.554718642,5.634146539
Alcatel,Android,15.24,13.1,5.0,16.0,4.0,3100.0,175.0,2014,654,4.536248741,6.127938481
Alcatel,Android,7.75,2.0,0.3,16.0,4.0,1300.0,100.0,2014,921,2.779440197,4.394572604
Alcatel,Android,10.29,5.0,0.3,16.0,4.0,1800.0,150.0,2014,632,3.921775297,4.590259573
Alcatel,Android,10.16,3.15,0.3,16.0,4.0,1300.0,116.0,2014,867,3.385745277,3.685373315
Alcatel,Others,5.28,3.15,0.3,16.0,4.0,750.0,98.0,2014,1029,3.314549575,3.932413695
Alcatel,Others,5.18,2.0,0.3,128.0,0.25,750.0,95.0,2014,787,3.601413428,3.907613297
Alcatel,Others,5.18,0.3,0.3,16.0,0.25,850.0,77.9,2014,809,1.617406082,3.371768571
Alcatel,Others,5.18,2.0,0.3,128.0,4.0,850.0,85.0,2014,656,2.335052283,3.01406323
Alcatel,Android,12.93,8.0,2.0,32.0,4.0,3400.0,182.0,2014,578,4.742755849,5.637820719
Alcatel,Android,12.7,5.0,0.3,16.0,4.0,3000.0,162.0,2014,753,4.162781724,4.940641922
Alcatel,Android,10.16,5.0,0.3,16.0,4.0,2000.0,130.0,2014,951,3.56671182,4.799008503
Alcatel,Others,17.78,0.3,0.3,16.0,4.0,2000.0,285.0,2014,701,3.994708372,4.38887811
Alcatel,Others,10.29,5.0,0.3,16.0,4.0,1700.0,103.0,2014,955,3.268808194,4.224787858
Alcatel,Others,7.75,0.3,0.3,16.0,4.0,1300.0,100.0,2014,785,3.02431973,3.525183361
Alcatel,Android,12.7,8.0,1.3,32.0,4.0,2150.0,126.0,2014,653,4.411706789,5.637108341
Alcatel,Android,12.7,8.0,2.0,32.0,4.0,2000.0,128.0,2014,834,3.943134,5.298867215
Alcatel,Android,10.29,8.0,2.0,16.0,4.0,2000.0,116.0,2014,568,4.222884351,5.291292752
Alcatel,Android,10.29,8.0,0.3,16.0,4.0,1700.0,110.0,2014,571,3.998384171,5.07567369
Alcatel,Others,5.18,2.0,0.3,16.0,4.0,1000.0,89.0,2013,606,2.83085763,4.104954741
Alcatel,Android,12.7,13.1,2.0,16.0,4.0,2500.0,125.0,2014,540,4.004055091,5.671155972
Alcatel,Android,12.83,8.0,2.0,16.0,4.0,2500.0,189.0,2014,906,4.234251422,4.954770161
Alcatel,Android,10.29,5.0,0.3,16.0,4.0,1800.0,130.0,2013,967,3.715277928,4.701752284
Alcatel,Android,10.16,5.0,0.3,16.0,4.0,1400.0,136.5,2013,904,3.711618941,4.255754544
Alcatel,Android,12.7,5.0,0.3,16.0,4.0,1800.0,162.0,2013,684,3.912422925,4.870376562
Alcatel,Android,10.29,5.0,0.3,16.0,4.0,1800.0,157.0,2013,921,3.937495801,4.60366906
Alcatel,Android,10.16,5.0,0.3,16.0,4.0,1300.0,110.0,2013,764,3.557346064,4.3797741
Alcatel,Android,7.75,2.0,0.3,16.0,4.0,1300.0,100.0,2013,837,3.215670694,4.264087337
Alcatel,Android,10.34,13.0,1.3,16.0,4.0,2000.0,117.4,2013,692,4.793805105,5.888268354
Alcatel,Android,15.24,13.0,2.0,32.0,4.0,3400.0,177.6,2013,817,4.55744945,5.911798852
Alcatel,Android,10.34,8.0,1.3,16.0,4.0,2000.0,110.0,2013,586,3.643620548,5.068212139
Alcatel,Android,10.24,5.0,0.3,16.0,4.0,1700.0,96.0,2013,831,3.156148995,4.866995844
Alcatel,Android,7.75,2.0,0.3,512.0,0.25,1300.0,118.0,2013,858,2.842581094,3.934957977
Alcatel,Android,12.7,13.1,2.1,32.0,4.0,2000.0,130.0,2013,608,4.674696249,5.913421921
Alcatel,Others,7.75,3.15,0.3,16.0,0.25,1400.0,108.0,2013,858,3.526654599,4.801969762
Alcatel,Android,10.16,5.0,0.3,16.0,4.0,1500.0,119.5,2013,1084,3.609294975,5.390075792
Alcatel,Android,12.7,5.0,0.3,16.0,4.0,2500.0,163.0,2013,789,3.667144962,5.136621628
Alcatel,Android,11.81,8.0,1.3,16.0,4.0,1800.0,115.0,2013,585,3.54702783,5.589044797
Alcatel,Android,11.84,8.0,2.0,16.0,4.0,1800.0,109.0,2013,898,3.996731733,5.435467205
Alcatel,Android,7.75,2.0,0.3,512.0,0.25,1400.0,118.0,2013,911,3.63968921,4.602065371
Alcatel,Android,7.75,3.15,0.3,16.0,4.0,1400.0,122.0,2013,597,3.387774361,4.610257225
Alcatel,Android,10.16,5.0,0.3,16.0,4.0,1400.0,136.5,2013,900,3.756538103,4.953782716
Alcatel,Android,10.29,5.0,0.3,16.0,4.0,1800.0,139.0,2013,573,4.123093976,5.010835274
Alcatel,Android,12.7,8.0,1.3,16.0,4.0,2500.0,135.0,2013,1042,4.234541193,5.862067454
Alcatel,Android,12.7,12.0,1.0,16.0,4.0,2500.0,130.0,2013,733,4.812997033,6.430783428
Alcatel,Android,12.7,8.0,0.3,16.0,4.0,2500.0,135.0,2013,847,4.365643155,5.398117452
Others,Android,15.29,12.0,8.0,32.0,4.0,4000.0,168.0,2018,396,4.491441421,5.391488897
Others,Android,15.29,12.0,16.0,32.0,4.0,3000.0,210.0,2018,616,4.930870326,5.803265753
Others,Android,15.24,13.0,13.0,64.0,4.0,3050.0,156.0,2017,681,5.185540529,6.106866974
Others,Android,12.83,13.0,13.0,32.0,4.0,3000.0,143.6,2018,492,4.829273277,5.395897695
Others,Android,12.7,8.0,8.0,16.0,4.0,2500.0,145.0,2017,683,4.050044303,5.00428182
Others,Android,12.83,13.0,13.0,64.0,4.0,3000.0,167.5,2017,825,5.181839728,6.039015849
Others,Android,12.83,16.0,8.0,64.0,4.0,3000.0,144.0,2016,601,4.863758098,6.105997864
Others,Android,15.24,13.0,5.0,64.0,4.0,5020.0,209.8,2016,636,4.617395156,6.039015849
Others,Android,12.83,13.0,5.0,32.0,4.0,3150.0,147.6,2016,1046,4.534425781,5.704948461
Others,Android,12.7,13.0,5.0,16.0,4.0,2350.0,128.0,2015,725,4.628984364,5.297967305
Others,Android,12.7,13.0,5.0,16.0,4.0,2350.0,128.0,2015,636,4.323205074,5.185428584
Others,Android,12.7,8.0,5.0,16.0,4.0,2400.0,137.0,2015,1048,4.072439727,5.084319367
Others,Android,12.83,13.0,5.0,16.0,4.0,3150.0,155.3,2015,879,4.649952329,5.704915166
Others,Android,12.83,13.0,5.0,16.0,4.0,3150.0,155.3,2015,816,4.277915338,5.525492779
Others,Android,10.34,8.0,5.0,16.0,4.0,2000.0,143.0,2015,1044,3.860519163,5.302259586
Others,Android,12.7,5.0,2.0,16.0,4.0,2000.0,153.0,2015,580,3.663561646,4.781976562
Others,Android,12.7,8.0,5.0,16.0,4.0,4000.0,200.0,2016,1050,4.052654135,5.124261554
Others,Android,10.29,5.0,0.3,32.0,4.0,1700.0,118.5,2016,650,3.529004086,4.860432367
Others,Android,12.7,8.0,5.0,32.0,4.0,3140.0,154.0,2015,974,3.983971505,4.617395156
Others,Android,12.83,13.0,5.0,16.0,4.0,6000.0,212.0,2015,1042,4.720550337,5.700276335
Others,Android,10.29,5.0,2.0,16.0,4.0,4000.0,156.5,2015,672,3.716737782,4.947482479
Others,Android,12.7,13.0,5.0,16.0,4.0,2100.0,130.0,2015,805,4.308110952,5.478094021
Others,Android,10.29,8.0,2.0,32.0,4.0,1850.0,135.5,2015,664,4.266756065,4.944424264
Others,Android,15.24,24.0,8.0,64.0,4.0,3500.0,204.4,2015,924,5.053439323,6.19068419
Others,Android,10.16,3.15,0.3,16.0,4.0,1400.0,118.5,2014,758,3.564449376,4.396545721
Others,Android,10.29,5.0,0.3,32.0,4.0,1800.0,150.0,2014,945,3.664074335,4.941356667
Others,Android,10.16,3.15,0.3,16.0,4.0,1350.0,119.8,2014,1047,3.268808194,4.509649984
Others,Android,12.7,8.0,2.0,32.0,4.0,1920.0,149.7,2014,614,3.809103951,5.438905055
Others,Android,12.83,8.0,2.0,32.0,4.0,2400.0,146.4,2014,689,3.957760897,5.441551535
Others,Android,10.34,16.0,4.0,16.0,4.0,2200.0,139.2,2014,786,4.326249619,5.703449086
Others,Android,10.36,8.0,5.0,16.0,4.0,2050.0,97.0,2014,957,3.852485293,5.441291535
Others,Windows,10.16,5.0,0.3,16.0,4.0,1420.0,110.0,2014,706,3.276389731,4.482889551
Others,Windows,12.7,8.0,2.0,32.0,4.0,2000.0,156.2,2014,643,3.89324785,5.12942523
Others,Windows,10.34,8.0,2.0,32.0,4.0,1750.0,98.9,2014,1085,3.971988587,5.079725939
Others,Android,10.16,5.0,0.3,16.0,4.0,1500.0,118.7,2014,635,3.462292481,4.867226711
Others,Android,12.7,13.0,5.0,16.0,4.0,2300.0,129.0,2014,965,4.421728002,5.828268918
Others,Android,10.34,13.0,2.0,16.0,4.0,2100.0,143.1,2014,739,4.414009681,5.669260041
Others,Android,12.83,16.0,8.0,32.0,4.0,2500.0,150.5,2014,609,5.009301071,6.153795959
Others,Android,12.7,13.0,5.0,16.0,4.0,2500.0,143.5,2014,563,4.045504397,5.734667258
Others,Android,17.78,0.3,0.3,32.0,4.0,3000.0,402.0,2013,646,4.378144107,4.505460342
Others,Android,23.04,2.0,0.3,32.0,4.0,8000.0,645.4,2013,579,4.829992328,5.06940722
Others,Android,17.78,0.3,0.3,32.0,4.0,3000.0,282.0,2013,571,3.880738715,4.242620879
Others,Android,20.32,2.0,0.3,32.0,4.0,4400.0,472.4,2013,833,4.629472479,4.795625243
Others,Android,17.78,0.3,0.3,32.0,4.0,3000.0,289.0,2013,578,4.197953545,4.395312979
Others,Android,18.01,5.0,2.0,32.0,4.0,4000.0,374.0,2013,724,4.292375413,5.241217775
Others,Android,18.01,5.0,0.3,32.0,4.0,4000.0,357.0,2013,960,4.324662317,5.016219672
Others,Others,5.18,0.08,2.0,16.0,4.0,1000.0,80.0,2014,1008,2.630448955,2.942331497
Others,Android,11.81,8.0,1.0,16.0,4.0,2100.0,131.9,2014,556,4.338988645,5.396940235
Others,Android,10.24,5.0,0.3,16.0,4.0,1700.0,153.7,2014,1048,3.568969157,4.852811209
Others,Android,11.76,5.0,0.3,16.0,4.0,1700.0,147.7,2013,661,3.655064106,5.0681492
Others,Android,10.29,8.0,2.0,16.0,4.0,3000.0,147.7,2013,783,4.137563681,5.596531284
Others,Android,12.7,13.0,5.0,32.0,4.0,2000.0,129.4,2013,998,4.589447226,5.885631698
Others,Android,7.75,2.0,0.3,16.0,4.0,1200.0,110.6,2013,695,3.360028105,4.399620943
Others,Android,10.16,3.15,0.3,16.0,4.0,1700.0,137.7,2013,1091,3.510350696,4.614129927
Others,Android,10.29,5.0,0.3,16.0,4.0,1800.0,142.0,2013,1085,3.743841012,4.800572482
Others,Android,10.34,8.0,2.0,32.0,4.0,1800.0,143.0,2014,617,4.34549231,5.304349139
Others,Android,10.34,8.0,2.0,16.0,4.0,1800.0,124.9,2013,601,3.606584211,5.436861176
Others,Android,12.78,8.0,1.0,16.0,4.0,3000.0,176.9,2013,1088,4.033000932,5.436904706
Others,Others,5.28,2.0,0.3,16.0,4.0,1280.0,113.6,2013,1046,2.915606229,3.047850228
Others,Android,7.75,2.0,0.3,512.0,0.25,1500.0,122.7,2013,977,3.314549575,4.249066507
Others,Android,10.29,8.0,1.0,16.0,4.0,2100.0,140.7,2013,822,4.035478809,5.134856817
Others,Android,25.43,2.0,0.3,32.0,4.0,3830.0,500.0,2017,878,4.672641901,5.127884854
Others,Android,20.32,2.0,0.3,16.0,4.0,3210.0,369.0,2017,790,4.154655409,4.699479865
Others,Android,17.78,2.0,0.3,32.0,4.0,2980.0,295.0,2017,552,4.082777926,4.207822046
Others,Android,17.78,2.0,0.3,32.0,4.0,2980.0,313.0,2015,821,2.888147063,3.925728652
Others,Android,17.78,2.0,0.3,32.0,4.0,2100.0,337.0,2014,925,4.157319361,4.784737955
Others,Android,15.24,2.0,0.3,32.0,4.0,2100.0,290.0,2014,1032,3.998751009,4.514698283
Others,Others,10.34,13.0,2.1,32.0,4.0,2400.0,160.0,2014,988,4.216857137,5.068589687
Others,Android,17.78,1.3,0.3,16.0,4.0,2000.0,303.0,2013,1016,3.925728652,5.137679021
Others,Android,17.78,5.0,0.3,32.0,4.0,2000.0,345.0,2013,836,4.261693475,4.585987367
Apple,iOS,25.53,8.0,7.0,64.0,4.0,3969.0,456.0,2019,496,4.937060513,6.310081901
Apple,iOS,18.01,8.0,7.0,64.0,4.0,5124.0,300.5,2019,250,4.794632851,6.110158279
Apple,iOS,30.71,12.0,7.0,1024.0,4.0,9720.0,631.0,2018,543,5.808022363,7.003846972
Apple,iOS,27.94,12.0,7.0,1024.0,4.0,7812.0,468.0,2018,525,6.158968531,6.778898657
Apple,iOS,15.37,12.0,7.0,64.0,4.0,3174.0,208.0,2018,583,5.57059388,7.131154798
Apple,iOS,12.9,12.0,7.0,64.0,4.0,2658.0,177.0,2018,641,5.583458714,7.047795444
Apple,iOS,15.27,12.0,7.0,64.0,4.0,2942.0,194.0,2018,673,5.492649836,6.74521282
Apple,iOS,23.04,8.0,1.2,32.0,4.0,5493.0,469.0,2018,673,4.923478452,5.859075359
Apple,iOS,12.9,12.0,7.0,64.0,4.0,2716.0,174.0,2017,629,4.522114611,6.906754779
Apple,iOS,12.83,12.0,7.0,64.0,4.0,2691.0,202.0,2017,815,5.175414999,6.644830858
Apple,iOS,10.34,12.0,7.0,64.0,4.0,1821.0,148.0,2017,604,5.120684799,6.554659636
Apple,iOS,30.71,12.0,7.0,64.0,4.0,2256.0,677.0,2017,541,5.759185645,6.803094518
Apple,iOS,25.53,12.0,7.0,64.0,4.0,8134.0,469.0,2017,629,5.2907891,6.594071404
Apple,iOS,23.04,8.0,1.2,32.0,4.0,8827.0,469.0,2017,578,4.669458676,5.966505649
Apple,iOS,12.83,12.0,7.0,32.0,4.0,2900.0,188.0,2016,833,4.750568389,6.534979989
Apple,iOS,10.34,12.0,7.0,32.0,4.0,1960.0,138.0,2016,1026,4.68111219,6.309081565
Apple,iOS,23.04,12.0,5.0,32.0,4.0,7306.0,437.0,2016,704,5.37347122,6.535546014
Apple,iOS,10.16,12.0,1.2,16.0,4.0,1624.0,113.0,2016,894,4.437461342,5.707840895
Apple,iOS,12.83,12.0,5.0,16.0,4.0,2750.0,192.0,2015,667,4.633077139,6.152605027
Apple,iOS,10.34,12.0,5.0,16.0,4.0,1715.0,143.0,2015,778,5.170370352,6.217503902
Apple,iOS,30.71,8.0,1.2,32.0,4.0,3937.0,713.0,2015,572,5.558872303,6.744671484
Apple,iOS,18.01,8.0,1.2,16.0,4.0,5124.0,299.0,2015,547,4.463145686,5.886187361
Apple,iOS,23.04,8.0,1.2,16.0,4.0,7340.0,437.0,2014,914,4.591983624,6.086706543
Apple,iOS,18.01,5.0,1.2,16.0,4.0,6470.0,331.0,2014,719,4.37298589,5.991739509
Apple,iOS,12.83,8.0,1.2,16.0,4.0,2915.0,172.0,2014,1082,4.25177557,6.040944949
Apple,iOS,10.34,8.0,1.2,16.0,4.0,1810.0,129.0,2014,877,3.93064847,5.890262042
Apple,iOS,23.04,5.0,1.2,16.0,4.0,8600.0,469.0,2013,995,4.628398312,5.857075644
Apple,iOS,18.01,5.0,1.2,16.0,4.0,6470.0,331.0,2013,945,4.42208834,5.601417468
Apple,iOS,10.16,8.0,1.2,16.0,4.0,1560.0,112.0,2013,1070,3.879706404,5.800031607
Apple,iOS,10.16,8.0,1.2,32.0,4.0,1510.0,132.0,2013,712,4.666359354,5.703148941
Others,Android,16.23,8.0,16.0,128.0,4.0,3400.0,166.0,2019,399,4.573576314,5.696824994
Others,Android,17.4,8.0,5.0,32.0,4.0,5000.0,214.0,2019,317,4.411828126,5.016948656
Others,Android,15.9,8.0,5.0,64.0,4.0,3000.0,162.0,2019,257,4.289637185,4.863680881
Others,Android,14.5,8.0,5.0,32.0,4.0,2800.0,150.0,2019,499,4.332573751,4.605370166
Others,Android,12.7,8.0,2.0,16.0,4.0,4000.0,210.0,2018,516,3.976686519,5.002132582
Others,Android,14.55,13.0,5.0,128.0,4.0,3100.0,170.0,2017,635,4.687303016,5.704715373
Others,Android,12.75,13.0,16.0,128.0,4.0,3000.0,155.0,2017,783,5.257599533,5.991739509
Others,Android,25.43,13.0,5.0,64.0,4.0,6600.0,510.0,2017,727,5.225854195,5.70388247
Others,Android,12.75,13.0,16.0,64.0,4.0,2950.0,155.0,2017,769,5.050881123,5.857561657
Others,Android,12.75,8.0,5.0,16.0,4.0,3000.0,130.0,2017,665,4.11038194,5.525652122
Others,Android,12.83,13.0,5.0,32.0,4.0,3000.0,167.5,2017,604,4.244056835,5.303155643
Others,Android,12.7,8.0,3.0,32.0,4.0,3500.0,223.0,2017,669,4.42604352,5.140083361
Others,Android,12.83,13.0,5.0,16.0,4.0,3000.0,167.5,2017,624,4.616209033,5.21123326
Others,Android,12.7,13.0,5.0,16.0,4.0,2400.0,160.0,2017,773,4.322409318,4.862908382
Others,Android,12.83,20.7,8.0,64.0,4.0,2950.0,193.0,2016,608,4.824225391,5.519939761
Others,Android,12.7,13.0,5.0,32.0,4.0,2100.0,154.0,2015,594,4.231784971,4.934401988
Others,Android,12.7,8.0,2.0,32.0,4.0,2000.0,160.0,2014,565,4.306494572,5.013564334
Others,Android,12.7,16.0,8.0,16.0,4.0,2700.0,142.0,2014,1007,4.322939892,5.294861402
Others,Windows,10.16,5.0,2.0,16.0,4.0,1700.0,150.0,2014,951,3.658162481,4.347693956
Others,Android,20.32,5.0,2.0,32.0,4.0,3500.0,150.0,2014,872,4.333623895,5.63045881
Others,Android,15.34,8.0,2.0,16.0,4.0,2800.0,232.0,2014,714,4.424487286,5.480930547
Others,Android,12.7,8.0,2.0,32.0,4.0,2000.0,140.0,2014,551,4.029094677,5.484838426
Others,Android,10.16,5.0,0.3,16.0,4.0,1400.0,115.0,2014,676,3.336125385,4.774406503
Others,Android,12.7,8.0,2.0,32.0,4.0,2000.0,160.0,2014,985,4.476086033,5.632608655
Others,Android,10.29,5.0,0.3,16.0,4.0,1850.0,140.0,2014,691,3.824065727,5.437470428
Asus,Android,15.9,,8.0,32.0,4.0,4000.0,165.0,2019,524,4.727918651,5.701346176
Asus,Android,15.9,,8.0,64.0,4.0,4000.0,165.0,2019,397,4.462799845,5.738280515
Asus,Android,13.84,13.0,8.0,32.0,4.0,4000.0,150.0,2018,575,4.383151002,4.787491743
Asus,Android,13.84,13.0,5.0,16.0,4.0,3000.0,140.0,2018,370,4.203497876,4.386018656
Asus,Android,15.24,13.0,8.0,128.0,4.0,4000.0,200.0,2018,535,4.614724399,6.855693268
Asus,Android,12.83,13.0,5.0,32.0,4.0,3000.0,140.0,2018,667,4.194642284,4.62045281
Asus,Android,15.21,13.0,8.0,64.0,4.0,5000.0,180.0,2018,386,4.399129543,5.075173815
Asus,Android,15.29,13.0,8.0,256.0,4.0,3300.0,165.0,2018,482,4.727299319,6.217184776
Asus,Android,15.29,13.0,8.0,64.0,4.0,3300.0,165.0,2018,438,5.152597712,5.990363942
Asus,Android,15.24,13.0,8.0,64.0,4.0,3300.0,168.0,2018,511,4.548599834,5.523818137
Asus,Android,12.83,13.0,8.0,32.0,4.0,4000.0,150.0,2018,516,4.573576314,5.070914758
Asus,Android,12.88,13.0,8.0,64.0,4.0,4130.0,160.0,2017,585,4.465103197,5.51765368
Asus,Android,12.83,13.0,8.0,64.0,4.0,3600.0,175.0,2017,592,4.935049307,5.964350255
Asus,Android,12.83,13.0,8.0,64.0,4.0,3300.0,165.0,2017,722,4.993828176,5.991339539
Asus,Android,12.83,13.0,13.0,16.0,4.0,3000.0,144.0,2017,708,4.57460788,5.191733881
Asus,Android,12.83,13.0,13.0,32.0,4.0,3000.0,144.0,2017,781,4.507336826,5.020849617
Asus,Android,12.83,16.0,8.0,64.0,4.0,3000.0,147.0,2017,868,4.608464753,5.516850305
Asus,Android,12.83,16.0,8.0,64.0,4.0,3000.0,144.0,2017,818,4.600559573,5.666115221
Asus,Android,12.75,13.0,8.0,32.0,4.0,4100.0,156.0,2017,542,4.677490848,5.202356975
Asus,Android,12.83,13.0,8.0,32.0,4.0,5000.0,181.0,2017,754,4.739089004,5.396396437
Asus,Android,12.83,16.0,16.0,32.0,4.0,5000.0,181.0,2017,797,4.999911331,5.5139125
Asus,Android,12.83,13.0,8.0,32.0,4.0,5000.0,181.0,2017,612,4.342895917,5.600272098
Asus,Android,18.01,13.0,5.0,64.0,4.0,4680.0,168.0,2017,847,4.841901011,5.704582155
Asus,Android,12.83,13.0,5.0,16.0,4.0,3000.0,168.0,2017,755,4.456902169,4.769497479
Asus,Android,12.7,13.0,5.0,16.0,4.0,2650.0,120.0,2017,617,4.08311508,5.00816558
Asus,Android,12.75,13.0,8.0,32.0,4.0,5000.0,175.0,2017,858,4.258587006,5.192845734
Asus,Android,23.04,8.0,5.0,32.0,4.0,7800.0,490.0,2017,588,5.172584061,5.993287884
Asus,Android,12.88,23.0,8.0,64.0,4.0,3300.0,170.0,2017,796,5.034807446,6.08893149
Asus,Android,12.83,13.0,13.0,32.0,4.0,5000.0,170.0,2017,582,4.967379785,5.768633447
Asus,Android,15.47,5.0,2.0,32.0,4.0,3480.0,270.0,2016,835,4.082103276,4.796038449
Asus,Android,18.01,8.0,2.0,32.0,4.0,4680.0,320.0,2016,1055,4.837709459,5.634253745
Asus,Android,12.7,13.0,5.0,16.0,4.0,2600.0,150.0,2016,981,4.137882864,4.860897087
Asus,Android,12.83,16.0,8.0,32.0,4.0,4100.0,175.0,2016,862,4.392348184,5.242117317
Asus,Android,12.83,16.0,8.0,64.0,4.0,3000.0,151.0,2016,801,4.462453884,5.636716317
Asus,Android,23.04,8.0,5.0,32.0,4.0,7800.0,490.0,2016,566,5.092522454,5.697227706
Asus,Android,23.04,8.0,5.0,32.0,4.0,5900.0,430.0,2016,1063,5.008900457,5.825675571
Asus,Android,12.75,13.0,5.0,32.0,4.0,4130.0,148.0,2016,927,4.487062098,5.436512865
Asus,Android,12.83,13.0,8.0,16.0,4.0,3000.0,150.0,2016,669,4.333755086,5.078356246
Asus,Android,12.75,16.0,8.0,64.0,4.0,2600.0,144.0,2016,553,4.911477723,5.639137281
Asus,Android,12.75,13.0,5.0,32.0,4.0,4100.0,158.4,2016,599,4.388257184,5.3378265
Asus,Android,15.44,23.0,8.0,32.0,4.0,4600.0,233.0,2016,980,5.054141682,5.701078823
Asus,Android,12.88,23.0,8.0,64.0,4.0,3000.0,170.0,2016,676,4.749443675,5.438296677
Asus,Android,12.83,16.0,8.0,64.0,4.0,3000.0,155.0,2016,578,4.670021158,5.797272818
Asus,Android,12.83,13.0,5.0,32.0,4.0,5000.0,202.0,2016,928,4.446760449,5.140844508
Asus,Android,10.29,8.0,2.0,32.0,4.0,2070.0,135.0,2016,866,3.87036733,4.681297546
Asus,Android,10.29,5.0,0.3,32.0,4.0,2070.0,125.0,2016,545,3.822973189,4.503801692
Asus,Android,12.83,8.0,5.0,16.0,4.0,3010.0,160.0,2016,1003,4.210645018,5.01349786
Asus,Android,12.7,8.0,5.0,16.0,4.0,2500.0,153.0,2016,624,3.985273467,4.700934808
Asus,Android,10.29,5.0,0.3,32.0,4.0,1600.0,133.5,2015,727,3.822973189,4.264087337
Asus,Android,12.7,8.0,2.0,16.0,4.0,2070.0,140.0,2016,571,3.994708372,5.067456614
Asus,Android,12.83,13.0,5.0,16.0,4.0,3000.0,170.1,2015,862,4.421367533,5.191177491
Asus,Android,12.83,13.0,5.0,32.0,4.0,3000.0,185.0,2015,700,4.787658396,5.52469568
Asus,Android,25.43,5.0,2.0,32.0,4.0,4890.0,510.0,2015,999,4.783483721,5.080036971
Asus,Android,12.7,8.0,2.0,32.0,4.0,2070.0,135.0,2015,840,3.8019849,4.85624014
Asus,Android,12.83,13.0,5.0,32.0,4.0,5000.0,202.0,2015,1089,4.658521361,5.134915695
Asus,Android,12.83,13.0,5.0,64.0,4.0,3000.0,170.0,2015,715,4.799502655,5.857675979
Asus,Android,15.24,13.0,5.0,16.0,4.0,3000.0,190.0,2015,997,4.457018145,5.597532675
Asus,Android,15.24,13.0,5.0,16.0,4.0,3000.0,190.0,2015,1014,4.309590341,5.734117674
Asus,Android,12.83,13.0,5.0,32.0,4.0,3000.0,170.0,2015,880,4.657762636,5.402001478
Asus,Android,12.7,8.0,5.0,32.0,4.0,2040.0,140.0,2015,989,4.358374106,5.299366816
Asus,Android,12.7,13.0,5.0,32.0,4.0,2400.0,140.0,2015,592,4.450736133,5.354508646
Asus,Android,17.78,8.0,2.0,16.0,4.0,3500.0,272.0,2015,885,4.565389316,5.071604954
Asus,Android,12.7,8.0,2.0,32.0,4.0,2500.0,155.1,2015,568,4.193435465,4.690797272
Asus,Android,12.83,13.0,8.0,32.0,4.0,3030.0,156.0,2015,777,4.337421451,5.704215714
Asus,Android,20.32,5.0,2.0,32.0,4.0,4000.0,350.0,2015,747,4.529476342,5.6327876
Asus,Android,17.78,5.0,0.3,32.0,4.0,3450.0,265.0,2015,934,4.135166557,4.958569772
Asus,Android,12.83,13.0,13.0,16.0,4.0,3000.0,170.0,2015,794,4.831986983,5.635682062
Asus,Android,12.7,8.0,2.0,16.0,4.0,2500.0,155.0,2015,953,3.777119243,5.199325417
Asus,Android,12.83,13.0,5.0,16.0,4.0,3000.0,170.0,2015,685,4.547223226,5.52058053
Asus,Android,12.83,13.0,5.0,16.0,4.0,3000.0,170.0,2015,749,4.75272775,5.702681869
Asus,Android,17.78,5.0,2.0,32.0,4.0,3950.0,299.0,2015,970,4.703928958,5.393491173
Asus,Android,10.29,5.0,0.3,32.0,4.0,2100.0,150.0,2015,547,3.678829118,4.503801692
Asus,Android,17.78,5.0,2.0,32.0,4.0,3950.0,280.0,2015,557,4.518195172,5.080472254
Asus,Android,12.83,13.0,5.0,16.0,4.0,3000.0,185.0,2015,626,4.271932712,5.991164502
Asus,Android,12.7,8.0,5.0,32.0,4.0,2500.0,140.0,2014,857,4.17699924,4.373490304
Asus,Android,12.7,8.0,0.3,1024.0,4.0,2500.0,160.0,2014,860,3.523119986,4.594412529
Asus,Android,25.43,5.0,0.3,32.0,4.0,5000.0,525.0,2014,1059,4.727387819,5.297917287
Asus,Android,10.29,5.0,2.0,32.0,4.0,2060.0,148.8,2014,1023,4.219654753,5.078729985
Asus,Android,17.78,5.0,2.0,16.0,4.0,3950.0,279.0,2014,583,4.191773708,5.482553756
Asus,Android,17.78,5.0,2.0,16.0,4.0,3950.0,269.0,2014,1022,4.226249633,5.480555587
Asus,Android,12.7,8.0,2.0,32.0,4.0,2110.0,145.0,2014,595,4.397653891,5.344246298
Asus,Android,10.29,8.0,0.3,32.0,4.0,1750.0,134.0,2014,772,3.976123931,4.606669062
Asus,Android,20.32,5.0,1.2,16.0,4.0,4000.0,299.0,2014,801,4.597541159,5.483011107
Asus,Android,20.32,5.0,2.0,16.0,4.0,4000.0,320.0,2014,846,4.494015137,5.010368592
Asus,Android,17.78,5.0,2.0,32.0,4.0,3950.0,295.0,2014,731,4.357990057,4.868380247
Asus,Android,20.32,5.0,2.0,32.0,4.0,2865.0,328.0,2014,645,4.374624305,5.297567085
Asus,Android,17.78,2.0,0.3,32.0,4.0,2865.0,299.0,2014,766,4.151197374,4.87458645
Asus,Android,17.78,5.0,2.0,32.0,4.0,2865.0,299.0,2014,705,4.252202647,5.345010095
Asus,Android,25.43,5.0,1.2,16.0,4.0,6600.0,595.0,2014,1013,5.262690189,5.991939434
Asus,Android,25.43,2.0,0.3,32.0,4.0,5000.0,550.0,2014,800,4.811126886,5.395398704
Asus,Android,17.78,2.0,0.3,16.0,4.0,3910.0,290.0,2014,679,4.073971772,4.61244367
Asus,Android,12.7,13.0,2.0,16.0,4.0,2300.0,150.0,2014,1081,4.474377896,5.772997544
Asus,Android,12.7,13.0,2.0,16.0,4.0,2300.0,150.0,2014,1013,4.700207601,5.524177225
Asus,Android,12.7,13.0,2.0,16.0,4.0,2400.0,145.0,2014,956,4.242620879,6.235586505
Asus,Android,10.34,13.0,1.2,1024.0,4.0,1820.0,126.0,2014,772,5.494952658,5.555011741
Asus,Android,15.24,13.0,2.0,16.0,4.0,3230.0,196.0,2014,947,4.419924358,5.301362725
Asus,Android,15.24,13.0,2.0,16.0,4.0,3300.0,196.0,2014,665,4.567468319,5.53057922
Asus,Android,12.7,8.0,2.0,32.0,4.0,2110.0,145.0,2015,583,3.75630443,4.780551045
Asus,Android,12.7,8.0,2.0,32.0,4.0,2110.0,145.0,2014,794,4.253482784,4.859657354
Asus,Android,10.16,5.0,0.3,16.0,4.0,2865.0,115.0,2014,910,4.012411179,4.86591776
Asus,Android,10.29,5.0,2.0,32.0,4.0,2060.0,150.0,2014,635,4.365388994,5.707176708
Asus,Android,10.16,8.0,2.0,32.0,4.0,1170.0,116.0,2014,824,4.284551613,5.34958066
Asus,Android,10.24,8.0,2.0,16.0,4.0,1500.0,105.0,2013,604,4.594210346,5.668224379
Asus,Android,12.7,13.0,2.0,16.0,4.0,2400.0,145.0,2013,654,5.187720945,6.592989738
Asus,Android,25.43,2.0,1.2,32.0,4.0,5070.0,522.0,2013,754,4.59036107,5.525612289
Asus,Android,20.32,5.0,1.2,16.0,4.0,3950.0,350.0,2013,847,4.469694046,5.015092015
Asus,Android,17.78,5.0,1.2,32.0,4.0,3950.0,328.0,2013,550,4.584252938,5.404612445
Asus,Android,17.78,5.0,1.2,16.0,4.0,3950.0,290.0,2013,1083,4.400480313,5.442461
Asus,Android,15.24,8.0,1.2,16.0,4.0,3200.0,210.0,2013,1040,4.730392151,5.858932655
Asus,Android,25.43,5.0,1.2,32.0,4.0,3950.0,585.0,2013,549,5.275355755,5.992988385
Asus,Android,17.78,2.0,0.3,32.0,4.0,3950.0,302.0,2013,643,4.327834406,4.601664047
Asus,Android,17.78,5.0,1.2,16.0,4.0,3950.0,302.0,2013,674,4.273605886,4.859967431
Asus,Android,17.78,3.15,1.2,32.0,4.0,4270.0,340.0,2013,869,4.226541732,5.561335264
Asus,Android,12.7,13.0,2.0,32.0,4.0,2400.0,141.0,2013,614,5.698535399,6.908245159
Asus,Android,25.43,5.0,1.2,16.0,4.0,3950.0,580.0,2013,887,4.987912407,5.431973751
Asus,Android,17.78,1.0,1.2,32.0,4.0,4270.0,370.0,2013,753,4.162781724,4.695741884
Asus,Android,12.75,13.0,8.0,32.0,4.0,5000.0,168.0,2017,593,4.961094849,5.797970813
Others,Android,10.29,8.0,0.3,16.0,4.0,1840.0,128.0,2014,710,3.925136645,4.385395952
Others,Android,12.7,13.0,2.0,16.0,4.0,2520.0,135.0,2014,933,4.12341781,4.6025668
Others,Android,10.29,13.0,2.0,16.0,4.0,2100.0,119.0,2013,704,4.287166354,5.300564839
Others,Android,10.29,8.0,2.0,16.0,4.0,2000.0,135.0,2013,1011,3.930255774,5.011301739
BlackBerry,Android,10.29,,8.0,32.0,4.0,3000.0,156.0,2018,552,4.061304708,5.802299628
BlackBerry,Android,15.21,,16.0,64.0,4.0,4000.0,170.0,2018,629,4.693913396,5.853035466
BlackBerry,Android,15.21,,16.0,64.0,4.0,4000.0,170.0,2018,383,4.946274535,5.709300555
BlackBerry,Android,10.29,,8.0,64.0,4.0,3500.0,168.0,2018,471,4.107918682,6.217444073
BlackBerry,Android,12.83,12.0,8.0,32.0,4.0,4000.0,167.0,2017,561,4.578518155,5.966274936
BlackBerry,Android,12.83,13.0,8.0,32.0,4.0,3000.0,178.0,2017,607,4.475175389,5.301562097
BlackBerry,Android,10.29,12.0,8.0,64.0,4.0,3500.0,180.0,2017,554,4.682131227,5.671982162
BlackBerry,Android,12.83,21.0,8.0,32.0,4.0,3000.0,165.0,2016,560,5.008098746,5.701312761
BlackBerry,Android,12.75,13.0,8.0,16.0,4.0,2610.0,135.0,2016,920,4.346269915,5.299117047
BlackBerry,Android,12.8,18.0,2.0,32.0,4.0,3410.0,192.0,2015,805,4.513054897,5.601306683
BlackBerry,Others,12.7,8.0,2.0,16.0,4.0,2800.0,170.0,2015,1094,4.085471984,4.385894146
BlackBerry,Others,7.75,13.0,2.0,16.0,4.0,2500.0,178.0,2015,903,4.250350663,5.198773236
BlackBerry,Others,7.65,8.0,2.0,64.0,4.0,2100.0,140.0,2014,617,4.214495163,6.063994489
BlackBerry,Others,10.29,13.0,2.0,32.0,4.0,3450.0,196.0,2014,582,4.335982696,5.136268915
BlackBerry,Others,7.75,8.0,2.0,16.0,4.0,2515.0,177.0,2014,831,3.798406279,4.781054401
BlackBerry,Others,12.7,5.0,1.1,32.0,4.0,2500.0,164.0,2014,696,3.739572568,4.495801649
BlackBerry,Others,10.21,8.0,2.0,64.0,4.0,1800.0,140.0,2013,625,4.549128795,5.964966556
BlackBerry,Others,12.7,8.0,2.0,16.0,4.0,2880.0,170.0,2013,574,4.085640122,4.953782716
BlackBerry,Others,5.28,5.0,2.0,512.0,0.25,1450.0,120.0,2013,774,4.852264611,4.869378902
BlackBerry,Others,7.65,5.0,2.0,32.0,4.0,2180.0,120.0,2013,760,3.602776755,4.234106505
BlackBerry,Others,10.21,8.0,2.0,16.0,4.0,1800.0,137.5,2013,932,4.014940539,4.790819533
BlackBerry,Others,7.65,8.0,2.0,16.0,4.0,2100.0,139.0,2013,814,3.969725716,4.6987516
Others,Android,12.88,12.0,5.0,16.0,4.0,4180.0,165.0,2018,531,4.042700329,4.574195382
Others,Android,12.88,13.0,5.0,64.0,4.0,3180.0,167.5,2017,784,4.55008022,5.138617988
Others,Android,12.83,13.0,8.0,64.0,4.0,6180.0,167.5,2017,720,4.422208424,5.515241618
Others,Android,12.7,13.0,5.0,16.0,4.0,2800.0,169.0,2017,751,3.196221134,4.256746818
Others,Android,12.7,13.0,5.0,16.0,4.0,2800.0,176.0,2017,872,4.132282402,4.369954053
Others,Android,12.7,13.0,2.0,32.0,4.0,2800.0,176.0,2017,565,3.04594999,4.069710281
Others,Android,12.88,13.0,5.0,16.0,4.0,3000.0,174.0,2018,597,4.099497927,4.61005822
Others,Android,12.7,13.0,8.0,64.0,4.0,3000.0,152.0,2017,895,4.715995741,5.126995095
Others,Android,12.7,8.0,2.0,16.0,4.0,2000.0,150.0,2016,1083,3.917010547,4.376385755
Others,Android,12.83,13.0,5.0,32.0,4.0,3150.0,142.6,2016,599,4.541591204,5.48147191
Others,Android,15.24,24.0,8.0,64.0,4.0,3500.0,207.0,2015,858,4.646695933,5.738538106
Others,Android,15.24,8.0,2.0,32.0,4.0,3000.0,177.0,2015,569,4.243339115,4.707185111
Others,Android,12.7,8.0,2.0,32.0,4.0,5000.0,180.0,2015,862,3.995260604,4.941356667
Others,Android,12.7,5.0,0.3,16.0,4.0,2000.0,156.0,2015,572,3.916015027,4.371597439
Others,Android,12.7,8.0,2.0,32.0,4.0,2100.0,154.0,2015,789,3.903990834,4.803365092
Others,Android,10.36,8.0,5.0,16.0,4.0,2100.0,97.0,2015,889,3.827771453,5.243808381
Others,Android,15.24,13.0,5.0,16.0,4.0,3200.0,177.0,2014,740,4.159195535,5.355642433
Others,Android,12.7,13.0,5.0,32.0,4.0,2200.0,164.0,2014,608,4.356452384,5.007630785
Others,Android,17.78,5.0,2.0,32.0,4.0,3000.0,299.0,2014,1090,4.373112017,4.876417952
Others,Android,10.16,3.15,0.3,16.0,4.0,1400.0,106.0,2014,856,3.064325065,4.263665307
Others,Windows,12.7,8.0,2.0,32.0,4.0,2200.0,139.0,2014,637,4.260000234,5.003610679
Others,Android,12.7,8.0,2.0,16.0,4.0,2000.0,166.0,2014,1042,4.001315113,4.703747749
Others,Android,12.7,5.0,0.3,16.0,4.0,1800.0,170.0,2014,874,3.798630318,4.391481793
Others,Android,12.7,13.0,5.0,16.0,4.0,2300.0,129.0,2014,959,4.394819456,5.563370321
Others,Android,12.7,8.0,2.0,32.0,4.0,2000.0,136.0,2014,979,4.027670429,5.009301071
Others,Android,12.83,16.0,8.0,32.0,4.0,2500.0,152.0,2014,696,4.694919478,5.670914871
Others,Android,15.24,8.0,2.0,16.0,4.0,3000.0,206.0,2014,632,4.038831852,5.190787834
Others,Android,10.29,3.15,0.3,16.0,4.0,1800.0,135.0,2014,980,3.301008654,4.231639696
Others,Android,7.75,1.3,2.0,512.0,0.25,1300.0,101.0,2014,1056,3.268808194,4.262398147
Others,Android,12.7,8.0,2.0,16.0,4.0,2000.0,155.0,2014,571,4.235265253,4.782814153
Others,Android,12.7,3.15,2.0,16.0,4.0,2100.0,174.0,2014,616,3.713572067,4.268017718
Others,Android,12.83,8.0,2.0,16.0,4.0,2350.0,166.0,2014,976,3.936130081,4.872139217
Others,Android,10.29,8.0,2.0,16.0,4.0,3000.0,149.0,2014,790,4.224202549,5.242328856
Others,Android,10.36,8.0,5.0,16.0,4.0,2000.0,135.0,2014,1024,4.057507672,5.074173315
Others,Android,20.32,5.0,5.0,32.0,4.0,4500.0,404.0,2014,614,4.431649785,5.885298151
Others,Android,10.34,8.0,5.0,16.0,4.0,1800.0,109.0,2014,725,3.768614422,4.860819649
Others,Android,12.7,13.0,5.0,16.0,4.0,2000.0,133.0,2014,639,4.504244267,5.349485653
Others,Android,12.7,12.0,2.0,16.0,4.0,2000.0,144.0,2014,988,4.24506078,4.93820796
Others,Android,10.34,8.0,2.0,16.0,4.0,1800.0,125.0,2013,581,3.586569835,5.306434335
Others,Android,12.7,13.0,5.0,32.0,4.0,2020.0,128.0,2013,1038,4.220242729,5.484215852
Others,Android,12.7,5.0,0.3,16.0,4.0,2000.0,155.0,2013,909,3.621938048,4.489983776
Others,Android,10.16,5.0,0.3,16.0,4.0,1600.0,124.0,2013,782,3.670460869,4.381776603
Others,Android,12.7,12.0,5.0,16.0,4.0,2500.0,158.0,2013,729,4.0084235,5.346011692
Others,Android,12.83,5.0,0.3,16.0,4.0,2250.0,184.0,2013,728,3.664842876,4.774406503
Others,Others,5.08,1.3,0.3,128.0,0.25,820.0,80.0,2013,905,2.212660385,3.041183536
Others,Others,5.08,0.3,0.3,32.0,0.25,820.0,80.0,2013,636,1.53686722,3.042138646
Others,Others,5.28,1.3,0.3,32.0,0.25,820.0,90.0,2013,695,2.337952237,3.041183536
Others,Android,12.7,5.0,0.3,16.0,4.0,2000.0,128.0,2013,816,3.555348061,4.615813346
Others,Android,10.16,3.15,0.3,16.0,4.0,1500.0,128.0,2013,566,3.215269329,4.379398183
Others,Android,7.75,2.0,0.3,512.0,0.25,1000.0,105.0,2013,897,2.714694744,3.71210758
Others,Android,10.29,5.0,0.3,16.0,4.0,2000.0,144.0,2013,1028,3.847377812,4.623108331
Others,Android,10.16,5.0,0.3,16.0,4.0,1600.0,137.0,2013,793,3.888549649,4.606569207
Others,Android,12.78,8.0,2.0,16.0,4.0,2800.0,190.0,2013,1006,4.27652722,4.856551279
Others,Android,12.7,8.0,2.0,16.0,4.0,2000.0,170.0,2013,855,4.016563185,4.865069877
Others,Android,12.7,5.0,0.3,16.0,4.0,2000.0,170.0,2013,909,3.929666441,4.611549793
Others,Android,7.75,2.0,0.3,512.0,0.25,1500.0,120.0,2013,1038,3.405521353,4.397161522
Others,Others,5.28,1.3,0.3,64.0,0.25,1400.0,95.0,2013,729,2.709382646,3.362802994
Others,Others,5.18,0.3,0.3,32.0,0.25,820.0,90.0,2013,883,2.460443178,3.394843908
Others,Others,5.08,1.3,0.3,64.0,0.25,620.0,69.0,2013,990,2.23644529,3.007166651
Others,Android,12.88,12.0,5.0,16.0,4.0,2600.0,220.0,2013,689,4.199755077,5.439947129
Others,Android,12.7,13.0,5.0,16.0,4.0,2000.0,145.0,2013,745,4.192076051,5.442028024
Others,Android,10.34,8.0,2.0,16.0,4.0,1800.0,125.0,2013,902,3.581572601,5.187665096
Others,Android,12.78,8.0,2.0,16.0,4.0,2200.0,210.0,2013,956,4.004602187,5.072545364
Others,Android,12.88,8.0,1.3,16.0,4.0,2800.0,243.0,2013,1060,4.416186486,5.398207949
Others,Android,10.29,8.0,1.3,16.0,4.0,1800.0,148.0,2013,608,4.153242203,5.562180507
Others,Android,10.29,5.0,0.3,16.0,4.0,1800.0,145.0,2013,850,4.231784971,5.195453731
Others,Android,14.35,12.0,8.0,128.0,4.0,3100.0,168.0,2018,578,5.086608193,5.969039986
Others,Android,14.35,12.0,8.0,64.0,4.0,3100.0,163.0,2018,586,4.579339426,5.736894826
Others,Android,12.83,12.0,8.0,64.0,4.0,3400.0,183.0,2018,567,4.464067345,5.440381006
Others,Android,12.75,12.0,8.0,64.0,4.0,3100.0,165.0,2018,454,4.472552661,5.245391161
Others,Android,12.75,8.0,5.0,16.0,4.0,3100.0,155.0,2017,819,4.286753954,5.127825562
Others,Android,12.75,13.0,5.0,32.0,4.0,3100.0,155.0,2017,890,4.279024447,5.240158452
Others,Android,12.83,12.0,8.0,64.0,4.0,3400.0,183.0,2017,809,4.722508678,5.560950826
Others,Android,12.75,12.0,8.0,64.0,4.0,3100.0,165.0,2017,756,4.511189123,5.346154696
Others,Android,12.75,12.0,8.0,64.0,4.0,3100.0,158.0,2017,564,4.784821514,5.911744704
Others,Android,12.75,16.0,8.0,32.0,4.0,3100.0,153.0,2017,843,4.623501143,5.670983763
Others,Android,12.7,8.0,5.0,16.0,4.0,3080.0,140.0,2016,789,4.054563692,5.069595787
Others,Android,12.7,13.0,5.0,16.0,4.0,3080.0,140.0,2016,992,4.606369467,5.247602852
Others,Android,12.7,16.0,5.0,32.0,4.0,3050.0,139.0,2016,681,4.653579325,5.393536633
Others,Android,12.7,16.0,8.0,16.0,4.0,3200.0,145.0,2016,546,4.3447141,5.700978547
Others,Android,12.7,13.0,5.0,16.0,4.0,2850.0,139.0,2015,542,4.604670061,5.336094731
Others,Android,12.7,13.0,5.0,16.0,4.0,2900.0,148.0,2015,863,4.432719749,5.444407072
Others,Android,12.7,13.0,5.0,16.0,4.0,3120.0,144.0,2015,889,4.733827218,5.561911643
Others,Android,12.83,13.0,5.0,16.0,4.0,3620.0,162.0,2015,774,4.765331338,5.694876265
Others,Android,10.29,8.0,5.0,32.0,4.0,2470.0,115.0,2015,928,4.127295662,5.190565104
Others,Android,25.43,5.0,2.0,16.0,4.0,7280.0,470.0,2015,696,4.484018984,5.439773525
Others,Android,10.16,8.0,1.3,16.0,4.0,1800.0,173.8,2013,575,4.069710281,5.597569744
Others,Others,5.18,2.0,8.0,16.0,4.0,2300.0,130.0,2018,723,3.853121898,4.705739241
Others,Android,12.7,13.0,8.0,32.0,4.0,5000.0,218.0,2017,745,4.969743853,6.107089701
Others,Android,10.34,8.0,2.0,16.0,4.0,4000.0,200.0,2017,714,4.202301704,5.79963796
Others,Android,12.75,16.0,8.0,64.0,4.0,4500.0,250.0,2018,443,4.777020443,6.802339206
Others,Android,10.34,13.0,5.0,32.0,4.0,3800.0,153.0,2016,930,5.260511652,6.476695401
Others,Android,10.29,5.0,2.0,32.0,4.0,3000.0,181.0,2015,759,4.81818259,5.828298349
Others,Android,10.34,8.0,2.0,16.0,4.0,3000.0,185.0,2015,688,4.618875833,6.087229169
Others,Others,5.08,2.0,2.0,24.0,4.0,1000.0,101.0,2015,691,3.151453149,4.948263313
Others,Android,10.34,8.0,0.3,32.0,4.0,2630.0,185.0,2014,1023,4.306898912,6.130073651
Others,Android,10.16,5.0,0.3,16.0,4.0,2000.0,170.0,2013,802,3.486151088,5.519819572
Others,Others,5.13,3.15,0.3,128.0,0.25,1150.0,136.0,2013,590,4.149621578,4.942784627
Others,Others,5.08,2.0,0.3,16.0,4.0,1300.0,161.0,2013,630,3.193763124,4.940784912
Celkon,Android,10.16,5.0,1.3,16.0,4.0,1400.0,122.0,2014,549,3.662792119,4.38688979
Celkon,Android,10.16,5.0,1.3,16.0,4.0,1400.0,122.0,2014,1035,3.493776563,4.390986376
Celkon,Android,10.16,5.0,1.3,16.0,4.0,1400.0,122.0,2014,573,3.654288009,4.398023008
Celkon,Android,12.7,8.0,2.0,16.0,4.0,1400.0,149.0,2014,995,4.085640122,4.786491242
Celkon,Android,12.7,5.0,0.3,32.0,4.0,1400.0,147.0,2014,661,3.950281718,4.474149924
Celkon,Android,10.16,3.15,1.3,512.0,0.25,1400.0,115.3,2014,932,3.028683374,4.093177214
Celkon,Android,10.29,8.0,1.3,16.0,4.0,2000.0,130.0,2014,1027,3.537184091,4.608664075
Celkon,Android,7.75,3.15,0.3,512.0,4.0,1400.0,102.0,2014,573,2.68988623,3.684118137
Celkon,Android,10.29,5.0,1.3,16.0,4.0,1400.0,78.2,2014,985,3.693120448,4.380149875
Celkon,Android,12.7,5.0,0.3,16.0,4.0,1400.0,140.0,2013,1059,3.758172281,4.053001599
Celkon,Android,10.29,5.0,1.3,16.0,4.0,1400.0,140.0,2013,965,3.765608987,4.505460342
Celkon,Android,7.75,3.15,0.3,512.0,0.25,1400.0,140.0,2013,567,2.911807039,3.905602438
Celkon,Others,7.75,1.3,0.3,256.0,0.25,1200.0,140.0,2013,836,2.466403178,3.349553149
Celkon,Others,5.18,1.3,0.3,256.0,0.25,1800.0,140.0,2013,586,2.333114298,2.951780386
Celkon,Others,5.28,1.3,0.3,256.0,0.25,1400.0,140.0,2013,561,2.063058062,3.025776395
Celkon,Others,5.23,1.3,0.3,256.0,0.25,1400.0,140.0,2013,796,2.242835089,3.023347441
Celkon,Others,5.23,0.3,0.3,256.0,0.25,1400.0,140.0,2013,687,2.315501318,3.068517943
Celkon,Android,12.7,8.0,1.3,16.0,4.0,1400.0,140.0,2013,567,3.898532415,4.507005937
Celkon,Android,10.16,3.15,0.3,512.0,0.25,1400.0,140.0,2013,637,2.800325477,3.884651809
Celkon,Android,10.16,3.15,0.3,256.0,0.25,1400.0,140.0,2013,778,3.116621591,4.070564034
Celkon,Android,7.75,1.3,0.3,256.0,0.25,1400.0,140.0,2013,945,2.884800713,3.934371409
Celkon,Android,12.7,12.0,3.0,16.0,4.0,1400.0,177.0,2013,779,4.035478809,5.297116646
Celkon,Android,10.16,5.0,0.3,512.0,0.25,1400.0,140.0,2013,942,3.171784217,4.256463412
Celkon,Android,10.34,8.0,0.3,256.0,0.25,1400.0,140.0,2013,831,4.312408568,4.930870326
Celkon,Others,10.16,2.0,0.3,256.0,0.25,1200.0,140.0,2013,635,2.85819286,3.639163862
Celkon,Others,7.75,2.0,0.3,256.0,0.25,1200.0,140.0,2013,569,2.877511642,3.659193144
Celkon,Others,5.18,1.3,0.3,256.0,0.25,1800.0,140.0,2013,899,2.35991016,2.977568303
Celkon,Others,5.18,1.3,0.3,256.0,0.25,1500.0,140.0,2013,818,2.429217744,3.383712067
Celkon,Others,5.23,1.3,0.3,256.0,0.25,1400.0,140.0,2013,980,2.621038824,3.683112859
Celkon,Others,5.23,1.3,0.3,256.0,0.25,3000.0,140.0,2013,787,2.584751985,3.384729189
Celkon,Android,11.76,5.0,0.3,256.0,0.25,1400.0,140.0,2013,857,4.335720882,4.787825021
Celkon,Android,11.76,8.0,0.3,256.0,0.25,1400.0,140.0,2013,563,4.493791598,4.883029169
Celkon,Android,7.75,3.15,0.3,256.0,0.25,1400.0,98.0,2013,1034,4.187075661,4.239454497
Coolpad,Android,15.29,,8.0,64.0,4.0,4000.0,177.0,2018,655,4.634146294,5.007095704
Coolpad,Android,12.83,12.0,13.0,64.0,4.0,3200.0,152.0,2017,791,4.564348191,5.85904682
Coolpad,Android,12.7,13.0,8.0,16.0,4.0,2500.0,148.0,2017,671,4.132121927,4.784570814
Coolpad,Android,12.83,13.0,8.0,64.0,4.0,4060.0,167.0,2016,851,4.443004135,5.30420003
Coolpad,Android,12.7,13.0,8.0,16.0,4.0,2500.0,148.0,2017,555,4.527532916,5.344055258
Coolpad,Android,12.83,16.0,8.0,128.0,4.0,4070.0,168.0,2016,820,4.53464042,6.04339264
Coolpad,Android,12.83,8.0,8.0,16.0,4.0,3050.0,170.0,2016,646,4.231784971,4.702206148
Coolpad,Android,12.83,13.0,8.0,32.0,4.0,4010.0,173.4,2016,661,4.55039716,5.207133661
Coolpad,Android,12.83,8.0,8.0,16.0,4.0,2500.0,143.0,2016,1078,4.201553369,5.190398024
Coolpad,Android,12.83,8.0,8.0,16.0,4.0,2500.0,143.0,2016,777,4.207226719,4.379523504
Coolpad,Android,12.83,13.0,5.0,16.0,4.0,2500.0,163.0,2016,1011,4.146146061,5.299067085
Coolpad,Android,12.83,13.0,5.0,16.0,4.0,3000.0,168.0,2016,1028,4.107096246,4.769158036
Coolpad,Android,12.83,13.0,5.0,64.0,4.0,2800.0,170.0,2016,703,4.91125685,5.941748955
Coolpad,Android,12.7,8.0,2.0,32.0,4.0,2000.0,125.0,2016,1040,4.046553898,4.871219958
Coolpad,Android,10.34,8.0,5.0,16.0,4.0,1800.0,120.0,2016,755,4.274858931,5.193567775
Coolpad,Android,12.7,13.0,5.0,16.0,4.0,2500.0,142.0,2016,779,4.204095426,4.686381441
Coolpad,Android,12.83,13.0,5.0,16.0,4.0,3000.0,138.5,2015,1014,4.131158535,4.774490931
Coolpad,Android,12.83,13.0,5.0,32.0,4.0,2500.0,138.5,2015,883,4.590259573,5.301263024
Coolpad,Android,12.83,8.0,2.0,32.0,4.0,2500.0,158.0,2015,725,4.349890765,5.082521753
Coolpad,Android,10.34,8.0,5.0,32.0,4.0,1800.0,119.0,2015,820,4.243339115,5.021179508
Others,Android,25.53,8.0,2.0,32.0,4.0,7000.0,597.0,2015,848,4.964730962,6.129268051
Others,Android,20.42,8.0,2.0,16.0,4.0,5900.0,305.0,2014,939,4.658047226,5.517332407
Others,Android,20.32,5.0,2.0,16.0,4.0,4100.0,292.0,2013,735,4.273466561,4.865455368
Others,Android,17.78,3.15,0.3,16.0,4.0,4100.0,234.0,2013,613,3.834061464,4.585171539
Others,Android,20.35,8.0,24.0,256.0,4.0,3400.0,171.0,2019,354,5.820705882,6.801738993
Others,Android,12.57,12.0,8.0,16.0,4.0,4000.0,139.0,2018,687,4.14472077,4.874051629
Others,Android,12.57,12.0,8.0,32.0,4.0,4000.0,139.0,2018,377,4.403910428,4.517758729
Others,Android,12.7,13.0,5.0,16.0,4.0,3000.0,142.5,2018,493,4.395066248,5.43929596
Others,Others,5.28,0.3,8.0,32.0,0.25,3100.0,130.0,2018,504,3.277144733,3.693618208
Others,Android,5.18,5.0,8.0,32.0,4.0,2000.0,256.0,2018,711,4.263524591,4.786074072
Others,Android,12.83,16.0,8.0,32.0,4.0,4000.0,203.0,2018,645,5.163470824,6.109669716
Others,Android,12.93,12.0,8.0,64.0,4.0,4500.0,190.0,2018,608,4.933538244,5.885409346
Others,Android,12.83,13.0,5.0,16.0,4.0,5000.0,203.0,2017,594,4.619368905,5.246286958
Others,Android,12.83,13.0,5.0,32.0,4.0,3000.0,180.0,2017,792,4.410006521,4.781976562
Others,Android,12.7,5.0,2.0,32.0,4.0,2000.0,167.0,2017,715,3.97724879,4.385271365
Others,Android,12.75,13.0,5.0,16.0,4.0,4000.0,206.0,2017,836,4.892902257,5.799122957
Others,Others,5.18,0.3,5.0,32.0,4.0,1500.0,112.0,2017,770,3.24376354,3.881976084
Others,Others,5.18,0.3,5.0,32.0,4.0,1000.0,92.0,2017,629,3.259249719,3.667144962
Others,Android,10.16,2.0,0.3,16.0,4.0,1300.0,105.0,2015,1034,3.055886196,4.05958057
Others,Android,12.7,5.0,2.0,32.0,4.0,2100.0,145.0,2015,573,4.037068494,4.388008706
Others,Android,10.29,5.0,2.0,32.0,4.0,1600.0,125.0,2015,962,3.88567903,4.270536259
Others,Android,12.7,8.0,5.0,32.0,4.0,2000.0,150.0,2015,1031,3.897924081,4.628593701
Others,Android,12.7,13.0,5.0,32.0,4.0,2000.0,150.0,2014,944,4.512616204,5.255201075
Others,Android,10.16,8.0,0.3,16.0,4.0,1400.0,121.0,2014,1061,3.985830933,4.59643212
Others,Android,12.7,13.0,5.0,32.0,4.0,2500.0,154.5,2013,1030,4.355682659,6.089452955
Others,Android,10.16,5.0,0.3,16.0,4.0,1400.0,154.5,2013,863,3.902376628,4.949610592
Others,Android,10.29,5.0,0.3,16.0,4.0,2000.0,147.7,2013,619,4.140114296,4.997279839
Others,Android,10.29,8.0,2.0,16.0,4.0,1700.0,147.0,2013,715,3.664586762,5.302608148
Others,Android,12.7,13.0,2.0,16.0,4.0,2000.0,168.0,2013,994,4.499365127,5.39648709
Others,Android,12.7,13.0,2.0,16.0,4.0,1900.0,165.0,2013,966,4.254761284,5.561296826
Others,Android,10.29,8.0,2.0,16.0,4.0,1700.0,150.5,2013,944,4.484921613,5.39494486
Others,Android,10.16,5.0,0.3,16.0,4.0,1500.0,130.5,2013,727,4.143610804,5.011035214
Gionee,Android,13.84,8.0,5.0,16.0,4.0,2670.0,135.6,2018,645,4.351567427,4.879994956
Gionee,Android,15.27,13.0,8.0,64.0,4.0,3600.0,177.0,2017,854,4.902975842,6.213807778
Gionee,Android,15.21,13.0,8.0,64.0,4.0,3410.0,165.0,2017,778,4.961655112,5.7676958
Gionee,Android,12.88,13.0,16.0,32.0,4.0,3030.0,141.0,2017,619,4.789073824,5.298367365
Gionee,Android,16.33,13.0,8.0,128.0,4.0,5000.0,241.0,2017,726,4.999506936,6.507695536
Gionee,Android,15.24,13.0,8.0,64.0,4.0,5000.0,199.0,2017,847,4.881513214,5.553889385
Gionee,Android,15.27,13.0,8.0,64.0,4.0,4000.0,180.0,2017,603,4.372481222,5.889957708
Gionee,Android,15.24,12.0,8.0,64.0,4.0,6020.0,215.0,2017,623,4.991656327,6.131726365
Gionee,Android,15.24,13.0,20.0,64.0,4.0,4550.0,226.0,2017,756,4.825670246,5.915042361
Gionee,Android,12.83,13.0,16.0,64.0,4.0,4010.0,182.0,2017,750,4.571303116,5.635503634
Gionee,Android,12.78,13.0,8.0,32.0,4.0,4000.0,162.0,2017,660,4.260141447,5.520700629
Gionee,Android,12.88,13.0,8.0,128.0,4.0,7000.0,238.0,2016,656,5.674628257,7.047204129
Gionee,Android,12.7,8.0,5.0,16.0,4.0,4000.0,160.0,2016,567,4.195395806,5.347583608
Gionee,Android,12.7,8.0,5.0,16.0,4.0,2300.0,167.0,2016,819,4.310262068,4.942713278
Gionee,Android,12.83,13.0,13.0,64.0,4.0,3000.0,168.2,2016,992,4.465563232,5.916633236
Gionee,Android,12.83,13.0,5.0,32.0,4.0,3065.0,183.0,2016,819,4.356452384,5.248864483
Gionee,Android,12.83,13.0,8.0,32.0,4.0,3150.0,166.0,2016,970,4.645640119,5.63432521
Gionee,Android,12.83,13.0,8.0,64.0,4.0,3130.0,170.0,2016,835,5.007497042,5.971236329
Gionee,Android,10.29,5.0,2.0,32.0,4.0,1800.0,153.0,2016,606,3.745968421,4.485485343
Gionee,Android,10.21,16.0,5.0,64.0,4.0,2530.0,207.7,2016,873,5.073359671,6.307478942
Gionee,Android,12.83,16.0,8.0,64.0,4.0,3000.0,147.2,2016,694,5.161695489,6.110025058
Gionee,Android,12.7,8.0,5.0,16.0,4.0,4000.0,167.6,2016,941,4.199905058,4.78574021
Gionee,Android,12.83,8.0,5.0,16.0,4.0,5000.0,200.0,2015,713,4.295106163,5.823726137
Gionee,Android,15.24,13.0,5.0,64.0,4.0,5020.0,208.0,2015,945,4.336898507,6.039516344
Gionee,Android,12.7,8.0,5.0,32.0,4.0,4000.0,183.0,2015,779,4.507667605,5.131613221
Gionee,Android,12.7,5.0,2.0,16.0,4.0,2000.0,153.0,2015,1069,3.573468603,4.512287059
Gionee,Android,12.83,13.0,5.0,32.0,4.0,3150.0,147.0,2015,829,4.803036954,5.667740703
Gionee,Android,12.7,8.0,5.0,16.0,4.0,2400.0,136.6,2015,967,4.138520925,4.87557893
Gionee,Android,15.24,24.0,8.0,64.0,4.0,3500.0,210.0,2015,1022,5.3574821,6.174743978
Gionee,Android,12.7,8.0,5.0,16.0,4.0,5000.0,176.0,2015,1054,4.548494009,5.392672545
Gionee,Android,12.83,13.0,5.0,32.0,4.0,6020.0,211.0,2015,892,5.004885462,5.799153259
Gionee,Android,10.29,5.0,2.0,32.0,4.0,1800.0,176.0,2015,886,3.883829271,4.791068671
Gionee,Android,12.75,13.0,8.0,16.0,4.0,2700.0,125.3,2015,623,4.904904339,5.985672807
Gionee,Android,12.7,8.0,2.0,32.0,4.0,5000.0,180.3,2014,950,4.160912273,5.137737732
Gionee,Android,10.36,8.0,5.0,16.0,4.0,2050.0,97.7,2014,911,4.185555442,5.479054335
Gionee,Android,12.7,5.0,2.0,32.0,4.0,1950.0,150.0,2015,595,4.033709524,4.802380355
Gionee,Android,10.29,5.0,2.0,32.0,4.0,1800.0,88.2,2014,547,3.89324785,4.598246271
Gionee,Android,12.7,13.0,5.0,16.0,4.0,2300.0,133.0,2014,699,4.783232686,5.602635293
Gionee,Android,10.34,13.0,0.3,16.0,4.0,1800.0,142.9,2013,1000,4.461415282,5.427106281
Gionee,Android,12.83,16.0,8.0,16.0,4.0,2500.0,150.0,2013,738,4.632104187,5.831325137
Gionee,Android,12.7,13.0,5.0,32.0,4.0,2000.0,142.9,2013,632,4.417031744,5.522580291
Gionee,Android,10.36,8.0,5.0,16.0,4.0,2000.0,135.0,2013,894,4.360675309,5.297066585
Gionee,Android,10.34,8.0,2.0,16.0,4.0,1800.0,142.9,2013,753,3.86388263,5.192289962
Gionee,Android,12.7,8.0,2.0,16.0,4.0,4200.0,115.35,2014,614,3.689129423,4.865532448
Gionee,Android,12.88,13.0,5.0,16.0,4.0,3200.0,115.35,2014,939,4.256179925,5.395534817
Gionee,Android,12.83,5.0,0.3,16.0,4.0,2250.0,142.9,2013,682,3.660222745,4.699297849
Gionee,Android,12.78,8.0,2.0,16.0,4.0,3000.0,142.9,2013,755,3.938664936,5.063923264
Gionee,Android,12.7,8.0,0.3,16.0,4.0,2100.0,142.9,2013,541,3.740047741,4.603268379
Gionee,Android,10.24,5.0,0.3,16.0,4.0,1700.0,142.9,2013,872,3.374511116,4.524285457
Gionee,Android,10.16,5.0,0.3,16.0,4.0,1700.0,142.9,2013,779,3.348850901,4.249209273
Gionee,Android,7.75,2.0,0.3,512.0,0.25,1500.0,142.9,2013,602,3.104586678,4.099166253
Gionee,Android,10.03,2.0,0.3,16.0,4.0,1700.0,142.9,2013,848,3.47010136,4.494908792
Gionee,Android,7.75,3.15,0.3,16.0,4.0,1500.0,142.9,2013,824,3.335057579,4.097173889
Gionee,Android,10.24,5.0,0.3,16.0,4.0,1800.0,142.9,2013,834,3.812865434,4.606968568
Gionee,Android,10.29,5.0,0.3,16.0,4.0,1800.0,142.9,2013,688,3.535145354,4.698113932
Gionee,Android,11.81,8.0,1.0,16.0,4.0,2100.0,142.9,2013,719,4.346787983,5.140844508
Google,Android,15.32,12.2,,64.0,4.0,3430.0,184.0,2018,475,5.573825638,6.865974492
Google,Android,12.83,12.2,,64.0,4.0,2915.0,148.0,2018,424,4.464988155,6.745083397
Google,Android,12.7,12.2,8.0,64.0,4.0,2700.0,143.0,2017,890,4.825028346,6.310845121
Google,Android,15.24,12.2,8.0,64.0,4.0,3520.0,175.0,2017,554,5.247760643,6.272367443
Google,Android,12.83,12.3,8.0,32.0,4.0,3450.0,168.0,2016,1021,5.042586055,5.936955562
Google,Android,12.7,12.3,8.0,32.0,4.0,2770.0,143.0,2016,848,4.565077092,5.671810095
Google,Android,25.45,8.0,2.0,32.0,4.0,9240.0,517.0,2015,584,5.032201072,5.826059103
Others,Android,12.83,13.0,5.0,32.0,4.0,3000.0,160.0,2017,556,4.177306083,4.783734694
Honor,Android,15.77,13.0,32.0,256.0,4.0,3400.0,164.0,2019,372,5.303105883,5.343147318
Honor,Android,15.77,13.0,32.0,128.0,4.0,3400.0,164.0,2019,289,4.974178757,5.634396669
Honor,Android,15.47,13.0,8.0,64.0,4.0,3020.0,150.0,2019,431,4.782144136,5.296165052
Honor,Android,20.32,8.0,8.0,64.0,4.0,5100.0,310.0,2019,190,4.789822358,5.295964601
Honor,Android,15.34,13.0,25.0,256.0,4.0,4000.0,180.0,2018,410,5.414677168,6.346828632
Honor,Android,16.23,13.0,16.0,128.0,4.0,3500.0,206.0,2019,396,5.131081447,6.218121918
Honor,Android,16.23,13.0,14.5,128.0,4.0,3500.0,206.0,2018,443,4.896570338,6.309263518
Honor,Android,15.47,13.0,8.0,32.0,4.0,3020.0,150.0,2019,283,4.270955399,4.610356713
Honor,Android,15.77,13.0,24.0,64.0,4.0,3400.0,162.0,2018,720,4.743278588,5.345391774
Honor,Android,15.9,13.0,8.0,32.0,4.0,4000.0,167.0,2018,680,4.353241283,5.136386499
Honor,Android,15.37,13.0,16.0,64.0,4.0,3750.0,175.0,2018,718,4.961234944,5.602598411
Honor,Android,18.08,13.0,8.0,64.0,4.0,5000.0,210.0,2018,535,4.64851699,5.521660898
Honor,Android,17.65,13.0,13.0,128.0,4.0,5000.0,230.0,2018,557,4.698296164,5.989412443
Honor,Android,14.83,13.0,16.0,64.0,4.0,3000.0,152.0,2018,626,4.938637914,5.390303847
Honor,Android,15.32,13.0,16.0,64.0,4.0,3750.0,176.0,2018,455,5.078667704,5.766381616
Honor,Android,13.84,13.0,5.0,16.0,4.0,3020.0,142.0,2018,697,4.406475315,4.700389453
Honor,Android,14.83,13.0,24.0,64.0,4.0,3400.0,153.0,2018,420,5.302857047,5.993612239
Honor,Android,12.88,13.0,8.0,32.0,4.0,3000.0,150.0,2018,663,4.243769809,4.776093698
Honor,Android,15.21,13.0,8.0,32.0,4.0,3000.0,164.0,2018,641,4.480400299,5.293103799
Honor,Android,14.35,13.0,8.0,64.0,4.0,3000.0,149.0,2017,778,4.671613143,5.242170206
Honor,Android,15.06,13.0,8.0,64.0,4.0,3340.0,165.0,2017,628,4.819555496,5.663828159
Honor,Android,15.21,13.0,13.0,128.0,4.0,3750.0,172.0,2017,814,4.687303016,5.917091155
Honor,Android,12.75,13.0,8.0,32.0,4.0,3000.0,145.0,2017,632,4.609759638,5.192734604
Honor,Android,13.08,13.0,8.0,64.0,4.0,3200.0,155.0,2017,751,4.477450444,5.742682624
Honor,Android,12.7,13.0,5.0,32.0,4.0,3020.0,143.0,2017,683,4.177459469,4.856551279
Honor,Android,12.88,12.0,8.0,64.0,4.0,4000.0,184.0,2017,557,4.825670246,5.969448973
Honor,Android,12.93,12.0,8.0,64.0,4.0,2900.0,145.0,2016,729,4.839767887,5.989713014
Honor,Android,12.88,12.0,8.0,32.0,4.0,3500.0,170.0,2016,675,4.714114273,5.767038924
Honor,Android,20.32,8.0,2.0,16.0,4.0,4800.0,340.0,2016,1027,4.356324137,5.433765671
Honor,Android,12.83,13.0,8.0,64.0,4.0,3300.0,162.0,2016,595,4.703928958,5.187665096
Honor,Android,12.83,13.0,8.0,16.0,4.0,3100.0,168.0,2016,670,4.29374172,4.932169121
Honor,Android,15.39,13.0,5.0,32.0,4.0,4500.0,219.0,2016,1014,4.420405648,5.992014396
Honor,Android,12.75,12.0,8.0,32.0,4.0,3000.0,153.0,2016,1039,4.790487252,5.555630434
Honor,Android,12.7,13.0,5.0,16.0,4.0,2200.0,140.0,2016,672,4.424607082,4.78548974
Honor,Android,12.75,13.0,8.0,16.0,4.0,3300.0,156.0,2016,556,4.596835549,5.135739612
Honor,Android,12.7,13.0,5.0,16.0,4.0,4000.0,160.0,2016,1001,4.455393261,4.946416722
Honor,Android,12.83,13.0,5.0,16.0,4.0,3000.0,158.0,2015,826,4.46383701,5.193512252
Honor,Android,12.75,13.0,13.0,32.0,4.0,3100.0,160.0,2015,592,4.765416535,5.737604023
Honor,Android,12.75,20.0,8.0,16.0,4.0,3100.0,157.0,2015,960,4.405132623,5.705481031
Honor,Android,10.29,8.0,2.0,32.0,4.0,1730.0,159.0,2015,894,3.883006056,4.248209487
Honor,Android,12.7,13.0,5.0,32.0,4.0,2550.0,162.0,2015,727,4.315352501,5.137913845
Honor,Android,12.83,8.0,8.0,16.0,4.0,3600.0,165.0,2014,1083,4.321878462,5.765253797
Honor,Android,12.83,13.0,5.0,32.0,4.0,3000.0,165.0,2014,904,4.572337029,5.294409742
Honor,Android,12.7,8.0,2.0,16.0,4.0,2000.0,156.0,2014,700,3.981362484,4.62399194
Honor,Android,12.7,8.0,2.0,32.0,4.0,2000.0,160.0,2014,847,3.855875845,4.605070181
Honor,Android,12.7,8.0,2.0,16.0,4.0,2000.0,156.0,2014,545,3.872658282,4.862057943
Honor,Android,12.7,13.0,5.0,16.0,4.0,3100.0,130.0,2014,829,4.640151155,5.674628257
Honor,Android,12.83,13.0,5.0,32.0,4.0,3000.0,162.0,2014,668,4.142658423,5.297517046
Honor,Android,12.7,8.0,5.0,32.0,4.0,2300.0,140.0,2014,805,4.50821866,5.295062074
Honor,Android,12.83,13.0,5.0,32.0,4.0,3000.0,162.0,2013,1083,4.49880917,5.515644033
Honor,Android,12.7,8.0,5.0,32.0,4.0,2300.0,140.0,2013,1090,4.159195535,4.947198388
Honor,Android,10.34,13.0,1.3,32.0,4.0,2150.0,138.0,2013,840,4.390862483,5.433328913
Others,Windows,15.14,16.0,8.0,64.0,4.0,4150.0,195.0,2016,711,5.427853288,6.550308609
Others,Android,30.56,8.0,2.0,32.0,4.0,2500.0,850.0,2015,652,5.239310186,6.194772671
Others,Android,25.43,5.0,2.0,16.0,4.0,8380.0,855.0,2015,889,5.163585253,5.480263853
Others,Android,19.96,8.0,2.0,16.0,4.0,5900.0,350.0,2015,976,4.849135453,5.965608133
Others,Android,15.24,8.0,2.0,16.0,4.0,3000.0,160.0,2014,900,4.054216771,5.304050898
Others,Android,17.65,5.0,0.3,32.0,4.0,3000.0,305.0,2014,806,4.494350351,4.957445466
Others,Android,17.78,2.0,0.3,32.0,4.0,2800.0,294.8,2014,634,4.18235544,4.240607069
Others,Android,19.94,2.0,0.3,16.0,4.0,3800.0,313.0,2014,664,4.297285406,4.792230497
Others,Android,17.78,13.0,5.0,16.0,4.0,5000.0,239.0,2014,678,5.062088576,5.996277944
Others,Android,17.78,5.0,2.0,16.0,4.0,4100.0,325.0,2014,601,4.613039144,5.198938923
Others,Android,15.24,5.0,2.0,16.0,4.0,3000.0,160.0,2014,930,4.459450532,5.595863132
Others,Android,25.4,5.0,2.0,16.0,4.0,7000.0,626.0,2013,591,5.02427518,5.391671088
Others,Android,17.78,5.0,0.3,16.0,4.0,4100.0,319.8,2013,939,4.428790939,5.006627273
Others,Android,17.78,5.0,0.3,32.0,4.0,4000.0,340.2,2013,621,4.399006655,4.69217323
Others,Android,17.78,3.15,0.3,32.0,4.0,2000.0,372.0,2013,855,4.418238017,4.862753811
HTC,Android,12.88,13.0,13.0,64.0,4.0,3075.0,150.0,2018,687,4.757719584,5.299616522
HTC,Android,15.24,13.0,13.0,128.0,4.0,3600.0,175.0,2018,682,4.668426636,5.701813872
HTC,Android,15.24,13.0,10.5,64.0,4.0,3500.0,188.0,2018,384,5.414588148,6.478325293
HTC,Android,15.24,13.0,8.0,32.0,4.0,2965.0,157.5,2018,537,4.806640562,5.521940803
HTC,Android,12.83,13.0,5.0,32.0,4.0,2730.0,137.0,2018,708,4.065945088,4.864452784
HTC,Android,15.24,12.0,10.5,64.0,4.0,3930.0,185.0,2018,426,5.087411133,5.993687075
HTC,Android,15.24,12.0,8.0,128.0,4.0,3930.0,188.0,2017,561,4.669364898,6.492724566
HTC,Android,12.75,16.0,16.0,64.0,4.0,2600.0,142.0,2017,859,4.664570529,5.34834486
HTC,Android,12.83,12.0,16.0,128.0,4.0,3000.0,169.0,2017,634,5.099744469,5.916309874
HTC,Android,12.83,16.0,8.0,32.0,4.0,3000.0,175.0,2017,669,4.39432569,5.301163313
HTC,Android,12.88,12.0,16.0,64.0,4.0,3000.0,170.0,2017,880,4.912140047,5.521020821
HTC,Android,12.75,16.0,16.0,64.0,4.0,2500.0,145.0,2017,774,4.789572909,5.016882407
HTC,Android,12.83,16.0,8.0,32.0,4.0,3200.0,174.0,2016,728,4.625364893,5.439426228
HTC,Android,12.7,13.0,5.0,16.0,4.0,2200.0,140.0,2016,744,4.009875406,5.15282906
HTC,Android,12.83,20.0,13.0,64.0,4.0,3000.0,165.0,2016,562,4.718409582,5.564903476
HTC,Android,12.83,13.0,5.0,32.0,4.0,2700.0,155.0,2016,682,4.505681287,5.304050898
HTC,Android,12.7,13.0,5.0,32.0,4.0,2300.0,149.8,2016,948,4.562053895,5.019198525
HTC,Android,12.83,13.0,5.0,32.0,4.0,2800.0,153.0,2016,714,4.543826556,5.393991117
HTC,Android,12.7,13.0,5.0,32.0,4.0,2200.0,142.0,2016,1031,4.259435182,5.304846009
HTC,Android,12.7,13.0,4.0,16.0,4.0,2840.0,158.0,2016,828,4.553771623,5.521540915
HTC,Android,12.83,13.0,4.0,32.0,4.0,2800.0,156.0,2016,748,4.439351701,5.294158731
HTC,Android,12.7,13.0,4.0,16.0,4.0,2840.0,158.0,2016,738,4.566325402,5.344437302
HTC,Android,12.75,12.0,5.0,32.0,4.0,3000.0,161.0,2016,692,4.175770928,5.523578674
HTC,Android,12.75,12.0,5.0,32.0,4.0,3000.0,161.0,2016,1001,4.746409298,5.698568908
HTC,Android,12.83,13.0,5.0,16.0,4.0,2700.0,155.0,2016,703,4.493456196,5.481513541
HTC,Android,12.7,13.0,5.0,16.0,4.0,2200.0,140.0,2016,597,4.609560534,5.243174567
HTC,Android,12.7,8.0,5.0,16.0,4.0,2200.0,140.0,2016,699,4.100326634,5.140024788
HTC,Android,12.7,5.0,1.3,32.0,4.0,2000.0,140.1,2016,790,3.852060664,4.237723145
HTC,Android,12.83,13.0,5.0,32.0,4.0,3000.0,170.0,2015,909,4.880526609,5.709996461
HTC,Android,12.7,13.0,4.0,16.0,4.0,2840.0,158.0,2015,559,4.131640347,5.601269752
HTC,Android,12.83,13.0,4.0,16.0,4.0,2800.0,155.0,2015,565,4.730745009,5.516367971
HTC,Android,12.83,13.0,5.0,16.0,4.0,2800.0,153.0,2015,921,4.587515251,5.487945499
HTC,Android,12.83,13.0,4.0,16.0,4.0,2600.0,165.0,2015,719,4.119524861,5.735830087
HTC,Android,12.75,20.2,13.0,32.0,4.0,2700.0,161.0,2015,574,4.703294584,5.701346176
HTC,Android,12.7,13.0,4.0,16.0,4.0,2150.0,143.0,2015,690,4.666359354,5.700376682
HTC,Android,12.75,21.0,4.0,32.0,4.0,2840.0,168.0,2015,895,4.404766122,6.174972899
HTC,Android,12.7,8.0,2.0,32.0,4.0,2000.0,138.9,2015,857,4.256605125,5.254887809
HTC,Android,10.34,8.0,2.0,32.0,4.0,2000.0,156.0,2015,700,3.948354935,4.695193689
HTC,Android,12.75,20.0,4.0,32.0,4.0,2840.0,155.0,2015,863,4.812021741,5.826000107
HTC,Android,12.83,13.0,8.0,16.0,4.0,2600.0,154.5,2015,916,4.144879236,5.186603377
HTC,Android,10.29,8.0,2.0,32.0,4.0,2000.0,146.0,2015,892,4.227855121,4.879006852
HTC,Android,12.75,13.0,4.0,32.0,4.0,2840.0,168.0,2015,714,4.88741249,5.709333705
HTC,Android,12.7,13.0,5.0,16.0,4.0,2840.0,160.0,2015,945,4.92180408,5.798031486
HTC,Android,12.83,20.0,13.0,32.0,4.0,2800.0,150.0,2015,795,4.985454229,5.770007074
HTC,Android,12.83,13.0,4.0,16.0,4.0,2800.0,147.0,2015,598,4.167285187,5.768320996
HTC,Android,12.7,20.0,4.0,32.0,4.0,2840.0,157.0,2015,604,4.932889945,5.885937351
HTC,Android,12.83,13.0,8.0,16.0,4.0,2600.0,155.0,2015,1092,4.16852396,5.91609424
HTC,Android,12.7,13.0,5.0,32.0,4.0,2000.0,138.0,2015,874,4.048649603,5.523219371
HTC,Android,12.7,13.0,5.0,16.0,4.0,2000.0,140.0,2014,602,4.239454497,5.194788506
HTC,Android,10.34,8.0,2.0,32.0,4.0,2000.0,154.0,2015,986,4.101651137,5.073359671
HTC,Android,12.83,13.0,4.0,16.0,4.0,2600.0,183.0,2015,823,4.576153237,5.302408984
HTC,Android,10.29,5.0,0.3,32.0,4.0,2100.0,145.0,2015,995,3.803992261,4.378520495
HTC,Android,12.7,8.0,5.0,32.0,4.0,2100.0,160.0,2014,1044,4.258445573,5.247287195
HTC,Android,12.7,8.0,5.0,32.0,4.0,2100.0,160.0,2014,1066,4.143928062,5.194178327
HTC,Android,20.55,8.0,1.6,16.0,4.0,6700.0,425.0,2014,942,5.057773301,5.699774453
HTC,Android,12.83,13.0,5.0,32.0,4.0,2600.0,158.0,2014,1002,4.457481913,5.559527119
HTC,Android,12.7,13.0,5.0,16.0,4.0,2600.0,160.0,2014,806,4.461761603,5.559488612
HTC,Android,12.75,13.0,13.0,16.0,4.0,2400.0,154.0,2014,703,4.462684538,5.940434376
HTC,Android,10.34,8.0,1.3,32.0,4.0,2040.0,146.0,2014,973,4.470037512,5.476003195
HTC,Android,12.83,13.0,8.0,16.0,4.0,2600.0,155.0,2014,761,4.674696249,5.556094202
HTC,Android,12.83,13.0,8.0,16.0,4.0,2600.0,155.0,2014,757,4.382901252,5.773370724
HTC,Android,12.83,13.0,8.0,16.0,4.0,2600.0,155.0,2014,928,4.239166147,5.832351575
HTC,Android,12.7,13.0,5.0,16.0,4.0,2600.0,164.0,2014,1057,4.766608532,5.860472784
HTC,Android,10.34,5.0,0.3,32.0,4.0,2100.0,158.0,2014,773,4.206333064,5.307376211
HTC,Windows,12.7,4.0,5.0,32.0,4.0,2600.0,160.0,2014,640,4.166355098,5.705181496
HTC,Windows,12.7,4.0,5.0,32.0,4.0,2600.0,160.0,2014,1028,4.736461572,5.70348243
HTC,Android,12.7,13.0,5.0,16.0,4.0,2700.0,151.0,2014,754,4.185403293,5.523379077
HTC,Android,10.29,13.0,5.0,16.0,4.0,2100.0,137.0,2014,697,4.407572542,5.628052675
HTC,Android,12.7,4.0,5.0,16.0,4.0,2600.0,160.0,2014,1047,4.713755496,5.700109069
HTC,Android,12.7,5.0,2.0,16.0,4.0,1950.0,160.0,2014,977,3.96726848,5.07991257
HTC,Android,12.7,13.0,5.0,16.0,4.0,2600.0,145.0,2014,1081,4.808682295,6.040326137
HTC,Android,10.29,13.0,5.0,16.0,4.0,2110.0,137.0,2014,1090,4.340292766,5.516327766
HTC,Android,12.7,8.0,2.0,16.0,4.0,2000.0,150.0,2014,1044,3.962906216,5.196616812
HTC,Android,10.16,5.0,0.3,16.0,4.0,1300.0,130.0,2014,838,3.938664936,4.615120517
HTC,Android,12.7,4.0,5.0,32.0,4.0,2600.0,160.0,2014,768,4.237000863,5.524137333
HTC,Android,12.7,4.0,5.0,16.0,4.0,2600.0,160.0,2014,608,4.572956864,5.521340911
HTC,Android,10.29,5.0,0.3,16.0,4.0,2000.0,140.0,2014,641,3.584351925,4.93562435
HTC,Android,10.29,5.0,0.3,16.0,4.0,2000.0,140.0,2014,613,3.58407434,5.011368359
HTC,Android,12.83,13.0,5.0,32.0,4.0,2600.0,165.0,2014,620,4.117409835,5.52317944
HTC,Android,12.83,13.0,5.0,32.0,4.0,2600.0,165.0,2014,575,4.618382517,5.52001988
HTC,Android,10.34,8.0,1.3,32.0,4.0,2040.0,143.5,2014,770,4.061649179,5.301312876
HTC,Android,10.24,8.0,2.1,32.0,4.0,2100.0,130.0,2013,996,4.372102553,5.248654322
HTC,Android,12.7,8.0,2.1,32.0,4.0,2100.0,149.0,2014,683,4.233526626,5.395126422
HTC,Android,12.7,8.0,2.1,32.0,4.0,2100.0,149.0,2013,579,4.633757643,5.513307771
HTC,Android,10.29,5.0,0.3,16.0,4.0,2100.0,130.0,2013,959,3.673511977,5.60241398
HTC,Android,10.24,8.0,2.1,32.0,4.0,2100.0,130.0,2013,555,4.506233438,5.487780031
HTC,Android,12.93,4.0,2.1,16.0,4.0,3300.0,217.0,2013,683,4.742320024,5.91242134
HTC,Android,10.24,5.0,0.3,16.0,4.0,1650.0,120.0,2013,1018,4.025351691,5.065880768
HTC,Android,10.29,5.0,0.3,32.0,4.0,2100.0,130.0,2013,814,4.373616367,5.440858053
HTC,Android,10.24,8.0,1.6,16.0,4.0,1800.0,123.0,2013,770,4.217004575,5.190342325
HTC,Android,10.24,4.0,1.6,16.0,4.0,1800.0,122.0,2013,920,4.172847624,5.476589067
HTC,Windows,10.24,8.0,1.6,32.0,4.0,1800.0,120.0,2013,686,3.764218811,5.142949279
HTC,Android,12.7,4.0,2.1,16.0,4.0,3200.0,160.0,2013,845,3.642835516,5.699171862
HTC,Android,7.75,5.0,1.6,16.0,4.0,1230.0,100.0,2013,833,3.827336197,4.61234439
HTC,Android,10.29,8.0,1.6,32.0,4.0,1860.0,130.0,2013,1072,4.402931595,5.665561262
HTC,Android,10.24,5.0,1.6,16.0,4.0,2000.0,123.9,2013,836,4.244200318,5.305590851
HTC,Android,11.89,4.0,2.1,32.0,4.0,2300.0,156.0,2013,848,4.274580613,5.705514308
HTC,Android,10.34,4.0,2.1,32.0,4.0,2300.0,143.0,2013,778,3.729301369,5.597458532
HTC,Android,10.16,5.0,1.6,16.0,4.0,1650.0,114.0,2013,947,3.456316681,5.011634794
HTC,Android,10.16,5.0,1.6,16.0,4.0,1650.0,107.0,2013,1070,4.044804117,5.196173893
Huawei,Android,16.43,13.0,32.0,128.0,4.0,4200.0,192.0,2019,515,5.426578646,6.780864645
Huawei,Android,15.27,13.0,32.0,64.0,4.0,3650.0,165.0,2019,359,5.022959044,6.523312642
Huawei,Android,15.62,13.0,32.0,128.0,4.0,3340.0,159.0,2019,473,5.095956354,5.671775679
Huawei,Android,15.62,13.0,32.0,128.0,4.0,3340.0,159.0,2019,210,4.882650396,5.596642599
Huawei,Android,15.47,13.0,8.0,32.0,4.0,3020.0,150.0,2019,476,4.439233658,4.792976673
Huawei,Android,15.77,13.0,8.0,64.0,4.0,3400.0,160.0,2019,381,4.469006761,5.291745821
Huawei,Android,18.08,13.0,8.0,128.0,4.0,5000.0,210.0,2018,689,5.003409249,5.638354669
Huawei,Android,20.32,13.0,16.0,512.0,4.0,4500.0,295.0,2019,434,5.887797042,7.741042591
Huawei,Android,20.32,13.0,8.0,64.0,4.0,5100.0,310.0,2019,516,4.747884288,5.083823796
Huawei,Android,15.47,13.0,8.0,32.0,4.0,3020.0,150.0,2019,499,4.212127598,4.78256295
Huawei,Android,15.47,13.0,8.0,32.0,4.0,3020.0,150.0,2019,295,4.246636373,5.011901159
Huawei,Android,15.9,13.0,8.0,32.0,4.0,4000.0,168.0,2019,399,4.439587745,5.016352254
Huawei,Android,15.9,13.0,16.0,32.0,4.0,4000.0,168.0,2019,456,4.687026632,5.299916088
Huawei,Android,15.9,13.0,16.0,32.0,4.0,4000.0,168.0,2019,442,4.713396591,5.190565104
Huawei,Android,13.84,8.0,5.0,16.0,4.0,3020.0,142.0,2018,389,4.001498012,4.608265391
Huawei,Android,15.34,13.0,25.0,128.0,4.0,3750.0,172.0,2018,365,5.296666004,6.173931927
Huawei,Android,15.77,13.0,16.0,32.0,4.0,3400.0,160.0,2018,541,4.92180408,5.525452939
Huawei,Android,16.23,13.0,24.0,256.0,4.0,4200.0,187.0,2018,365,6.109092015,7.377940142
Huawei,Android,17.83,13.0,24.0,128.0,4.0,5000.0,232.0,2018,441,4.885525483,6.685561277
Huawei,Android,16.23,13.0,24.0,256.0,4.0,4200.0,189.0,2018,702,5.496676301,6.779842359
Huawei,Android,16.59,13.0,24.0,128.0,4.0,4000.0,188.0,2018,448,4.901415489,6.461671281
Huawei,Android,25.43,5.0,2.0,32.0,4.0,5100.0,460.0,2018,651,4.6226171,5.297967305
Huawei,Android,25.43,8.0,8.0,64.0,4.0,7500.0,475.0,2018,708,5.232978525,5.70388247
Huawei,Android,15.37,13.0,8.0,128.0,4.0,4000.0,173.0,2018,654,4.53635587,5.393673
Huawei,Android,15.32,13.0,8.0,64.0,4.0,3750.0,172.0,2018,575,4.721440968,5.702681869
Huawei,Android,15.77,13.0,8.0,64.0,4.0,3400.0,160.0,2018,387,4.855306142,5.865986355
Huawei,Android,15.32,13.0,8.0,128.0,4.0,3340.0,169.0,2018,496,4.81510691,5.389802057
Huawei,Android,15.32,13.0,8.0,128.0,4.0,3750.0,166.0,2018,399,4.944353031,5.988535261
Huawei,Android,13.84,13.0,5.0,16.0,4.0,3020.0,142.0,2018,453,4.037950562,4.598044861
Huawei,Android,12.7,8.0,2.0,32.0,4.0,2280.0,175.0,2018,563,3.999117712,4.499920775
Huawei,Android,12.88,13.0,8.0,32.0,4.0,3000.0,150.0,2018,530,4.416669578,4.951804895
Huawei,Android,12.88,13.0,5.0,16.0,4.0,3000.0,150.0,2018,505,4.091005661,5.021838965
Huawei,Android,15.24,13.0,24.0,256.0,4.0,4000.0,183.0,2018,658,5.523019702,7.170304142
Huawei,Android,15.27,13.0,24.0,64.0,4.0,4000.0,180.0,2018,700,4.701843073,6.425679069
Huawei,Android,12.9,13.0,24.0,64.0,4.0,3400.0,165.0,2018,371,4.694645192,6.087637991
Huawei,Android,14.83,13.0,16.0,32.0,4.0,3000.0,145.0,2018,457,4.626246512,5.387655202
Huawei,Android,15.21,13.0,8.0,32.0,4.0,3000.0,155.0,2018,624,4.282620578,5.007296393
Huawei,Android,15.21,13.0,8.0,32.0,4.0,3000.0,155.0,2018,617,4.515573652,5.129010747
Huawei,Android,15.21,13.0,8.0,16.0,4.0,3000.0,155.0,2018,653,4.508769412,5.01349786
Huawei,Android,15.06,13.0,8.0,64.0,4.0,4000.0,170.0,2018,706,4.773984259,5.390759802
Huawei,Android,25.6,13.0,8.0,64.0,4.0,7500.0,498.0,2018,537,4.976457842,5.968119152
Huawei,Android,25.6,13.0,8.0,32.0,4.0,7500.0,498.0,2018,522,4.888919535,5.705381196
Huawei,Android,20.42,13.0,8.0,32.0,4.0,5100.0,316.0,2018,667,4.617395156,5.798365117
Huawei,Android,14.35,8.0,8.0,64.0,4.0,3000.0,143.0,2017,862,4.480400299,5.136268915
Huawei,Android,15.24,8.0,8.0,128.0,4.0,3340.0,169.0,2017,568,4.858416081,5.706844449
Huawei,Android,15.24,8.0,8.0,256.0,4.0,4000.0,178.0,2017,624,4.673296015,7.089768455
Huawei,Android,15.24,8.0,8.0,128.0,4.0,4000.0,178.0,2017,839,5.13996621,5.993761906
Huawei,Android,12.93,8.0,8.0,64.0,4.0,4000.0,186.0,2017,762,4.260847213,6.086729271
Huawei,Android,12.93,8.0,8.0,64.0,4.0,3340.0,164.0,2017,816,4.494797129,5.302309388
Huawei,Android,12.7,13.0,5.0,16.0,4.0,3020.0,145.0,2017,699,4.41255584,5.019462883
Huawei,Android,12.83,12.0,8.0,32.0,4.0,4000.0,165.0,2017,821,4.643621372,5.195841575
Huawei,Android,20.32,8.0,8.0,16.0,4.0,4800.0,310.0,2017,773,4.853903508,5.598644157
Huawei,Android,23.01,5.0,2.0,32.0,4.0,4800.0,460.0,2017,859,4.815269024,5.196948872
Huawei,Android,25.43,8.0,8.0,16.0,4.0,6660.0,310.0,2017,599,4.668426636,5.515241618
Huawei,Android,12.83,8.0,20.0,64.0,4.0,3340.0,169.0,2017,778,5.052097084,5.862607925
Huawei,Android,12.7,8.0,20.0,64.0,4.0,2950.0,143.0,2017,788,4.469923037,5.699339285
Huawei,Android,12.7,13.0,5.0,16.0,4.0,2200.0,140.0,2016,1069,4.432600921,4.874433673
Huawei,Android,20.32,5.0,2.0,32.0,4.0,4800.0,350.0,2017,690,4.531738908,5.071667676
Huawei,Android,17.78,2.0,2.0,16.0,4.0,3340.0,250.0,2017,809,4.211238314,4.610257225
Huawei,Android,12.83,12.0,8.0,16.0,4.0,4000.0,165.0,2017,570,4.383275854,5.074423534
Huawei,Android,12.7,13.0,5.0,16.0,4.0,3000.0,150.0,2017,846,4.367293635,4.943782987
Huawei,Android,12.7,8.0,5.0,16.0,4.0,3000.0,150.0,2017,896,4.140750935,4.780802755
Huawei,Android,12.7,8.0,2.0,32.0,4.0,2200.0,175.0,2017,689,4.146778872,4.475516978
Huawei,Android,12.83,8.0,8.0,128.0,4.0,3750.0,165.0,2017,691,4.406597289,6.107802094
Huawei,Android,12.73,8.0,8.0,32.0,4.0,3200.0,145.0,2017,808,4.08832649,5.796878083
Huawei,Android,12.75,12.0,8.0,64.0,4.0,3000.0,146.0,2017,745,4.401338946,5.446651161
Huawei,Android,12.75,12.0,8.0,16.0,4.0,3000.0,147.0,2017,786,4.194793034,5.132380839
Huawei,Android,12.7,13.0,5.0,16.0,4.0,3020.0,138.0,2016,1059,4.694553747,5.522780047
Huawei,Android,12.83,12.5,8.0,128.0,4.0,4000.0,169.0,2016,1029,4.638314785,5.988560334
Huawei,Android,12.83,12.5,8.0,256.0,4.0,4000.0,169.0,2016,848,5.790082488,6.826024481
Huawei,Android,12.93,12.5,8.0,64.0,4.0,4000.0,190.0,2016,1082,4.677025623,5.990063566
Huawei,Android,12.7,13.0,5.0,16.0,4.0,4100.0,145.0,2016,892,4.175156205,5.311776386
Huawei,Android,20.42,8.0,8.0,32.0,4.0,5100.0,326.0,2016,613,4.939783553,5.630853295
Huawei,Android,12.83,16.0,8.0,32.0,4.0,3340.0,160.0,2016,707,4.859889921,5.861669025
Huawei,Android,12.7,12.0,8.0,32.0,4.0,3020.0,146.0,2016,728,4.599554447,5.706212852
Huawei,Android,25.4,8.0,2.0,16.0,4.0,6660.0,495.0,2016,1049,4.870069696,5.483343596
Huawei,Android,17.78,13.0,5.0,32.0,4.0,4360.0,250.0,2016,1044,4.767629114,5.437078809
Huawei,Android,17.78,2.0,2.0,16.0,4.0,4100.0,278.0,2016,1038,4.097506226,5.011901159
Huawei,Android,12.83,16.0,8.0,64.0,4.0,3340.0,160.0,2016,686,4.98620598,5.639137281
Huawei,Android,17.78,5.0,2.0,16.0,4.0,4100.0,278.0,2016,669,4.384024637,4.602165677
Huawei,Android,17.78,13.0,5.0,16.0,4.0,4360.0,250.0,2016,702,4.666171208,5.299566586
Huawei,Android,10.29,5.0,2.0,32.0,4.0,2100.0,150.0,2016,926,3.694612986,4.393584584
Huawei,Android,12.7,8.0,2.0,32.0,4.0,2200.0,135.0,2016,1009,4.111037785,4.701207374
Huawei,Android,12.75,13.0,8.0,16.0,4.0,4000.0,147.0,2016,593,4.179604406,5.345105528
Huawei,Android,12.83,12.0,8.0,64.0,4.0,3400.0,162.0,2016,750,4.285102653,6.067151629
Huawei,Android,12.75,12.0,8.0,32.0,4.0,3000.0,144.0,2016,551,4.427477898,5.829945118
Huawei,Android,25.43,13.0,5.0,16.0,4.0,6660.0,500.0,2016,1007,4.94883081,5.520940783
Huawei,Android,12.7,13.0,5.0,16.0,4.0,2200.0,135.0,2015,879,4.579236804,5.293254572
Huawei,Android,15.24,16.0,8.0,32.0,4.0,4000.0,185.0,2015,540,4.878322207,5.706744749
Huawei,Android,12.83,13.0,5.0,32.0,4.0,3000.0,167.0,2015,975,4.588125751,5.303056121
Huawei,Android,12.7,13.0,5.0,16.0,4.0,4000.0,160.0,2015,631,4.351438553,5.235537298
Huawei,Android,12.88,12.3,8.0,32.0,4.0,3450.0,178.0,2015,1037,4.527640983,5.701713669
Huawei,Android,12.83,13.0,8.0,32.0,4.0,2200.0,156.0,2015,794,4.580057485,5.860672257
Huawei,Android,12.7,8.0,2.0,32.0,4.0,2200.0,125.0,2015,1010,4.157006323,4.526343405
Huawei,Android,12.83,13.0,5.0,16.0,4.0,2200.0,167.0,2015,624,4.12049952,5.805586674
Huawei,Android,20.32,8.0,2.0,16.0,4.0,4800.0,330.0,2015,1005,4.83540851,5.525213867
Huawei,Android,10.29,5.0,2.0,32.0,4.0,2000.0,141.5,2015,918,3.936325298,4.712857991
Huawei,Android,12.7,8.0,2.0,16.0,4.0,2000.0,160.0,2015,673,4.019261756,4.863449194
Huawei,Android,12.7,13.0,5.0,16.0,4.0,2200.0,131.0,2015,679,4.460491175,5.197225505
Huawei,Android,12.7,13.0,5.0,16.0,4.0,2200.0,131.0,2015,609,4.307976353,5.128477587
Huawei,Android,15.44,13.0,5.0,64.0,4.0,4360.0,228.0,2015,805,5.097791105,5.990063566
Huawei,Android,12.75,13.0,8.0,16.0,4.0,2680.0,144.0,2015,870,4.725616339,5.439469646
Huawei,Android,12.7,5.0,2.0,32.0,4.0,2200.0,150.0,2015,761,4.039360254,5.148482361
Huawei,Android,17.78,13.0,5.0,16.0,4.0,5000.0,239.0,2015,700,4.58629313,5.915527981
Huawei,Android,12.7,5.0,2.0,16.0,4.0,2000.0,178.0,2015,962,4.097173889,4.943569137
Huawei,Android,10.29,5.0,0.3,16.0,4.0,1950.0,160.0,2015,691,4.01186834,4.688407785
Huawei,Android,10.29,5.0,0.3,16.0,4.0,1750.0,150.0,2014,964,3.509154523,4.38949865
Huawei,Android,7.75,2.0,2.0,16.0,4.0,1350.0,130.0,2014,699,3.735524462,4.864838512
Huawei,Android,15.24,8.0,2.0,32.0,4.0,3500.0,173.0,2014,814,4.398023008,5.299516647
Huawei,Android,15.24,13.0,5.0,64.0,4.0,4100.0,185.0,2014,708,5.090308703,6.212826512
Huawei,Android,23.01,5.0,2.0,32.0,4.0,4800.0,433.0,2015,801,4.497139442,5.193623295
Huawei,Android,20.32,5.0,0.3,32.0,4.0,4800.0,360.0,2014,652,4.548705649,5.000315562
Huawei,Android,17.78,2.0,2.0,32.0,4.0,4100.0,278.0,2015,1016,4.32823021,4.610157727
Huawei,Android,12.7,8.0,2.0,32.0,4.0,2000.0,160.0,2014,1003,3.977623463,5.200263426
Huawei,Android,10.29,5.0,2.0,16.0,4.0,2000.0,153.0,2014,644,3.730021397,4.874510064
Huawei,Android,12.83,13.0,5.0,16.0,4.0,3000.0,165.0,2014,1030,4.802380355,5.568764263
Huawei,Android,15.24,13.0,5.0,16.0,4.0,4100.0,185.0,2014,878,4.364371699,5.829886351
Huawei,Android,12.7,8.0,1.0,16.0,4.0,2000.0,160.0,2014,998,4.331259518,5.138793946
Huawei,Android,10.16,3.15,2.0,16.0,4.0,1500.0,126.0,2014,736,3.540379446,4.255754544
Huawei,Android,12.7,13.0,8.0,16.0,4.0,2500.0,124.0,2014,622,4.301494224,5.517934708
Huawei,Android,10.29,8.0,5.0,32.0,4.0,2000.0,115.0,2014,909,4.412313327,5.204830523
Huawei,Android,12.83,5.0,0.3,16.0,4.0,2300.0,180.0,2014,553,4.184794465,5.60208192
Huawei,Android,12.7,5.0,0.3,16.0,4.0,2100.0,180.0,2014,561,3.874943997,4.602767301
Huawei,Android,25.43,3.15,0.3,32.0,4.0,6600.0,620.0,2014,620,4.898436637,5.855358414
Huawei,Android,10.29,8.0,5.0,32.0,4.0,2000.0,115.0,2014,1005,4.362716386,5.483052675
Huawei,Android,10.29,8.0,5.0,16.0,4.0,2000.0,115.0,2014,845,3.897112393,5.524895015
Huawei,Android,20.32,5.0,1.0,32.0,4.0,4800.0,329.0,2014,591,4.564452353,5.704249032
Huawei,Android,17.78,13.0,5.0,16.0,4.0,5000.0,239.0,2014,682,5.058281948,5.858475864
Huawei,Android,10.29,5.0,0.3,16.0,4.0,1750.0,145.0,2014,698,3.555633735,4.603268379
Huawei,Android,17.78,3.15,0.3,16.0,4.0,4100.0,350.0,2014,550,4.435211888,5.075173815
Huawei,Android,10.34,8.0,5.0,16.0,4.0,2000.0,120.0,2014,800,4.161379964,5.708239195
Huawei,Android,15.27,13.0,5.0,16.0,4.0,4050.0,202.0,2014,722,4.862676516,5.803326105
Huawei,Android,10.16,2.0,0.3,16.0,4.0,1350.0,123.0,2013,638,3.153163282,4.590056548
Huawei,Android,7.75,0.3,0.3,256.0,0.25,1350.0,130.0,2013,575,3.028199464,4.096675178
Huawei,Android,12.7,8.0,1.0,32.0,4.0,2400.0,150.0,2013,654,4.25561271,5.516649361
Huawei,Android,10.29,3.15,0.3,16.0,4.0,1730.0,150.0,2013,724,3.471966453,4.688223741
Huawei,Windows,10.24,5.0,0.3,32.0,4.0,1700.0,160.0,2013,790,3.585461495,5.014560912
Huawei,Android,12.7,8.0,1.3,32.0,4.0,2150.0,155.0,2013,807,3.915815804,5.242593218
Huawei,Android,12.7,5.0,0.3,16.0,4.0,2150.0,170.0,2013,905,3.974058396,4.989411658
Huawei,Android,7.75,3.15,0.3,16.0,4.0,1975.0,150.0,2013,634,3.316002536,3.924939231
Huawei,Android,10.29,5.0,0.3,16.0,4.0,1700.0,155.0,2013,922,4.145829505,5.083141985
Huawei,Android,17.78,3.15,0.3,32.0,4.0,4100.0,335.0,2013,1015,4.362461479,5.204226443
Huawei,Android,10.34,8.0,5.0,32.0,4.0,2000.0,120.0,2013,625,4.034240638,5.436338664
Huawei,Android,10.16,5.0,0.3,16.0,4.0,1730.0,130.0,2013,783,3.706473763,4.515792375
Huawei,Android,10.16,5.0,1.3,16.0,4.0,1650.0,140.0,2013,600,3.942746178,4.765416535
Huawei,Android,7.75,2.0,0.3,512.0,0.25,1700.0,120.0,2013,783,3.237108593,4.233526626
Huawei,Android,10.34,13.0,1.3,16.0,4.0,2420.0,122.0,2013,1016,3.958333908,5.34958066
Huawei,Android,10.29,8.0,1.3,32.0,4.0,2150.0,145.0,2013,894,3.708927149,5.523339153
Huawei,Android,10.29,5.0,0.3,16.0,4.0,1950.0,150.0,2013,887,4.363480717,5.56574571
Huawei,Android,10.16,5.0,0.3,16.0,4.0,1730.0,140.0,2013,742,4.028560822,5.141429611
Huawei,Windows,10.16,5.0,0.3,16.0,4.0,1950.0,130.0,2013,749,3.829293358,5.07467369
Huawei,Android,15.27,8.0,1.0,32.0,4.0,4050.0,198.0,2013,949,4.591476859,5.444709455
Huawei,Android,12.7,13.0,1.3,32.0,4.0,3000.0,170.0,2013,938,4.752123599,5.73879563
Huawei,Android,10.29,5.0,0.3,16.0,4.0,1700.0,150.0,2013,927,3.78487122,4.622223941
Huawei,Android,25.43,3.15,0.3,32.0,4.0,6600.0,620.0,2013,632,5.055034881,5.518255787
Others,Others,12.7,8.0,2.0,16.0,4.0,2500.0,150.0,2016,839,3.930255774,5.133265821
Others,Others,19.94,5.0,2.0,32.0,4.0,4450.0,384.0,2014,767,4.368054477,5.140551828
Others,Others,10.29,8.0,2.0,16.0,4.0,2100.0,141.0,2013,804,3.924741778,5.191733881
Karbonn,Android,10.29,5.0,2.0,16.0,4.0,1700.0,138.0,2014,600,3.463546007,4.365261888
Karbonn,Android,12.7,13.0,5.0,32.0,4.0,2000.0,134.0,2014,894,4.249637447,4.703294584
Karbonn,Android,10.16,5.0,0.3,16.0,4.0,2000.0,130.0,2014,1019,3.654546775,3.93417581
Karbonn,Android,10.16,5.0,0.3,16.0,4.0,2000.0,129.0,2014,976,3.309082093,4.394572604
Karbonn,Android,12.83,13.0,5.0,16.0,4.0,2000.0,134.0,2014,1030,4.077367938,5.283102201
Karbonn,Android,12.7,16.0,8.0,16.0,4.0,2000.0,134.0,2014,920,4.482437421,5.386236665
Karbonn,Android,12.7,13.0,5.0,16.0,4.0,2000.0,134.0,2014,1003,4.532599493,5.147552615
Karbonn,Android,12.7,13.0,5.0,16.0,4.0,2300.0,143.0,2014,1089,4.245490733,5.297366915
Karbonn,Android,7.85,5.0,0.3,16.0,4.0,1350.0,134.0,2014,724,3.473828073,4.091841432
Karbonn,Android,10.16,5.0,0.3,16.0,4.0,1625.0,114.5,2013,708,3.231989464,4.113656873
Karbonn,Android,12.7,8.0,0.3,16.0,4.0,1800.0,104.5,2013,840,3.583796678,4.789157022
Karbonn,Android,12.7,13.0,2.0,16.0,4.0,1625.0,114.5,2013,688,4.490320344,5.189450712
Karbonn,Android,12.83,13.0,5.0,16.0,4.0,1625.0,176.5,2013,689,4.595018835,5.134562379
Karbonn,Android,7.85,5.0,0.3,512.0,0.25,1625.0,114.5,2013,992,3.183870216,4.275276265
Karbonn,Android,7.67,3.15,0.3,512.0,0.25,1625.0,114.5,2013,760,3.032546247,3.884034969
Karbonn,Android,17.78,2.0,0.3,16.0,4.0,1625.0,335.0,2013,913,4.246636373,4.618086411
Karbonn,Android,17.78,2.0,0.3,16.0,4.0,1625.0,335.0,2013,686,4.292512127,4.49635928
Karbonn,Android,12.7,5.0,0.3,16.0,4.0,1625.0,150.0,2013,608,3.70450671,4.378645927
Karbonn,Android,10.29,5.0,0.3,16.0,4.0,1400.0,114.5,2013,665,3.527242489,4.274719782
Karbonn,Android,10.16,3.15,0.3,16.0,4.0,1625.0,87.5,2013,874,3.18138162,3.89914038
Karbonn,Android,10.16,3.15,0.3,16.0,4.0,1625.0,110.0,2013,599,3.375879574,3.928683446
Karbonn,Android,10.24,8.0,2.0,16.0,4.0,1625.0,126.5,2013,840,3.697591395,5.07292128
Karbonn,Android,12.7,5.0,0.3,16.0,4.0,1625.0,114.5,2013,835,3.345332249,5.001056228
Karbonn,Android,10.16,5.0,0.3,0.01,0.25,1450.0,114.5,2013,778,3.097385927,4.379899374
Karbonn,Android,10.16,3.15,0.3,256.0,0.25,1625.0,75.0,2013,863,4.124226937,4.265071381
Karbonn,Android,10.16,3.15,0.3,256.0,0.25,1625.0,90.0,2013,849,4.000583182,4.245777266
Karbonn,Android,10.16,3.15,0.3,16.0,4.0,1625.0,110.0,2013,830,3.486151088,4.256321678
Karbonn,Android,12.7,8.0,2.0,16.0,4.0,2000.0,200.0,2013,573,4.443944537,5.076360611
Karbonn,Android,10.29,5.0,0.3,16.0,4.0,1625.0,114.5,2013,1034,3.344274234,5.010968572
Others,Android,10.29,8.0,2.0,16.0,4.0,3100.0,200.0,2014,760,4.595422835,5.767007634
Others,Android,10.29,8.0,2.0,16.0,4.0,3100.0,187.1,2014,1077,4.344065128,5.704215714
Others,Android,10.16,5.0,1.3,16.0,4.0,2500.0,168.5,2013,607,4.528613063,5.590875034
Lava,Android,12.83,13.0,8.0,32.0,4.0,3020.0,163.0,2017,541,4.3447141,5.519659296
Lava,Android,12.7,8.0,5.0,16.0,4.0,2620.0,148.0,2017,779,4.307303088,5.063860055
Lava,Android,12.83,13.0,8.0,16.0,4.0,3000.0,153.2,2016,885,4.540204907,5.012433676
Lava,Android,12.7,8.0,5.0,32.0,4.0,2500.0,142.0,2016,953,4.264790325,4.608664075
Lava,Android,12.7,13.0,5.0,16.0,4.0,2900.0,133.0,2015,1013,4.377265318,5.005287688
Lava,Android,12.7,13.0,8.0,16.0,4.0,2500.0,128.0,2015,792,4.3031187,4.794136286
Lava,Android,12.83,8.0,5.0,32.0,4.0,2560.0,135.0,2015,806,4.26969745,5.077670695
Lava,Android,12.7,8.0,2.0,32.0,4.0,2200.0,152.0,2015,985,4.205885937,4.70311326
Lava,Android,12.7,8.0,3.0,32.0,4.0,2500.0,160.0,2015,684,4.166199999,4.864761378
Lava,Android,12.7,10.0,2.0,32.0,4.0,4000.0,174.0,2014,668,3.926517452,4.871143315
Lava,Windows,10.16,5.0,0.3,32.0,4.0,1950.0,136.0,2014,698,3.84865713,4.263383855
Lava,Android,12.7,8.0,2.0,32.0,4.0,3000.0,160.0,2014,799,4.116758157,4.59854831
Lava,Android,12.7,8.0,5.0,32.0,4.0,2100.0,134.0,2014,834,4.171614198,4.692997896
Lava,Android,10.34,13.0,3.0,16.0,4.0,2000.0,116.0,2014,662,3.966321779,5.018537324
Lava,Android,10.29,8.0,2.0,32.0,4.0,2100.0,138.0,2014,607,4.008060194,4.58169683
Lava,Android,10.29,5.0,0.3,16.0,4.0,1800.0,136.0,2014,698,3.613077741,4.578620851
Lava,Android,10.16,5.0,0.3,16.0,4.0,1700.0,136.0,2014,817,3.690627925,4.359141762
Lava,Android,12.83,8.0,2.0,16.0,4.0,2000.0,177.0,2014,566,3.863672744,5.011834575
Lava,Android,10.34,8.0,0.3,16.0,4.0,2000.0,112.0,2014,1062,4.004237489,5.011634794
Lava,Android,10.34,8.0,3.0,16.0,4.0,2000.0,114.0,2014,1088,4.38688979,5.195730778
Lava,Android,10.16,3.15,0.3,512.0,0.25,1500.0,133.0,2013,677,2.889816048,3.913621727
Lava,Android,7.75,2.0,0.3,512.0,0.25,1400.0,115.4,2013,912,2.842581094,3.726656818
Lava,Android,7.75,2.0,0.3,512.0,0.25,1400.0,115.4,2013,924,2.735665368,3.727619282
Lava,Android,10.16,2.0,0.3,1024.0,4.0,1400.0,113.0,2013,595,2.978077338,3.934957977
Lava,Android,12.7,3.15,1.3,16.0,4.0,2000.0,175.0,2013,1031,3.922369297,4.486836999
Lava,Android,12.7,5.0,0.3,16.0,4.0,2000.0,143.5,2013,806,3.839667343,4.703747749
Lava,Android,12.7,5.0,0.3,16.0,4.0,2000.0,127.0,2013,799,3.853546076,4.59643212
Lava,Android,12.7,8.0,2.0,16.0,4.0,2000.0,140.0,2013,1091,4.333623895,5.132852927
Lava,Android,10.16,3.15,0.3,16.0,4.0,1500.0,124.0,2013,1001,3.381334753,4.233816608
Lava,Android,10.16,3.15,0.3,512.0,0.25,1500.0,124.0,2013,577,3.124125488,4.094511215
Lava,Android,10.16,5.0,0.3,16.0,4.0,1400.0,127.0,2013,821,3.635478677,4.256179925
Lava,Android,12.7,3.15,1.3,16.0,4.0,2000.0,175.0,2013,931,3.938275377,4.500698164
Others,Android,12.83,13.0,8.0,32.0,4.0,4000.0,168.0,2017,668,4.786908239,5.630530546
Others,Android,12.83,16.0,8.0,64.0,4.0,4070.0,175.0,2017,595,4.896570338,5.629310334
Others,Android,12.83,16.0,8.0,32.0,4.0,3000.0,153.0,2016,720,4.52113619,5.294510128
Others,Android,12.83,16.0,8.0,64.0,4.0,4070.0,175.0,2016,765,4.980725764,5.79672622
Others,Android,12.88,21.0,8.0,64.0,4.0,3100.0,185.0,2016,778,4.595220855,5.860159246
Others,Android,12.83,21.0,8.0,32.0,4.0,3000.0,153.0,2016,792,4.742232836,5.559450104
Others,Android,12.83,16.0,8.0,32.0,4.0,3000.0,153.0,2016,540,4.255896358,5.246023572
Others,Android,16.08,21.0,4.0,64.0,4.0,3400.0,204.0,2016,682,4.746409298,5.857475907
Others,Android,12.83,13.0,5.0,32.0,4.0,3000.0,169.0,2016,794,4.389622711,5.352331955
Lenovo,Android,15.8,8.0,8.0,64.0,4.0,3300.0,161.0,2019,496,4.429983118,5.255618612
Lenovo,Android,17.65,13.0,5.0,64.0,4.0,5180.0,195.0,2019,502,4.774237627,5.52317944
Lenovo,Android,15.29,13.0,8.0,64.0,4.0,3500.0,170.0,2018,464,4.543720224,5.297066585
Lenovo,Android,15.32,13.0,16.0,128.0,4.0,3300.0,172.0,2018,716,4.825269107,5.39997102
Lenovo,Android,16.23,13.0,8.0,512.0,4.0,3350.0,210.0,2018,660,5.174226981,5.992563943
Lenovo,Android,16.23,13.0,8.0,64.0,4.0,3350.0,210.0,2018,436,4.685551298,5.702381494
Lenovo,Android,15.29,13.0,8.0,64.0,4.0,3500.0,170.0,2018,628,4.455044727,5.303354658
Lenovo,Android,15.21,13.0,8.0,64.0,4.0,4050.0,165.0,2018,509,4.341074423,5.012034315
Lenovo,Android,15.29,13.0,8.0,64.0,4.0,3300.0,165.0,2018,554,4.643910014,5.291141683
Lenovo,Android,15.24,13.0,8.0,64.0,4.0,3760.0,176.0,2018,434,4.610356713,5.014826499
Lenovo,Android,13.84,13.0,8.0,16.0,4.0,4000.0,160.0,2018,543,4.417755682,4.789988623
Lenovo,Android,12.88,13.0,8.0,32.0,4.0,3000.0,160.0,2018,423,4.389126372,4.853123416
Lenovo,Android,12.88,13.0,8.0,32.0,4.0,3000.0,155.0,2018,480,4.32227663,4.680741373
Lenovo,Android,12.88,13.0,16.0,128.0,4.0,3000.0,155.0,2018,725,4.848978738,5.011568192
Lenovo,Android,12.88,6.5,8.0,32.0,4.0,3000.0,153.8,2017,617,4.286066244,5.015158383
Lenovo,Android,17.78,2.0,2.0,16.0,4.0,3500.0,254.0,2017,769,4.044278585,4.389622711
Lenovo,Android,17.78,5.0,2.0,16.0,4.0,3500.0,260.0,2017,551,3.993234261,4.591476859
Lenovo,Android,12.75,6.5,8.0,32.0,4.0,4000.0,165.0,2017,619,4.270396506,5.296565834
Lenovo,Android,12.75,13.0,8.0,32.0,4.0,4000.0,165.0,2017,763,4.413646418,5.139731867
Lenovo,Android,12.83,6.5,13.0,64.0,4.0,4000.0,180.0,2017,650,4.482889551,5.184364486
Lenovo,Android,25.43,8.0,5.0,64.0,4.0,7000.0,475.0,2017,802,4.990296523,5.598755237
Lenovo,Android,25.43,5.0,2.0,16.0,4.0,7000.0,500.0,2017,646,4.755312844,5.194122838
Lenovo,Android,20.32,8.0,5.0,64.0,4.0,4850.0,300.0,2017,737,4.71545854,5.302906819
Lenovo,Android,20.32,5.0,2.0,16.0,4.0,4850.0,310.0,2017,790,4.561218298,5.121281814
Lenovo,Android,20.32,8.0,5.0,16.0,4.0,4250.0,329.0,2017,753,4.712857991,5.136621628
Lenovo,Android,12.83,13.0,8.0,64.0,4.0,3100.0,160.0,2016,738,5.023748933,6.113726427
Lenovo,Android,12.7,8.0,2.0,16.0,4.0,2300.0,142.0,2016,868,4.26941769,4.862753811
Lenovo,Android,12.7,8.0,2.0,16.0,4.0,2300.0,142.0,2016,878,3.715521385,4.697567035
Lenovo,Android,10.29,5.0,2.0,32.0,4.0,2000.0,144.0,2016,803,3.674019591,4.39383168
Lenovo,Android,10.29,5.0,2.0,32.0,4.0,2000.0,146.0,2016,752,3.544142658,4.23757873
Lenovo,Android,12.83,13.0,5.0,64.0,4.0,5100.0,177.0,2016,628,4.670770643,5.485460614
Lenovo,Android,12.83,16.0,8.0,32.0,4.0,4000.0,169.0,2016,789,4.856706812,5.523618588
Lenovo,Android,12.7,13.0,8.0,32.0,4.0,4000.0,145.0,2016,841,4.305550476,5.126520233
Lenovo,Android,12.7,13.0,8.0,16.0,4.0,3000.0,140.0,2016,963,4.671519567,5.298817242
Lenovo,Android,25.43,13.0,5.0,32.0,4.0,9300.0,637.0,2016,833,4.91353685,5.698903927
Lenovo,Android,10.16,5.0,0.3,16.0,4.0,1700.0,132.0,2016,930,3.658420247,3.93084476
Lenovo,Android,12.7,8.0,5.0,16.0,4.0,3500.0,155.6,2016,583,4.138520925,5.12586693
Lenovo,Android,12.7,8.0,5.0,32.0,4.0,2750.0,139.0,2016,588,3.97724879,5.289226167
Lenovo,Android,15.34,13.0,8.0,32.0,4.0,4050.0,218.0,2016,723,4.659753064,5.516890489
Lenovo,Android,15.34,13.0,5.0,32.0,4.0,4050.0,225.0,2016,585,4.44839941,5.434594985
Lenovo,Android,15.34,16.0,8.0,64.0,4.0,4050.0,259.0,2016,1060,4.753676394,5.861669025
Lenovo,Android,12.7,13.0,8.0,64.0,4.0,3500.0,149.0,2016,830,4.458177162,5.393536633
Lenovo,Android,12.7,5.0,2.0,32.0,4.0,2300.0,166.0,2016,569,4.073120926,4.503026712
Lenovo,Android,12.75,13.0,8.0,128.0,4.0,3100.0,145.0,2016,796,4.84103251,5.860985634
Lenovo,Android,25.43,8.0,5.0,64.0,4.0,7000.0,509.0,2016,747,4.886054204,5.632286473
Lenovo,Android,20.32,5.0,2.0,16.0,4.0,4290.0,329.0,2016,800,4.431768727,4.782646691
Lenovo,Android,17.78,2.0,0.3,32.0,4.0,3450.0,260.0,2016,867,4.142975984,4.371344786
Lenovo,Android,12.7,13.0,5.0,16.0,4.0,2750.0,142.0,2016,925,4.171614198,4.947198388
Lenovo,Android,12.7,13.0,5.0,16.0,4.0,2750.0,142.0,2016,932,4.216562195,4.80098365
Lenovo,Android,12.83,13.0,5.0,16.0,4.0,2900.0,150.0,2016,950,4.124712099,5.194400253
Lenovo,Android,12.83,13.0,5.0,32.0,4.0,4900.0,189.0,2016,836,4.327438444,5.558294168
Lenovo,Android,12.83,13.0,8.0,32.0,4.0,3500.0,165.0,2016,885,4.590969837,5.244283478
Lenovo,Android,12.7,13.0,5.0,16.0,4.0,2750.0,142.0,2016,803,4.09700768,4.690338198
Lenovo,Android,12.7,13.0,8.0,16.0,4.0,2700.0,129.0,2016,784,4.463145686,5.350577693
Lenovo,Android,12.83,13.0,5.0,16.0,4.0,3300.0,158.0,2016,578,4.509649984,5.241429504
Lenovo,Android,12.83,13.0,5.0,16.0,4.0,3300.0,153.0,2015,749,4.179145164,5.76753944
Lenovo,Android,12.83,21.0,8.0,32.0,4.0,3500.0,175.0,2015,1047,4.823984379,5.69987485
Lenovo,Android,12.7,8.0,2.0,32.0,4.0,2300.0,140.0,2015,697,3.908617212,4.683056725
Lenovo,Android,25.43,13.0,5.0,64.0,4.0,3150.0,666.8,2015,1038,5.439990525,5.933464603
Lenovo,Android,20.32,8.0,5.0,16.0,4.0,6200.0,467.2,2015,770,4.716801002,5.069595787
Lenovo,Android,10.16,5.0,0.3,32.0,4.0,2000.0,132.0,2015,1055,3.729781445,4.098004523
Lenovo,Android,17.73,13.0,5.0,16.0,4.0,4250.0,250.0,2015,718,4.588634217,5.191177491
Lenovo,Android,15.44,13.0,5.0,32.0,4.0,3500.0,229.0,2015,940,4.303524407,5.52058053
Lenovo,Android,12.83,13.0,5.0,32.0,4.0,5000.0,189.0,2015,903,4.820039601,5.937351491
Lenovo,Android,12.7,13.0,5.0,16.0,4.0,2300.0,128.0,2015,582,4.513602992,5.069344357
Lenovo,Android,12.7,8.0,2.0,32.0,4.0,2300.0,128.0,2015,548,4.156379953,5.003476397
Lenovo,Android,12.7,8.0,5.0,16.0,4.0,4000.0,148.0,2015,1077,4.243051882,4.702387637
Lenovo,Android,12.7,13.0,5.0,32.0,4.0,2420.0,132.0,2015,958,4.759177998,5.605985873
Lenovo,Android,12.83,13.0,8.0,64.0,4.0,4100.0,175.0,2015,914,4.511189123,5.7678834
Lenovo,Android,10.29,5.0,2.0,32.0,4.0,2000.0,137.0,2015,1045,3.643097261,4.228729757
Lenovo,Android,12.83,5.0,0.3,16.0,4.0,2250.0,174.0,2015,765,3.780546643,3.937105786
Lenovo,Android,12.7,5.0,2.0,16.0,4.0,2300.0,157.0,2015,904,3.784416881,4.234106505
Lenovo,Android,12.83,13.0,5.0,64.0,4.0,4000.0,158.0,2015,801,4.821651594,5.636787606
Lenovo,Android,12.7,13.0,5.0,32.0,4.0,2150.0,128.0,2015,987,4.778030459,5.633216939
Lenovo,Android,12.7,8.0,2.0,16.0,4.0,2300.0,128.0,2015,641,3.883211924,4.701207374
Lenovo,Android,10.16,2.0,5.0,16.0,4.0,1500.0,117.0,2015,634,3.461037382,4.149936936
Lenovo,Android,12.83,13.0,5.0,16.0,4.0,3000.0,150.0,2015,564,4.44828243,5.005622752
Lenovo,Android,12.7,16.0,8.0,32.0,4.0,3000.0,145.0,2015,714,4.49635928,5.701813872
Lenovo,Android,12.83,13.0,5.0,16.0,4.0,2900.0,140.0,2015,1072,4.546163005,5.249022075
Lenovo,Android,12.83,8.0,5.0,32.0,4.0,2900.0,140.0,2015,562,4.166665224,5.010501952
Lenovo,Android,12.7,8.0,2.0,32.0,4.0,4000.0,160.0,2015,668,4.239742765,5.007898218
Lenovo,Android,25.43,8.0,5.0,16.0,4.0,7000.0,509.0,2015,1074,4.685920336,5.189116152
Lenovo,Android,20.32,5.0,2.0,32.0,4.0,4290.0,360.0,2015,769,4.510859507,4.792396362
Lenovo,Android,12.7,13.0,5.0,16.0,4.0,4000.0,149.0,2015,652,4.424846632,5.485128829
Lenovo,Android,17.78,2.0,0.3,16.0,4.0,3450.0,269.0,2015,1024,4.128423876,4.691806493
Lenovo,Android,17.78,2.0,0.3,32.0,4.0,3450.0,269.0,2015,585,3.967079211,4.593704708
Lenovo,Android,17.78,0.3,5.0,32.0,4.0,3450.0,269.0,2015,578,4.263383855,4.519939042
Lenovo,Android,12.7,8.0,2.0,32.0,4.0,2300.0,128.0,2015,592,4.138520925,4.590766956
Lenovo,Android,12.83,13.0,5.0,32.0,4.0,4000.0,156.0,2015,828,4.433907257,6.110846304
Lenovo,Android,12.78,13.0,13.0,32.0,4.0,2410.0,140.0,2015,747,4.382401564,5.8004251
Lenovo,Android,12.7,8.0,2.0,16.0,4.0,2300.0,128.0,2014,929,3.671224519,4.368181228
Lenovo,Android,15.24,13.0,5.0,32.0,4.0,3300.0,170.0,2014,701,4.495801649,5.07991257
Lenovo,Android,12.83,13.0,2.0,32.0,4.0,2500.0,173.0,2014,988,4.385395952,5.068275074
Lenovo,Android,12.83,8.0,1.6,32.0,4.0,2500.0,175.0,2014,977,4.319086835,5.341903537
Lenovo,Android,10.16,5.0,2.0,16.0,4.0,1500.0,130.0,2014,977,3.515418526,4.228438297
Lenovo,Android,12.7,13.0,8.0,16.0,4.0,2300.0,129.0,2014,680,4.43627805,5.563868854
Lenovo,Android,12.7,8.0,2.0,32.0,4.0,2150.0,129.0,2014,1050,4.182050143,5.133147869
Lenovo,Android,12.7,8.0,2.0,32.0,4.0,2000.0,170.0,2014,876,4.11887456,4.796534071
Lenovo,Android,25.43,8.0,1.6,16.0,4.0,9600.0,619.0,2014,723,5.224617004,5.705813744
Lenovo,Android,20.32,8.0,1.6,16.0,4.0,6400.0,419.0,2014,645,4.482324356,5.444191029
Lenovo,Android,20.32,8.0,1.6,16.0,4.0,4290.0,299.0,2014,881,4.532169293,5.010035114
Lenovo,Android,12.7,13.0,5.0,32.0,4.0,2300.0,120.0,2014,1047,4.40903364,5.594227991
Lenovo,Android,12.83,13.0,8.0,32.0,4.0,3000.0,158.0,2014,618,4.712588583,6.062994198
Lenovo,Android,12.83,5.0,0.3,16.0,4.0,2500.0,161.0,2014,1081,4.130033405,5.083017969
Lenovo,Android,15.24,16.0,5.0,32.0,4.0,4000.0,179.0,2014,808,4.977216385,6.06550466
Lenovo,Android,12.7,13.0,5.0,16.0,4.0,2500.0,180.0,2014,675,4.572853585,5.008031908
Lenovo,Android,12.78,13.0,5.0,32.0,4.0,2000.0,146.0,2014,610,4.122770036,4.998967489
Lenovo,Android,15.24,8.0,1.6,32.0,4.0,3000.0,171.5,2014,859,3.954507617,5.196948872
Lenovo,Android,15.24,8.0,0.3,32.0,4.0,2500.0,192.0,2014,865,4.241614481,4.80098365
Lenovo,Android,12.7,5.0,0.3,16.0,4.0,2000.0,165.0,2014,999,3.90479696,4.715368978
Lenovo,Android,10.16,2.0,1.8,16.0,4.0,1300.0,121.0,2014,884,3.263466708,3.920586236
Lenovo,Android,10.29,5.0,0.3,16.0,4.0,2000.0,145.0,2014,958,3.401863826,4.245777266
Lenovo,Android,25.43,5.0,2.0,16.0,4.0,6340.0,550.0,2014,898,4.614328124,5.242857509
Lenovo,Android,20.32,5.0,2.0,32.0,4.0,4200.0,360.0,2014,1012,4.626050664,4.937562683
Lenovo,Android,17.78,5.0,2.0,32.0,4.0,3450.0,320.0,2014,573,4.235120483,4.773646336
Lenovo,Android,17.78,2.0,0.3,32.0,4.0,3500.0,327.0,2014,543,4.132603274,4.408303358
Lenovo,Android,25.43,8.0,1.6,16.0,4.0,9000.0,615.0,2014,954,4.824466346,5.56056624
Lenovo,Android,12.78,8.0,1.6,16.0,4.0,4000.0,190.0,2014,946,4.207822046,5.530935888
Lenovo,Android,12.7,13.0,5.0,16.0,4.0,2000.0,140.0,2014,721,4.043752776,5.297967305
Lenovo,Android,10.34,8.0,0.3,32.0,4.0,3000.0,151.0,2014,898,4.086144366,5.12622333
Lenovo,Android,15.24,5.0,0.3,32.0,4.0,2500.0,196.0,2014,904,3.801091445,4.881740754
Lenovo,Android,12.7,8.0,1.6,32.0,4.0,2250.0,163.3,2014,802,4.271095074,4.93548062
Lenovo,Android,15.24,8.0,1.6,32.0,4.0,3000.0,170.0,2013,655,4.095843438,5.391625544
Lenovo,Android,10.34,8.0,0.3,32.0,4.0,2000.0,126.0,2013,1033,4.263806003,5.604514473
Lenovo,Android,12.83,13.0,5.0,16.0,4.0,3000.0,145.2,2013,780,5.085495364,6.176823154
Lenovo,Android,25.43,5.0,1.6,16.0,4.0,9000.0,605.0,2013,766,4.931375613,5.384357439
Lenovo,Android,20.32,5.0,1.6,16.0,4.0,6000.0,401.0,2013,602,4.586496921,5.247024072
Lenovo,Android,10.29,3.15,1.0,16.0,4.0,2500.0,159.0,2013,917,3.54731589,4.368307963
Lenovo,Android,12.7,13.0,5.0,16.0,4.0,2000.0,121.0,2013,986,4.457365991,6.0415396
Lenovo,Android,17.78,5.0,1.6,16.0,4.0,3450.0,244.9,2013,574,4.290596418,4.881361492
Lenovo,Android,12.83,5.0,0.3,16.0,4.0,2250.0,184.0,2013,582,4.292101927,5.007162605
Lenovo,Android,10.29,5.0,0.3,16.0,4.0,2000.0,130.0,2013,944,3.94854778,5.020519616
Lenovo,Android,12.7,8.0,0.3,16.0,4.0,4000.0,176.0,2013,630,4.204841862,5.242117317
Lenovo,Android,10.34,12.0,2.0,16.0,4.0,2000.0,143.0,2013,818,4.461992416,5.447469862
Lenovo,Android,10.16,5.0,1.0,16.0,4.0,1500.0,131.0,2013,542,3.582963229,4.236567243
Lenovo,Android,7.75,2.0,1.0,512.0,0.25,1300.0,112.0,2013,987,3.18221184,4.241902127
Lenovo,Android,12.78,8.0,2.0,16.0,4.0,2250.0,159.0,2013,668,4.338858139,5.522660198
Lenovo,Android,17.78,5.0,0.3,16.0,4.0,3500.0,339.0,2013,899,4.632493482,5.185148668
Lenovo,Android,17.78,6.5,0.3,16.0,4.0,3500.0,340.0,2013,801,4.241326753,5.020915604
Lenovo,Android,12.83,13.0,2.0,16.0,4.0,2500.0,162.0,2013,740,4.726591041,5.883127383
Lenovo,Android,12.7,8.0,0.3,16.0,4.0,2250.0,176.0,2013,549,3.94951145,5.440727972
Lenovo,Android,17.78,3.15,0.3,16.0,4.0,3550.0,400.0,2013,890,4.430459592,5.001998101
Lenovo,Android,12.7,8.0,0.3,16.0,4.0,2250.0,165.4,2013,893,3.747619949,4.942427828
Lenovo,Android,10.29,8.0,1.0,16.0,4.0,2000.0,151.0,2013,551,3.880738715,4.700389453
Lenovo,Android,10.29,5.0,1.0,16.0,4.0,2000.0,155.0,2013,638,3.983599204,4.78423645
Lenovo,Android,10.16,3.15,1.0,512.0,0.25,1500.0,134.0,2013,836,3.555633735,4.505239347
Lenovo,Android,10.29,8.0,1.0,16.0,4.0,2000.0,140.0,2013,627,4.287441192,5.433197849
LG,Android,15.34,8.0,13.0,128.0,4.0,4000.0,183.0,2019,369,5.620183451,6.858060706
LG,Android,15.27,8.0,13.0,128.0,4.0,3500.0,167.0,2019,310,5.431010908,6.430042007
LG,Android,15.27,16.0,8.0,64.0,4.0,3000.0,159.0,2019,518,4.624678652,5.984465108
LG,Android,15.34,13.0,5.0,64.0,4.0,3300.0,169.0,2018,586,5.004885462,6.687121077
LG,Android,15.27,16.0,8.0,32.0,4.0,3000.0,156.0,2018,668,4.523526197,6.214248034
LG,Android,15.29,16.0,5.0,64.0,4.0,3300.0,172.0,2018,394,5.184588601,6.034859229
LG,Android,12.78,13.0,5.0,32.0,4.0,3000.0,169.0,2018,487,4.818101772,5.596865192
LG,Android,15.29,13.0,5.0,32.0,4.0,3300.0,172.0,2018,716,4.582822322,5.516528775
LG,Android,15.29,13.0,8.0,64.0,4.0,3300.0,171.0,2018,445,4.926311212,5.703649132
LG,Android,15.24,13.0,8.0,128.0,4.0,3300.0,157.0,2018,492,5.161523515,6.550394386
LG,Android,12.83,13.0,5.0,64.0,4.0,3000.0,145.0,2018,494,4.518086079,5.194122838
LG,Android,15.27,13.0,8.0,128.0,4.0,3000.0,162.0,2018,696,4.532707014,6.011855237
LG,Android,15.24,13.0,5.0,256.0,4.0,3300.0,158.0,2018,366,5.400106512,6.477049283
LG,Android,12.78,13.0,8.0,32.0,4.0,3000.0,162.0,2018,545,4.257596556,5.007563916
LG,Android,12.78,13.0,5.0,32.0,4.0,3000.0,172.3,2018,478,4.635602393,5.301462416
LG,Android,15.24,13.0,5.0,128.0,4.0,3300.0,158.0,2017,860,5.073610093,6.036222784
LG,Android,12.75,13.0,5.0,32.0,4.0,3000.0,146.0,2017,743,4.631130288,5.519739437
LG,Android,12.83,13.0,5.0,64.0,4.0,3000.0,149.0,2017,746,4.180675152,5.021641173
LG,Android,20.32,5.0,5.0,32.0,4.0,3000.0,290.0,2017,730,4.558183395,5.85455603
LG,Android,12.75,16.0,5.0,32.0,4.0,4100.0,166.5,2017,616,4.442768897,5.637428974
LG,Android,12.88,13.0,5.0,32.0,4.0,3300.0,163.0,2017,588,4.44370952,5.603335792
LG,Android,12.83,13.0,5.0,16.0,4.0,4500.0,164.0,2017,576,4.131640347,5.192901294
LG,Android,12.88,13.0,5.0,32.0,4.0,3080.0,150.0,2017,613,4.79015486,5.566701934
LG,Android,12.88,13.0,5.0,16.0,4.0,3200.0,149.0,2016,911,4.430578675,5.296465653
LG,Android,12.78,8.0,5.0,16.0,4.0,2800.0,141.8,2017,611,3.971800209,4.498586701
LG,Android,12.78,13.0,5.0,16.0,4.0,2660.0,140.0,2016,961,4.262679877,5.080161357
LG,Android,12.78,13.0,5.0,16.0,4.0,2800.0,144.0,2016,864,4.368814741,5.343529709
LG,Android,12.7,13.0,5.0,16.0,4.0,2500.0,144.0,2016,632,4.375127893,5.075486266
LG,Android,12.7,8.0,5.0,16.0,4.0,2500.0,143.0,2017,642,4.07787637,4.598145571
LG,Android,12.7,5.0,5.0,32.0,4.0,2500.0,138.0,2016,803,4.245204118,4.767884096
LG,Android,10.29,5.0,2.0,32.0,4.0,2100.0,132.0,2016,549,3.839022113,4.608464753
LG,Android,25.43,5.0,5.0,32.0,4.0,2660.0,510.0,2016,702,5.124796966,5.604698516
LG,Android,12.88,12.3,5.0,32.0,4.0,3200.0,174.0,2016,859,4.906089261,5.856875452
LG,Android,12.7,8.0,5.0,16.0,4.0,2100.0,122.0,2016,862,3.969348072,5.193401197
LG,Android,12.83,13.0,5.0,16.0,4.0,2800.0,133.0,2016,661,4.515136063,5.072357353
LG,Android,12.83,13.0,5.0,16.0,4.0,2800.0,133.0,2016,681,4.095510549,5.294610505
LG,Android,12.83,12.3,8.0,32.0,4.0,3000.0,150.0,2016,1015,4.72046123,5.481222087
LG,Android,20.32,5.0,5.0,16.0,4.0,2660.0,143.0,2016,574,4.405254761,5.860985634
LG,Android,20.32,5.0,5.0,16.0,4.0,4800.0,309.0,2016,738,4.768478804,5.403667882
LG,Android,12.78,13.0,5.0,16.0,4.0,4100.0,139.0,2016,556,4.425684604,4.873898771
LG,Android,12.7,8.0,5.0,16.0,4.0,2100.0,121.0,2016,813,4.049172844,4.234686047
LG,Android,12.88,13.0,5.0,16.0,4.0,2900.0,146.0,2016,706,4.512945242,5.184980681
LG,Android,12.88,13.0,5.0,16.0,4.0,3000.0,144.6,2016,554,4.209011637,5.019330712
LG,Android,12.7,5.0,2.0,32.0,4.0,1900.0,128.0,2016,986,3.646754528,4.79015486
LG,Android,10.29,5.0,0.3,32.0,4.0,1940.0,127.0,2016,924,3.696103299,4.599051505
LG,Android,12.78,12.3,8.0,32.0,4.0,2800.0,156.0,2016,981,4.368434681,5.854899988
LG,Android,12.78,12.3,8.0,32.0,4.0,2800.0,159.0,2016,726,4.754710253,5.701078823
LG,Android,12.75,12.3,8.0,16.0,4.0,2520.0,118.0,2016,741,4.31455047,5.352947587
LG,Android,12.52,13.0,8.0,16.0,4.0,2300.0,120.0,2016,872,4.493568009,4.867380592
LG,Android,12.7,8.0,5.0,32.0,4.0,2125.0,157.0,2016,824,4.240030949,4.775756487
LG,Android,12.88,13.0,8.0,16.0,4.0,3000.0,145.0,2016,849,4.568609931,5.140903033
LG,Android,12.78,13.0,5.0,16.0,4.0,2300.0,142.0,2016,809,4.108576144,5.137620306
LG,Android,12.7,5.0,5.0,32.0,4.0,2125.0,161.0,2016,578,4.235120483,4.697840521
LG,Android,10.29,5.0,2.0,32.0,4.0,1940.0,120.0,2016,1033,4.020518602,4.611251656
LG,Android,12.83,13.0,8.0,16.0,4.0,3000.0,158.0,2015,663,4.437934267,5.242646082
LG,Android,12.88,13.0,5.0,16.0,4.0,3000.0,169.8,2015,599,4.474491862,5.252063982
LG,Android,12.88,16.0,5.0,32.0,4.0,3000.0,192.0,2015,867,4.764393692,5.519779505
LG,Android,12.75,12.3,5.0,16.0,4.0,2700.0,136.0,2015,983,4.174541104,5.595603175
LG,Android,12.7,13.0,8.0,16.0,4.0,2050.0,150.0,2015,565,4.446291681,5.245127538
LG,Android,25.43,5.0,2.0,16.0,4.0,7400.0,489.0,2015,981,4.751432693,5.521460918
LG,Android,20.32,5.0,2.0,32.0,4.0,4200.0,347.0,2015,709,4.401706705,5.705614129
LG,Android,7.67,3.15,0.3,16.0,4.0,1700.0,143.0,2015,1002,3.619797293,5.011634794
LG,Android,10.29,5.0,0.3,32.0,4.0,1900.0,138.9,2015,713,3.503453082,4.502583597
LG,Android,12.7,8.0,5.0,32.0,4.0,2540.0,155.0,2015,881,3.909219078,4.879767019
LG,Android,12.75,8.0,5.0,32.0,4.0,2300.0,139.0,2015,821,3.983226764,5.07348489
LG,Others,7.62,1.3,5.0,32.0,0.25,950.0,125.0,2015,674,3.839452313,4.614625345
LG,Android,12.7,8.0,5.0,32.0,4.0,2540.0,136.0,2015,798,4.230913005,5.022827335
LG,Android,12.83,16.0,8.0,32.0,4.0,3000.0,155.0,2015,570,4.928122873,5.635467944
LG,Android,12.83,16.0,8.0,32.0,4.0,3000.0,155.0,2015,617,4.634631896,5.706578562
LG,Android,12.88,8.0,5.0,32.0,4.0,3000.0,165.9,2015,746,4.186619838,5.189283446
LG,Android,12.88,13.0,5.0,32.0,4.0,3000.0,163.0,2015,814,4.524285457,5.522220629
LG,Android,12.7,8.0,2.1,16.0,4.0,2610.0,135.0,2015,980,4.161847435,5.396532414
LG,Android,12.7,8.0,5.0,32.0,4.0,2540.0,137.0,2015,930,3.946037884,4.937777822
LG,Android,10.34,8.0,1.0,32.0,4.0,2100.0,124.4,2015,1003,4.029806041,4.80098365
LG,Android,10.29,5.0,0.3,32.0,4.0,1900.0,140.0,2015,696,3.645710959,4.788907407
LG,Android,10.16,5.0,0.3,16.0,4.0,1900.0,128.0,2015,652,3.731220295,4.51008998
LG,Android,12.83,13.0,2.1,16.0,4.0,3000.0,152.0,2015,561,4.556714966,5.599939326
LG,Android,10.29,5.0,0.3,16.0,4.0,2100.0,138.9,2014,695,3.435920818,3.929273359
LG,Android,12.7,8.0,1.3,32.0,4.0,2460.0,140.45,2014,959,3.749268754,4.874662829
LG,Android,10.29,8.0,0.3,16.0,4.0,1820.0,153.7,2014,778,3.999667515,4.602967762
LG,Android,12.83,13.0,2.1,32.0,4.0,3000.0,149.0,2014,588,4.410978457,5.524775419
LG,Android,12.93,13.0,2.1,32.0,4.0,3000.0,182.0,2014,776,4.115616697,5.530063807
LG,Android,10.29,5.0,0.3,16.0,4.0,2100.0,129.6,2014,1025,3.97724879,4.624972813
LG,Android,10.24,5.0,0.3,16.0,4.0,1540.0,119.0,2014,890,3.2820384,4.50821866
LG,Android,10.24,5.0,0.3,16.0,4.0,1700.0,140.45,2014,564,3.781686504,4.518413322
LG,Android,12.83,13.0,1.3,32.0,4.0,3000.0,163.0,2014,1000,4.711779921,5.475165639
LG,Android,12.7,8.0,1.0,32.0,4.0,2540.0,137.0,2014,646,3.819907717,4.619763188
LG,Android,10.29,8.0,0.3,16.0,4.0,1900.0,145.0,2014,708,3.637059705,4.701116527
LG,Android,20.32,5.0,1.3,16.0,4.0,4200.0,344.0,2014,775,4.29837325,5.473152638
LG,Android,12.88,8.0,1.3,32.0,4.0,3200.0,167.0,2014,1009,4.185403293,5.59905139
LG,Android,12.75,13.0,2.1,32.0,4.0,2610.0,146.8,2014,952,4.130676491,5.888822555
LG,Android,17.78,5.0,0.3,16.0,4.0,4000.0,294.8,2014,708,4.485485343,5.243333058
LG,Android,10.16,3.15,0.3,16.0,4.0,1900.0,142.0,2014,715,3.270708974,4.624384405
LG,Android,7.67,2.0,1.3,16.0,4.0,1540.0,140.45,2014,952,3.384051223,4.116595171
LG,Android,12.88,8.0,1.3,32.0,4.0,3200.0,168.1,2014,1048,4.785823686,5.69950668
LG,Android,12.83,13.0,2.1,32.0,4.0,3000.0,154.0,2014,752,4.799831955,5.802148586
LG,Android,12.7,8.0,1.3,32.0,4.0,2540.0,140.45,2014,801,4.287853308,5.347631203
LG,Android,12.7,8.0,1.3,32.0,4.0,2540.0,134.0,2014,780,4.015120963,5.244125137
LG,Android,10.24,5.0,0.3,16.0,4.0,2100.0,127.0,2014,563,4.025530246,5.245338442
LG,Android,12.83,13.0,2.1,32.0,4.0,3000.0,149.7,2014,909,4.533459338,5.702314731
LG,Android,12.83,13.0,2.1,16.0,4.0,3000.0,149.0,2014,688,4.415944853,5.699707517
LG,Android,10.34,8.0,1.3,32.0,4.0,3000.0,136.1,2014,980,3.763986927,4.864066907
LG,Android,25.43,5.0,1.3,16.0,4.0,8000.0,535.8,2014,569,5.045229939,5.600974255
LG,Android,25.43,5.0,1.3,16.0,4.0,8000.0,523.0,2014,910,4.803283068,5.566166561
LG,Android,20.32,5.0,1.3,16.0,4.0,4200.0,342.0,2014,782,4.326381781,5.400241986
LG,Android,17.78,3.15,1.3,32.0,4.0,4000.0,293.0,2014,1015,4.25177557,5.071604954
LG,Android,12.7,5.0,0.3,16.0,4.0,2540.0,140.45,2014,722,3.762129916,4.786491242
LG,Android,10.34,5.0,0.3,32.0,4.0,2440.0,123.9,2014,1005,4.322143925,5.389710795
LG,Android,10.24,5.0,0.3,16.0,4.0,2100.0,126.0,2014,751,3.988984047,5.017478493
LG,Android,20.4,5.0,1.3,16.0,4.0,4600.0,339.9,2014,996,4.68203863,5.38609928
LG,Android,10.29,5.0,0.3,16.0,4.0,2440.0,129.6,2014,592,3.354105774,5.291494141
LG,Android,10.34,13.0,1.3,32.0,4.0,2440.0,121.0,2014,632,4.261975404,5.477968695
LG,Android,10.34,8.0,1.3,32.0,4.0,2440.0,121.0,2014,888,4.071417058,5.194344776
LG,Android,10.34,8.0,1.3,32.0,4.0,2440.0,121.0,2014,646,3.597312261,5.073171813
LG,Android,10.34,5.0,0.3,32.0,4.0,2540.0,125.0,2014,597,3.867025639,5.669984366
LG,Android,10.34,5.0,1.3,32.0,4.0,2540.0,126.0,2014,1018,4.146620707,5.136092511
LG,Android,10.29,5.0,0.3,16.0,4.0,2100.0,124.0,2014,1091,3.442339325,5.012167453
LG,Android,10.29,5.0,0.3,16.0,4.0,2100.0,126.6,2014,601,3.776890331,4.859579819
LG,Android,7.75,3.15,1.3,16.0,4.0,2540.0,114.0,2014,646,3.225255432,4.377767578
LG,Android,7.75,3.15,1.3,16.0,4.0,2540.0,113.4,2014,778,3.047850228,4.506233438
LG,Android,12.93,13.0,2.1,16.0,4.0,3200.0,172.0,2014,853,4.284551613,5.737475116
LG,Android,7.62,2.0,1.3,16.0,4.0,1540.0,104.6,2014,673,3.676300672,4.511848029
LG,Android,10.16,5.0,0.3,16.0,4.0,2460.0,159.9,2014,744,4.35105183,5.434813111
LG,Android,12.83,13.0,2.1,32.0,4.0,3140.0,167.0,2013,662,4.75272775,5.525094309
LG,Android,12.57,8.0,1.3,16.0,4.0,2300.0,130.0,2013,633,4.241902127,5.566319554
LG,Android,15.24,13.0,2.1,32.0,4.0,3500.0,177.0,2013,984,4.238444906,5.885715067
LG,Others,10.16,5.0,1.3,16.0,4.0,1540.0,122.5,2013,1093,3.884651809,5.012433676
LG,Android,12.83,8.0,1.3,32.0,4.0,3140.0,161.0,2013,803,4.271653577,5.522380495
LG,Android,12.83,8.0,1.3,32.0,4.0,3140.0,161.0,2013,670,4.543188394,5.482886396
LG,Android,7.67,3.15,1.3,16.0,4.0,1540.0,110.0,2013,949,3.081451149,4.254051208
LG,Android,20.4,5.0,1.3,16.0,4.0,4600.0,338.0,2013,780,4.618382517,5.708670509
LG,Android,12.75,13.0,2.1,16.0,4.0,3000.0,143.0,2013,1077,4.098502572,5.600309066
LG,Android,10.34,8.0,1.3,32.0,4.0,2150.0,120.0,2013,880,4.023385473,5.524895015
LG,Android,10.16,5.0,0.3,32.0,4.0,2460.0,169.8,2013,914,4.423408472,5.561950057
LG,Android,10.34,13.0,1.3,16.0,4.0,2280.0,141.2,2013,668,4.339249605,5.59456267
LG,Android,7.82,3.15,1.3,16.0,4.0,1700.0,125.0,2013,592,3.479700443,4.704381836
LG,Android,7.82,3.15,1.3,16.0,4.0,1700.0,125.0,2013,1008,3.493472658,4.698387268
LG,Android,7.67,3.15,1.3,16.0,4.0,1540.0,110.0,2013,941,3.291382516,4.083620599
LG,Android,10.16,5.0,0.3,16.0,4.0,2460.0,113.4,2013,703,3.815732345,4.596230344
LG,Android,10.24,5.0,1.3,32.0,4.0,2460.0,129.0,2013,718,4.527640983,5.598162666
LG,Android,10.34,8.0,1.3,32.0,4.0,2540.0,133.2,2013,970,4.305415532,5.006560336
LG,Android,10.29,5.0,1.3,16.0,4.0,2460.0,126.0,2013,910,4.236711804,5.308465698
LG,Android,10.24,5.0,1.3,32.0,4.0,2150.0,131.0,2013,646,3.911822985,5.400873955
LG,Android,12.83,13.0,2.1,16.0,4.0,3140.0,172.0,2013,733,4.80811103,5.990789319
LG,Android,10.24,8.0,0.3,16.0,4.0,2460.0,115.5,2013,644,3.850785696,5.01535746
LG,Android,10.24,8.0,0.3,16.0,4.0,2460.0,118.0,2013,565,3.746676553,5.199380619
LG,Android,10.16,5.0,1.3,16.0,4.0,1700.0,100.0,2013,723,3.911222685,4.786074072
LG,Android,10.16,5.0,1.3,16.0,4.0,1700.0,103.3,2013,1057,3.278276168,4.954770161
LG,Android,7.67,3.15,1.3,16.0,4.0,1540.0,110.0,2013,810,3.702782359,4.509979999
LG,Android,7.67,3.15,1.3,16.0,4.0,1540.0,107.0,2013,1054,3.403527997,4.498697941
LG,Android,7.62,2.0,1.3,16.0,4.0,1540.0,105.0,2013,631,3.280159053,4.063885355
LG,Others,5.13,1.3,1.3,16.0,4.0,1700.0,92.0,2013,766,2.945491057,3.664330581
LG,Others,5.13,1.3,1.3,128.0,4.0,1500.0,97.0,2013,564,3.940999114,4.50335892
Meizu,Android,15.29,,20.0,64.0,4.0,4000.0,170.0,2019,295,4.854682992,5.296114943
Meizu,Android,13.84,13.0,13.0,32.0,4.0,3000.0,150.0,2018,635,4.515901718,4.700298531
Meizu,Android,13.84,13.0,8.0,16.0,4.0,3000.0,150.0,2018,698,4.164803026,4.490993141
Meizu,Android,15.24,13.0,8.0,64.0,4.0,3600.0,168.0,2018,605,4.608265391,5.299566586
Meizu,Android,15.29,13.0,20.0,128.0,4.0,3210.0,160.0,2018,653,4.727830199,5.296014717
Meizu,Android,12.88,13.0,5.0,64.0,4.0,3100.0,159.0,2018,712,4.529476342,5.000248201
Meizu,Android,12.88,13.0,5.0,32.0,4.0,3200.0,145.0,2018,606,4.266054458,4.601764393
Meizu,Android,15.24,13.0,20.0,64.0,4.0,3100.0,154.0,2018,726,4.979007019,5.701880667
Meizu,Android,15.24,13.0,20.0,128.0,4.0,3010.0,152.0,2018,576,4.68914362,6.012369508
Meizu,Android,15.37,13.0,20.0,256.0,4.0,3570.0,182.0,2018,513,4.936486295,6.17674007
Meizu,Android,13.84,13.0,8.0,16.0,4.0,3070.0,140.0,2018,564,4.463030419,4.941070831
Meizu,Android,12.88,13.0,8.0,32.0,4.0,3300.0,145.0,2018,520,4.194039056,4.864992762
Meizu,Android,15.11,13.0,20.0,64.0,4.0,3500.0,177.0,2018,530,4.660604893,6.175347384
Meizu,Android,13.87,13.0,20.0,64.0,4.0,3000.0,152.0,2018,588,4.543081994,5.991264527
Meizu,Android,13.87,12.0,20.0,64.0,4.0,3000.0,145.0,2018,722,4.994980054,5.483842121
Meizu,Android,15.21,13.0,8.0,64.0,4.0,3360.0,160.0,2018,637,4.825670246,5.62948987
Meizu,Android,12.88,16.0,8.0,32.0,4.0,3000.0,160.0,2018,675,4.434856248,5.003677814
Meizu,Android,12.75,13.0,8.0,32.0,4.0,3070.0,143.0,2017,764,4.293195421,4.871756295
Meizu,Android,12.83,12.5,16.0,16.0,4.0,4000.0,173.0,2017,786,4.537426534,5.144524956
Meizu,Android,12.88,12.0,16.0,64.0,4.0,3500.0,170.0,2017,848,5.202687136,6.214668097
Meizu,Android,12.75,12.0,16.0,64.0,4.0,3000.0,163.0,2017,785,5.010768619,5.992014396
Meizu,Android,12.7,8.0,5.0,16.0,4.0,3235.0,135.0,2017,801,3.947969132,4.935768059
Meizu,Android,12.83,13.0,8.0,64.0,4.0,3400.0,155.0,2017,650,4.374876131,5.346964663
Meizu,Android,12.75,13.0,5.0,16.0,4.0,3000.0,143.0,2017,606,4.071417058,4.862057943
Meizu,Android,12.83,13.0,5.0,16.0,4.0,3060.0,175.0,2016,789,4.508108473,5.246181612
Meizu,Android,12.88,12.0,5.0,64.0,4.0,3400.0,158.0,2016,762,5.127825562,6.311226513
Meizu,Android,12.83,16.0,5.0,16.0,4.0,3150.0,149.0,2016,718,4.30662937,5.236441963
Meizu,Android,12.7,13.0,5.0,32.0,4.0,2760.0,139.0,2016,908,4.065430552,5.076485455
Meizu,Android,12.83,13.0,5.0,32.0,4.0,3260.0,158.0,2016,1054,4.156693187,5.242804657
Meizu,Android,12.75,12.0,5.0,64.0,4.0,3060.0,163.0,2016,1084,5.122236297,6.062272437
Meizu,Android,12.75,13.0,5.0,32.0,4.0,3060.0,138.0,2016,931,4.195395806,4.796946902
Meizu,Android,15.24,13.0,5.0,64.0,4.0,3060.0,189.0,2016,757,4.814539304,5.599532453
Meizu,Android,12.83,13.0,5.0,32.0,4.0,3060.0,172.0,2016,704,4.565805462,5.397845909
Meizu,Android,12.83,12.0,5.0,32.0,4.0,3060.0,155.0,2016,606,4.457134107,5.697898531
Meizu,Android,12.7,13.0,5.0,32.0,4.0,3060.0,138.0,2016,789,4.151512235,4.784069226
Meizu,Android,12.7,13.0,5.0,32.0,4.0,3060.0,132.0,2016,869,4.104129863,4.864066907
Meizu,Android,12.75,21.0,5.0,32.0,4.0,2560.0,160.0,2016,1063,4.923696642,6.014717099
Meizu,Android,12.83,13.0,5.0,32.0,4.0,3060.0,163.0,2016,959,4.55902153,5.195398313
Meizu,Android,12.83,13.0,5.0,16.0,4.0,3140.0,149.0,2015,966,4.428074948,5.14107859
Meizu,Android,12.88,21.0,5.0,32.0,4.0,3050.0,168.0,2015,752,4.846546506,5.963296527
Meizu,Android,12.7,13.0,5.0,16.0,4.0,3095.0,131.0,2015,791,4.01259206,4.860122434
Meizu,Android,12.83,20.7,5.0,16.0,4.0,3150.0,149.0,2015,944,4.794219064,5.341137364
Meizu,Android,12.83,13.0,5.0,16.0,4.0,3095.0,149.0,2015,725,4.568609931,5.304050898
Meizu,Android,12.83,13.0,5.0,16.0,4.0,,145.0,2014,986,4.177919486,4.863603658
Meizu,Android,12.7,13.0,5.0,32.0,4.0,2500.0,128.0,2015,629,4.388505601,4.604169686
Meizu,Android,12.83,20.7,5.0,16.0,4.0,,158.0,2014,1043,4.878854749,5.990639207
Meizu,Android,13.61,20.7,2.0,16.0,4.0,,147.0,2014,1007,4.742320024,5.826118095
Meizu,Android,12.73,8.0,2.0,16.0,4.0,2400.0,143.0,2013,878,4.688959712,5.914502506
Micromax,Android,12.7,8.0,5.0,16.0,4.0,4000.0,151.0,2017,664,4.217004575,4.608962984
Micromax,Android,12.83,13.0,5.0,32.0,4.0,4000.0,162.0,2017,607,4.427716761,4.948334268
Micromax,Android,10.16,2.0,0.3,16.0,4.0,1300.0,120.0,2017,645,3.122364924,3.907412393
Micromax,Android,12.83,13.0,13.0,128.0,4.0,3200.0,164.0,2017,879,4.797607077,5.885270351
Micromax,Android,10.29,5.0,2.0,32.0,4.0,1800.0,140.0,2017,742,3.886089623,4.084462562
Micromax,Android,12.83,8.0,5.0,32.0,4.0,3000.0,151.0,2017,859,4.019980147,4.619960271
Micromax,Android,12.7,8.0,2.0,32.0,4.0,4000.0,151.0,2017,868,3.971234865,4.510969391
Micromax,Android,10.29,5.0,2.0,32.0,4.0,1800.0,151.0,2017,808,3.804660487,4.38152651
Micromax,Android,10.29,5.0,2.0,32.0,4.0,1800.0,156.0,2016,901,3.798182189,4.257738109
Micromax,Android,10.16,5.0,2.0,32.0,4.0,1600.0,159.0,2016,564,3.831680253,4.084462562
Micromax,Android,12.7,5.0,2.0,32.0,4.0,2000.0,165.0,2016,958,4.050392675,4.277360322
Micromax,Android,12.7,8.0,5.0,16.0,4.0,2000.0,151.0,2016,562,3.948162052,4.374624305
Micromax,Android,15.24,8.0,5.0,32.0,4.0,3000.0,159.0,2016,883,4.032823706,4.601362948
Micromax,Android,12.7,5.0,2.0,32.0,4.0,2000.0,159.0,2016,1026,3.71210758,3.90459549
Micromax,Android,12.83,8.0,5.0,32.0,4.0,2500.0,159.0,2016,999,4.182660643,4.272490748
Micromax,Android,12.7,13.0,5.0,16.0,4.0,2500.0,159.0,2016,617,4.296060166,4.606669062
Micromax,Android,10.29,5.0,5.0,32.0,4.0,1750.0,159.0,2016,962,3.909820582,4.615912283
Micromax,Android,12.83,8.0,5.0,16.0,4.0,2500.0,159.0,2016,1073,4.148674907,4.380650688
Micromax,Android,12.83,13.0,5.0,16.0,4.0,3000.0,159.0,2016,683,4.564035643,5.186211933
Micromax,Android,12.83,13.0,8.0,32.0,4.0,3000.0,162.0,2016,736,4.44370952,4.508438997
Micromax,Android,12.7,5.0,2.0,32.0,4.0,3000.0,143.0,2015,750,4.325985244,5.132085671
Micromax,Android,12.7,13.0,5.0,16.0,4.0,2100.0,128.0,2015,992,4.11887456,4.857328702
Micromax,Android,12.83,13.0,5.0,16.0,4.0,2500.0,145.0,2015,1031,4.429387206,5.007831367
Micromax,Android,10.34,8.0,5.0,32.0,4.0,2000.0,143.0,2015,704,4.037950562,4.506785284
Micromax,Android,12.7,13.0,5.0,16.0,4.0,2500.0,143.0,2015,725,4.378144107,4.802051894
Micromax,Android,12.7,8.0,2.0,16.0,4.0,2000.0,155.0,2015,567,3.965374181,4.07090533
Micromax,Android,12.75,13.0,5.0,16.0,4.0,2900.0,143.0,2015,747,4.477109516,5.122772794
Micromax,Android,12.83,13.0,5.0,32.0,4.0,2820.0,143.0,2015,925,4.401829262,5.016816153
Micromax,Android,12.7,13.0,2.0,32.0,4.0,2500.0,135.0,2015,669,3.993234261,4.50313746
Micromax,Android,7.75,1.3,0.3,16.0,4.0,1200.0,143.0,2015,731,3.189652966,3.67478053
Micromax,Android,12.7,8.0,5.0,32.0,4.0,2800.0,144.0,2015,1014,4.348728349,4.790985632
Micromax,Android,10.36,8.0,5.0,16.0,4.0,2000.0,97.0,2015,898,4.573473099,5.524376663
Micromax,Android,20.32,5.0,2.0,32.0,4.0,4000.0,143.0,2015,625,3.829293358,4.882119872
Micromax,Android,12.7,13.0,5.0,16.0,4.0,2260.0,143.0,2015,794,4.169761202,5.437513932
Micromax,Android,10.29,5.0,2.0,32.0,4.0,1700.0,136.0,2015,624,3.58850648,4.513931706
Micromax,Android,15.24,8.0,2.0,32.0,4.0,3000.0,143.0,2015,675,4.249637447,4.93842296
Micromax,Android,12.7,13.0,5.0,16.0,4.0,2400.0,143.0,2015,810,4.437934267,5.007229501
Micromax,Android,10.34,8.0,2.0,32.0,4.0,2000.0,143.0,2015,1064,3.817492522,4.704291277
Micromax,Android,12.83,5.0,0.3,32.0,4.0,2820.0,143.0,2015,601,3.860940215,4.690338198
Micromax,Android,10.34,8.0,2.0,32.0,4.0,2000.0,134.0,2015,901,3.969348072,4.229749199
Micromax,Android,10.16,0.3,0.3,16.0,4.0,1200.0,123.0,2015,734,3.341447377,4.110217911
Micromax,Android,12.7,8.0,2.0,32.0,4.0,3000.0,170.0,2015,957,4.140273494,4.852342715
Micromax,Android,10.16,2.0,0.3,16.0,4.0,1450.0,143.0,2015,740,3.451890496,4.096176217
Micromax,Android,12.7,5.0,0.3,16.0,4.0,1800.0,143.0,2015,801,3.711863291,4.378018613
Micromax,Android,10.29,5.0,0.3,32.0,4.0,1700.0,143.0,2015,667,3.626738058,4.495690085
Micromax,Android,10.16,2.0,0.3,16.0,4.0,1300.0,146.5,2014,1052,3.444895237,4.071928523
Micromax,Android,10.29,8.0,2.0,32.0,4.0,2000.0,138.0,2015,798,4.021953065,4.584559232
Micromax,Android,20.32,5.0,2.0,32.0,4.0,4400.0,310.5,2015,604,4.580775029,5.006225586
Micromax,Android,17.78,5.0,0.3,32.0,4.0,3200.0,306.0,2015,981,4.286478927,4.486724431
Micromax,Android,10.34,13.0,13.0,16.0,4.0,2300.0,138.0,2014,575,4.71088064,5.47884565
Micromax,Android,12.7,8.0,2.0,32.0,4.0,3000.0,143.0,2015,954,3.875359021,5.011235114
Micromax,Android,10.34,8.0,5.0,32.0,4.0,2000.0,123.0,2014,672,4.091674334,5.005689752
Micromax,Android,10.29,5.0,2.0,16.0,4.0,1700.0,136.0,2014,920,3.425889994,4.368561384
Micromax,Android,12.7,13.0,5.0,32.0,4.0,2500.0,146.5,2014,871,4.213016092,5.137502866
Micromax,Android,10.16,2.0,0.3,16.0,4.0,2000.0,146.5,2014,1032,3.577947893,4.23757873
Micromax,Android,12.83,8.0,2.0,32.0,4.0,2350.0,146.0,2014,1066,4.343935284,4.934761662
Micromax,Android,12.7,8.0,2.0,32.0,4.0,2000.0,138.0,2014,1054,3.819249605,5.134032172
Micromax,Android,10.16,5.0,0.3,16.0,4.0,1750.0,146.5,2014,1050,3.629394807,4.503026712
Micromax,Android,12.83,16.0,5.0,32.0,4.0,2300.0,146.5,2014,756,4.812428228,5.710791189
Micromax,Windows,12.7,8.0,2.0,32.0,4.0,2000.0,146.5,2014,668,3.891820298,4.800819203
Micromax,Windows,10.16,5.0,0.3,32.0,4.0,1500.0,146.5,2014,855,3.749033377,4.366151286
Micromax,Android,10.16,2.0,0.3,16.0,4.0,2100.0,146.5,2014,730,3.526360525,4.072098953
Micromax,Android,10.34,5.0,2.0,16.0,4.0,2000.0,158.0,2014,797,3.854817532,4.500476115
Micromax,Android,12.7,5.0,0.3,16.0,4.0,1900.0,180.0,2014,759,3.677565694,4.506012614
Micromax,Others,5.28,0.3,2.0,16.0,4.0,3000.0,146.5,2014,664,2.351375257,2.989211057
Micromax,Android,12.7,8.0,2.0,16.0,4.0,2000.0,159.0,2014,791,4.178379291,4.805413517
Micromax,Android,12.7,8.0,2.0,16.0,4.0,2000.0,168.0,2014,584,4.057334737,4.71115051
Micromax,Android,15.24,5.0,0.3,32.0,4.0,2500.0,202.0,2014,653,3.769998505,4.621437158
Micromax,Android,10.16,2.0,0.3,512.0,0.25,1600.0,146.5,2014,930,3.054944133,3.903587527
Micromax,Others,5.18,0.3,0.3,16.0,4.0,2800.0,260.0,2013,1037,2.383242996,2.949688335
Micromax,Others,5.16,0.3,0.3,16.0,4.0,1800.0,118.0,2013,868,2.753023567,2.940747965
Micromax,Android,12.7,8.0,2.0,16.0,4.0,1900.0,146.5,2014,633,3.898532415,5.240370407
Micromax,Android,7.75,1.3,2.0,512.0,0.25,1500.0,146.5,2014,876,2.96784707,3.899342952
Micromax,Android,12.7,16.0,8.0,32.0,4.0,2350.0,154.0,2014,888,4.509649984,5.47884565
Micromax,Android,10.34,8.0,5.0,16.0,4.0,1800.0,110.0,2014,883,3.958333908,5.141312618
Micromax,Android,10.29,5.0,5.0,16.0,4.0,1800.0,147.0,2014,635,3.715764783,4.600459106
Micromax,Android,15.24,8.0,5.0,16.0,4.0,2450.0,180.0,2014,983,4.172385267,5.127469732
Micromax,Android,12.7,8.0,2.0,16.0,4.0,2000.0,147.0,2013,613,4.285240366,5.007630785
Micromax,Android,10.16,2.0,0.3,512.0,0.25,1500.0,118.0,2013,1015,3.205587931,4.097506226
Micromax,Android,12.7,5.0,0.3,16.0,4.0,3000.0,118.0,2013,769,3.592093185,4.506012614
Micromax,Android,12.7,12.0,2.0,16.0,4.0,2000.0,118.0,2013,692,4.154027564,5.187832633
Micromax,Android,12.7,13.0,5.0,16.0,4.0,2000.0,118.0,2013,723,4.546693256,5.483343596
Micromax,Android,20.32,5.0,2.0,16.0,4.0,4800.0,118.0,2013,1032,4.344324767,5.143941661
Micromax,Android,10.29,5.0,0.3,16.0,4.0,1500.0,118.0,2013,793,3.654029177,4.505239347
Micromax,Android,10.29,2.0,0.3,16.0,4.0,1850.0,118.0,2013,577,3.248046202,4.098336583
Micromax,Android,12.88,12.0,5.0,16.0,4.0,2600.0,220.0,2013,1047,4.447580265,5.436120871
Micromax,Android,12.7,5.0,0.3,16.0,4.0,2000.0,118.0,2013,781,3.845883203,4.694919478
Micromax,Android,12.7,13.0,5.0,16.0,4.0,2000.0,158.0,2013,965,4.023922098,5.429214041
Micromax,Android,10.29,5.0,0.3,16.0,4.0,1800.0,118.0,2013,956,3.747619949,4.706010501
Micromax,Android,12.7,8.0,2.0,16.0,4.0,2000.0,164.0,2013,823,4.058199116,5.191010514
Micromax,Others,5.28,0.3,0.3,16.0,4.0,2000.0,108.0,2013,603,2.715356776,3.003204288
Micromax,Others,5.28,0.3,0.3,16.0,4.0,2000.0,98.6,2013,748,2.346601978,3.020424886
Micromax,Others,5.23,0.3,0.3,16.0,4.0,2000.0,118.0,2013,596,2.714694744,2.955430977
Micromax,Others,5.18,0.3,0.3,16.0,4.0,2000.0,118.0,2013,694,2.691243083,3.045474365
Micromax,Others,5.13,0.3,0.3,16.0,4.0,2000.0,118.0,2013,1016,2.935982269,3.725693427
Micromax,Others,5.28,0.3,0.3,16.0,4.0,2000.0,92.0,2013,946,2.267993648,3.406848053
Micromax,Android,12.78,8.0,2.0,16.0,4.0,2100.0,168.0,2013,780,4.249780131,5.248706866
Micromax,Android,17.78,2.0,0.3,16.0,4.0,3000.0,370.0,2013,706,4.336375289,4.865455368
Micromax,Android,17.78,2.0,0.3,16.0,4.0,3000.0,323.0,2013,726,4.242045918,4.79974964
Micromax,Android,17.78,2.0,0.3,16.0,4.0,2000.0,118.0,2013,645,3.742894042,4.58394655
Micromax,Android,12.7,3.15,0.3,16.0,4.0,2000.0,186.0,2013,1025,3.867443962,4.49635928
Micromax,Android,10.29,5.0,0.3,16.0,4.0,2000.0,149.1,2013,969,3.969348072,4.774659764
Micromax,Android,7.75,3.15,0.3,16.0,4.0,2000.0,109.0,2013,833,3.134624272,4.237145361
Micromax,Android,7.75,2.0,0.3,512.0,0.25,1500.0,118.0,2013,1008,3.137665769,4.217004575
Micromax,Android,12.7,5.0,0.3,16.0,4.0,2000.0,118.0,2013,667,3.839022113,5.011901159
Micromax,Android,12.7,8.0,2.0,16.0,4.0,2000.0,156.0,2013,669,3.814189645,5.431930006
Micromax,Android,10.08,3.15,0.3,1024.0,4.0,1450.0,118.0,2013,836,3.437207819,4.503912354
Microsoft,Windows,12.7,8.0,5.0,16.0,4.0,2000.0,122.0,2016,961,4.033532423,5.008900457
Microsoft,Windows,12.88,20.0,5.0,32.0,4.0,3340.0,165.0,2015,931,4.959552504,5.85555891
Microsoft,Windows,12.88,20.0,5.0,32.0,4.0,3340.0,165.0,2015,820,4.910151756,5.853494748
Microsoft,Windows,12.75,20.0,5.0,32.0,4.0,3000.0,150.0,2015,692,4.844738116,5.632358078
Microsoft,Windows,12.75,20.0,5.0,32.0,4.0,3000.0,150.0,2015,751,4.684443367,5.635896134
Microsoft,Windows,10.34,5.0,2.0,32.0,4.0,2100.0,141.9,2015,790,3.818591061,4.498364182
Microsoft,Windows,12.7,8.0,5.0,32.0,4.0,2200.0,152.0,2015,965,3.964615456,4.611847841
Microsoft,Windows,10.16,2.0,0.3,32.0,4.0,1500.0,127.9,2015,890,3.385745277,4.237145361
Microsoft,Windows,12.88,13.0,5.0,32.0,4.0,3000.0,171.0,2015,823,4.428671642,5.306335138
Microsoft,Windows,12.88,13.0,5.0,32.0,4.0,3000.0,171.0,2015,956,4.195245147,5.297116646
Microsoft,Windows,12.88,13.0,5.0,32.0,4.0,3000.0,171.0,2015,949,4.249352018,5.130785895
Microsoft,Windows,12.88,13.0,5.0,32.0,4.0,3000.0,171.0,2015,937,4.458408805,5.143474781
Microsoft,Windows,12.7,8.0,1.0,32.0,4.0,2500.0,145.0,2015,874,4.248066579,5.019661105
Microsoft,Windows,12.7,8.0,1.0,32.0,4.0,2500.0,145.0,2015,564,4.277499105,4.786741461
Microsoft,Windows,12.7,8.0,1.0,32.0,4.0,2500.0,145.0,2015,1017,4.387884444,5.132970914
Microsoft,Windows,10.16,5.0,0.3,32.0,4.0,1560.0,136.3,2015,1083,3.805773206,4.509870006
Microsoft,Windows,10.16,5.0,0.3,32.0,4.0,1560.0,136.3,2015,696,3.682358237,4.489871562
Microsoft,Windows,10.16,2.0,0.3,32.0,4.0,1560.0,134.1,2015,670,3.581015808,4.261834449
Microsoft,Windows,10.16,2.0,0.3,32.0,4.0,1560.0,134.1,2015,708,3.640214282,4.228438297
Microsoft,Windows,12.7,5.0,5.0,32.0,4.0,1905.0,146.0,2014,683,3.808438689,4.381026134
Microsoft,Windows,12.7,5.0,5.0,32.0,4.0,1905.0,146.0,2014,1089,3.930059368,4.382151627
Microsoft,Windows,25.55,5.0,3.5,32.0,4.0,,675.9,2013,931,5.230573714,5.802752615
Motorola,Android,15.29,13.0,12.0,64.0,4.0,3000.0,176.0,2019,390,4.71124045,5.697663794
Motorola,Android,15.29,13.0,8.0,64.0,4.0,3000.0,172.0,2019,368,4.705829669,5.522380495
Motorola,Android,15.29,12.0,8.0,64.0,4.0,5000.0,193.0,2019,280,4.670021158,5.346535939
Motorola,Android,12.88,13.0,8.0,32.0,4.0,3000.0,149.0,2019,496,4.267316996,5.010635294
Motorola,Android,12.93,12.0,8.0,64.0,4.0,3000.0,162.0,2018,447,4.49110523,5.389619525
Motorola,Android,15.29,12.0,12.0,64.0,4.0,5000.0,205.0,2018,373,4.673296015,5.593595516
Motorola,Android,15.27,12.0,8.0,128.0,4.0,3000.0,156.0,2018,706,4.430578675,5.990313885
Motorola,Android,14.83,8.0,5.0,16.0,4.0,3100.0,168.5,2018,660,3.95623126,4.698296164
Motorola,Android,12.75,8.0,5.0,16.0,4.0,2800.0,150.0,2018,598,4.161068194,4.400357591
Motorola,Android,15.24,12.0,5.0,32.0,4.0,5000.0,196.6,2018,634,4.337552145,5.075861079
Motorola,Android,12.88,13.0,5.0,16.0,4.0,4000.0,174.0,2018,426,4.369068034,5.010635294
Motorola,Android,12.88,13.0,5.0,32.0,4.0,4000.0,175.0,2018,533,4.297421451,5.015291106
Motorola,Android,15.29,12.0,12.0,64.0,4.0,3000.0,170.0,2018,438,5.042650624,5.763277046
Motorola,Android,12.93,12.0,8.0,64.0,4.0,3200.0,167.0,2018,567,4.464988155,5.563447035
Motorola,Android,12.88,12.0,8.0,64.0,4.0,3000.0,167.0,2018,561,4.492673155,5.198054945
Motorola,Android,12.75,12.0,16.0,64.0,4.0,3000.0,163.0,2017,564,4.849527134,5.302857047
Motorola,Android,12.83,13.0,8.0,64.0,4.0,3000.0,168.0,2017,821,4.657857508,5.073109185
Motorola,Android,12.75,16.0,5.0,32.0,4.0,3000.0,157.0,2017,573,4.278470047,5.002334269
Motorola,Android,12.83,12.0,5.0,64.0,4.0,2730.0,143.0,2017,558,4.831907273,5.765253797
Motorola,Android,12.83,13.0,5.0,16.0,4.0,5000.0,198.0,2017,874,4.319752215,4.702750514
Motorola,Android,12.7,8.0,5.0,16.0,4.0,2800.0,151.0,2017,666,4.180828022,5.01422883
Motorola,Android,12.83,12.0,5.0,64.0,4.0,3000.0,145.0,2017,842,4.240607069,5.443629098
Motorola,Android,12.7,8.0,2.0,16.0,4.0,4000.0,162.0,2017,746,3.823847315,4.800078858
Motorola,Android,12.7,5.0,2.0,32.0,4.0,2350.0,154.0,2017,803,4.052654135,4.613832559
Motorola,Android,12.75,12.0,5.0,32.0,4.0,3000.0,155.0,2017,873,4.471410196,5.480763916
Motorola,Android,12.7,13.0,5.0,16.0,4.0,2800.0,145.0,2017,578,4.277082699,5.012367127
Motorola,Android,12.83,16.0,8.0,64.0,4.0,3050.0,163.0,2016,554,4.711779921,5.245760116
Motorola,Android,12.7,8.0,5.0,16.0,4.0,3500.0,153.5,2016,917,4.28689144,4.87557893
Motorola,Android,12.83,16.0,5.0,32.0,4.0,3510.0,165.0,2016,904,4.318687394,5.396305775
Motorola,Android,12.7,8.0,5.0,32.0,4.0,2800.0,140.6,2016,659,4.156379953,4.60736777
Motorola,Android,12.83,21.0,5.0,32.0,4.0,3500.0,163.0,2016,1041,4.434144589,5.593744369
Motorola,Android,12.83,13.0,5.0,32.0,4.0,2600.0,136.0,2016,694,4.592186258,5.39838892
Motorola,Android,12.83,16.0,5.0,64.0,4.0,3000.0,155.0,2016,827,4.566741159,5.065565301
Motorola,Android,12.83,13.0,5.0,16.0,4.0,3000.0,155.0,2016,667,4.481419379,4.876951509
Motorola,Android,12.7,8.0,5.0,32.0,4.0,2800.0,137.0,2016,563,3.91939576,4.87504464
Motorola,Android,12.7,13.0,5.0,16.0,4.0,2470.0,155.0,2015,833,4.105943698,5.629094847
Motorola,Android,12.8,21.0,5.0,32.0,4.0,3760.0,169.0,2015,582,4.560695696,5.634611016
Motorola,Android,12.8,21.0,5.0,32.0,4.0,3760.0,170.1,2015,905,4.580365067,5.795328001
Motorola,Android,12.83,21.0,5.0,16.0,4.0,2390.0,169.0,2015,749,4.517540436,5.703315699
Motorola,Android,12.88,21.0,5.0,16.0,4.0,2390.0,179.0,2015,1020,4.893277168,5.562833161
Motorola,Android,12.83,21.0,5.0,16.0,4.0,2390.0,169.0,2015,694,4.485034385,5.520900761
Motorola,Android,12.83,21.0,5.0,16.0,4.0,2390.0,169.0,2015,586,4.492225427,5.47495614
Motorola,Android,12.7,13.0,5.0,32.0,4.0,2470.0,155.0,2015,820,4.517867858,5.13732668
Motorola,Android,12.7,13.0,5.0,32.0,4.0,2470.0,155.0,2015,608,4.362588941,5.137385412
Motorola,Android,10.29,5.0,0.3,32.0,4.0,2390.0,145.0,2015,579,3.949704072,4.603568905
Motorola,Android,10.29,5.0,0.3,32.0,4.0,2390.0,145.0,2015,842,3.546739687,4.883634909
Motorola,Android,12.7,8.0,2.0,32.0,4.0,2390.0,155.0,2015,863,4.253767036,5.34834486
Motorola,Android,12.7,8.0,2.0,32.0,4.0,2390.0,155.0,2015,613,3.844814256,5.47976354
Motorola,Android,12.75,21.0,2.0,64.0,4.0,3900.0,176.0,2014,768,4.396052806,5.705381196
Motorola,Android,12.75,21.0,2.0,32.0,4.0,3900.0,169.0,2014,564,4.911624944,5.666045993
Motorola,Android,15.14,13.0,2.0,32.0,4.0,3220.0,184.0,2014,739,4.312140507,6.041254212
Motorola,Android,12.75,13.0,2.0,16.0,4.0,2300.0,144.0,2014,572,4.529799879,5.773370724
Motorola,Android,12.7,8.0,2.0,32.0,4.0,2070.0,149.0,2014,808,4.145829505,5.293907658
Motorola,Android,12.7,8.0,2.0,32.0,4.0,2070.0,149.0,2014,1072,4.03653888,5.07704706
Motorola,Android,10.29,5.0,1.3,32.0,4.0,2070.0,143.0,2014,927,4.251205851,5.079974772
Motorola,Android,10.24,8.0,0.3,32.0,4.0,2000.0,125.9,2014,634,3.606041176,5.473572347
Motorola,Android,10.24,5.0,2.0,16.0,4.0,1980.0,142.0,2014,959,3.874736421,4.621437158
Motorola,Android,10.24,5.0,2.0,16.0,4.0,1980.0,142.0,2014,979,3.965184554,4.488186831
Motorola,Android,10.29,5.0,1.3,32.0,4.0,2070.0,143.0,2014,821,3.958333908,4.939210897
Motorola,Android,10.29,5.0,1.3,32.0,4.0,2070.0,143.0,2013,643,4.148359151,4.870453263
Motorola,Android,10.34,10.0,2.0,16.0,4.0,2200.0,130.0,2013,757,3.773909703,5.520540494
Motorola,Android,12.7,10.0,2.0,16.0,4.0,2130.0,137.0,2013,607,4.245204118,5.524655809
Motorola,Android,12.7,10.0,2.0,16.0,4.0,3500.0,167.0,2013,715,4.122770036,5.394309132
Motorola,Android,10.24,10.0,2.0,16.0,4.0,2000.0,130.0,2013,1044,4.292375413,5.196118514
Motorola,Android,10.16,8.0,1.2,16.0,4.0,2000.0,120.0,2013,944,4.488524004,5.43838361
Motorola,Android,7.75,5.0,2.0,16.0,4.0,1785.0,110.0,2013,667,3.542696944,5.020387586
Others,Android,7.65,5.0,0.3,32.0,4.0,1900.0,171.8,2013,739,4.461415282,5.792952631
Nokia,Android,16.23,5.0,16.0,128.0,4.0,3500.0,180.0,2019,188,4.620551288,5.671121532
Nokia,Android,15.21,5.0,20.0,128.0,4.0,3320.0,172.0,2019,294,5.192956851,6.42923549
Nokia,Android,14.5,5.0,8.0,32.0,4.0,3000.0,161.0,2019,492,4.25177557,5.004214726
Nokia,Android,15.9,13.0,5.0,32.0,4.0,4000.0,181.0,2019,317,4.579339426,4.861284189
Nokia,Android,13.84,8.0,5.0,32.0,4.0,2500.0,157.0,2019,226,4.178992036,4.493456196
Nokia,Others,5.18,5.0,0.0,,0.03,1020.0,157.0,2019,501,2.343727036,3.420346201
Nokia,Android,15.7,8.0,20.0,64.0,4.0,3500.0,180.0,2018,485,4.609062601,5.989212012
Nokia,Android,15.24,8.0,8.0,32.0,4.0,3500.0,180.0,2018,642,4.207822046,5.012500221
Nokia,Android,14.83,8.0,8.0,64.0,4.0,3060.0,160.0,2018,634,4.410492607,5.79557131
Nokia,Android,12.9,8.0,16.0,64.0,4.0,3060.0,151.0,2018,648,4.511408806,5.52589109
Nokia,Android,14.88,8.0,8.0,64.0,4.0,3060.0,160.0,2018,525,4.566948973,5.026639868
Nokia,Android,12.83,16.0,8.0,32.0,4.0,2970.0,160.0,2018,586,4.567364471,5.189227684
Nokia,Android,12.75,13.0,8.0,32.0,4.0,2990.0,138.3,2018,469,4.415340514,5.016749895
Nokia,Android,12.83,8.0,5.0,32.0,4.0,4000.0,174.0,2018,635,4.022669526,4.602065371
Nokia,Others,5.18,2.0,0.0,0.1,0.02,1100.0,117.0,2018,417,3.916015027,4.505681287
Nokia,Android,12.83,8.0,5.0,128.0,4.0,3260.0,177.0,2018,604,5.124618527,6.309590952
Nokia,Android,15.24,8.0,16.0,64.0,4.0,3800.0,183.0,2018,704,4.459566212,5.642651475
Nokia,Android,12.83,16.0,8.0,32.0,4.0,3000.0,172.0,2018,611,4.729421148,5.436687036
Nokia,Android,10.29,5.0,2.0,32.0,4.0,2150.0,160.0,2018,601,3.934957977,4.613039144
Nokia,Others,5.18,2.0,0.0,0.06,0.02,1200.0,88.1,2018,582,3.559909073,4.611251656
Nokia,Android,12.7,8.0,5.0,32.0,4.0,4100.0,161.0,2017,564,4.154969184,4.690613668
Nokia,Android,12.75,16.0,5.0,64.0,4.0,3000.0,160.0,2017,597,4.612939923,5.512783377
Nokia,Others,5.18,2.0,0.0,0.1,0.02,1200.0,88.2,2017,680,3.602504238,4.256746818
Nokia,Android,12.78,13.0,13.0,128.0,4.0,3090.0,160.0,2017,558,5.126698333,5.801634875
Nokia,Android,12.7,8.0,8.0,16.0,4.0,2630.0,140.0,2017,745,4.371597439,4.87504464
Nokia,Android,12.75,13.0,8.0,16.0,4.0,3000.0,160.0,2017,821,4.460606735,4.947695494
Nokia,Android,12.83,16.0,8.0,32.0,4.0,3000.0,169.0,2017,540,4.508769412,5.081155887
Nokia,Others,5.18,2.0,0.0,0.1,0.02,1000.0,160.0,2017,554,3.772760938,4.098668534
Nokia,Others,5.18,0.3,0.0,0.06,0.02,,81.0,2016,815,2.71866038,3.374511116
Nokia,Others,5.18,0.3,0.0,0.06,,,82.6,2016,1023,2.765060456,3.65790465
Nokia,Others,5.28,2.0,0.0,0.06,0.02,1200.0,91.8,2015,867,2.934920134,4.219654753
Nokia,Others,5.28,2.0,0.0,0.06,0.03,1200.0,91.8,2015,772,3.285412349,4.247637732
Nokia,Others,5.18,2.0,0.0,0.1,0.02,1100.0,79.0,2015,1012,3.199896858,3.73576304
Nokia,Others,5.18,2.0,0.0,0.06,0.03,1100.0,79.0,2015,798,3.031099417,3.700808025
Nokia,Others,5.18,0.3,0.0,,0.02,1100.0,78.4,2015,559,2.587011873,3.378610883
Nokia,Others,5.18,0.3,0.0,0.06,0.02,1100.0,78.6,2015,682,2.935451343,3.401197382
Nokia,Windows,10.29,5.0,1.6,32.0,4.0,1830.0,136.0,2014,809,3.66586668,4.602967762
Nokia,Android,18.01,8.0,5.0,32.0,4.0,5300.0,318.0,2014,893,4.55744945,5.77116071
Nokia,Windows,10.34,6.7,5.0,32.0,4.0,2200.0,130.0,2014,601,3.8823882,5.134856817
Nokia,Windows,10.34,6.7,5.0,32.0,4.0,2200.0,134.0,2014,1045,4.118386557,5.396804313
Nokia,Windows,12.7,10.0,0.9,16.0,4.0,2200.0,150.0,2014,679,4.662872896,5.798759266
Nokia,Windows,10.16,5.0,1.6,16.0,4.0,1430.0,129.0,2014,1055,3.739572568,4.59764192
Nokia,Windows,10.16,5.0,1.6,16.0,4.0,1430.0,129.0,2014,1062,3.535145354,4.602366259
Nokia,Android,10.24,5.0,0.3,16.0,4.0,1800.0,150.0,2014,571,3.883829271,4.485372623
Nokia,Others,5.28,2.0,0.0,0.1,0.02,1200.0,99.8,2014,631,3.36729583,3.914021008
Nokia,Others,5.28,2.0,0.0,0.1,0.03,1200.0,100.6,2014,654,3.373826185,3.933197241
Nokia,Windows,12.7,20.0,1.2,32.0,4.0,2420.0,167.0,2014,825,4.489647095,5.915339157
Nokia,Windows,10.29,5.0,1.6,32.0,4.0,1830.0,134.0,2014,851,3.835573833,4.707094806
Nokia,Windows,10.29,5.0,1.6,32.0,4.0,1830.0,134.0,2014,825,4.209902903,4.949114437
Nokia,Windows,10.29,5.0,1.6,32.0,4.0,1830.0,134.0,2014,573,3.988428337,4.7061913
Nokia,Android,12.7,5.0,2.0,16.0,4.0,2000.0,190.0,2014,1093,3.696351469,4.612741451
Nokia,Android,10.16,3.15,1.6,16.0,4.0,1500.0,128.7,2014,903,3.309082093,4.790819533
Nokia,Android,10.16,3.15,1.6,16.0,4.0,1500.0,128.7,2014,645,3.607940512,4.59532185
Nokia,Others,5.28,1.3,0.0,0.06,0.03,1830.0,89.3,2014,717,3.541828511,4.10313911
Nokia,Others,5.18,2.0,0.0,0.1,0.02,1830.0,83.6,2014,565,3.072230245,3.71235181
Nokia,Windows,12.7,20.0,1.2,32.0,4.0,2420.0,167.0,2014,881,4.759092268,5.989237068
Nokia,Windows,10.16,5.0,1.25,32.0,4.0,1430.0,124.0,2013,721,3.516904189,4.789489745
Nokia,Windows,15.24,20.0,1.2,16.0,4.0,3400.0,209.0,2013,1052,4.866379938,5.861014118
Nokia,Windows,15.24,5.0,0.3,32.0,4.0,3400.0,220.0,2013,817,4.502915952,5.345344072
Nokia,Windows,25.43,6.7,2.0,32.0,4.0,1200.0,615.0,2013,1067,4.978318693,5.882430626
Nokia,Others,7.62,5.0,0.0,0.06,,1200.0,111.4,2013,1001,3.827771453,4.605770006
Nokia,Others,7.62,5.0,0.0,0.1,0.03,1200.0,110.2,2013,987,3.881357591,4.517322095
Nokia,Others,7.62,5.0,0.0,,0.02,1010.0,100.0,2013,1043,3.535728275,4.370586445
Nokia,Others,5.28,2.0,0.0,0.06,0.03,1200.0,101.3,2013,893,3.418382206,4.092509546
Nokia,Others,5.28,2.0,0.0,0.06,0.03,1200.0,101.0,2013,782,3.292126287,4.08176578
Nokia,Others,5.18,5.0,0.0,0.06,0.03,1200.0,101.1,2013,863,4.391976966,4.943283932
Nokia,Windows,10.34,5.0,0.3,32.0,4.0,2000.0,159.0,2013,797,4.053001599,5.07072644
Nokia,Windows,10.29,41.0,1.2,32.0,4.0,2000.0,158.0,2013,988,5.105096629,5.989287178
Nokia,Others,5.18,1.3,0.0,0.06,0.02,1020.0,89.6,2013,955,4.035478809,4.076010856
Nokia,Others,5.18,5.0,0.0,0.1,0.03,1020.0,91.3,2013,1070,4.052654135,4.068513802
Nokia,Windows,10.29,8.0,1.3,16.0,4.0,2000.0,139.0,2013,707,4.565077092,5.557407045
Nokia,Windows,10.29,8.0,1.3,32.0,4.0,2000.0,162.0,2013,816,4.530231099,5.939881737
Nokia,Others,7.62,3.15,0.0,0.06,0.02,1200.0,98.2,2013,668,3.532517999,4.38252651
Nokia,Others,5.18,2.0,0.0,0.1,0.03,1200.0,97.3,2013,713,3.216071898,3.935153423
Nokia,Windows,10.24,6.7,1.3,32.0,4.0,2000.0,128.0,2013,781,4.302712828,5.294208939
Nokia,Windows,10.16,5.0,1.25,32.0,4.0,1430.0,124.0,2013,1051,3.583518938,4.237289838
Nokia,Others,5.18,3.15,0.0,0.1,0.02,1110.0,102.0,2013,1006,4.167595024,4.23757873
Nokia,Others,7.62,2.0,0.0,0.1,0.02,1110.0,103.7,2013,660,3.295095851,4.380024632
Others,Android,20.32,5.0,5.0,16.0,4.0,5200.0,356.0,2015,694,4.47038086,5.302209781
Others,Android,20.32,5.0,5.0,32.0,4.0,5400.0,390.0,2014,918,5.043425117,5.701145668
Others,Android,20.32,5.0,5.0,16.0,4.0,5400.0,390.0,2014,720,4.451436086,5.442028024
OnePlus,Android,16.28,,16.0,256.0,4.0,3700.0,185.0,2018,489,5.065754593,6.552422291
OnePlus,Android,16.28,,16.0,256.0,4.0,3700.0,185.0,2018,496,5.000046093,6.309445439
OnePlus,Android,15.95,,16.0,128.0,4.0,3300.0,177.0,2018,386,5.380404138,6.252635793
OnePlus,Android,15.27,,16.0,128.0,4.0,3300.0,162.0,2017,623,5.19473305,6.214968034
OnePlus,Android,12.83,,16.0,128.0,4.0,3300.0,153.0,2017,875,4.735584225,6.213026849
OnePlus,Android,12.83,16.0,16.0,64.0,4.0,3400.0,158.0,2016,986,4.936701666,6.091287257
OnePlus,Android,12.7,13.0,8.0,16.0,4.0,2525.0,138.0,2015,1050,4.62192897,5.598940343
OnePlus,Android,12.83,16.0,8.0,64.0,4.0,3000.0,158.0,2016,996,4.435448911,5.993437599
OnePlus,Android,12.83,13.0,5.0,16.0,4.0,3300.0,175.0,2015,913,4.831030045,5.699540155
OnePlus,Android,12.83,13.0,5.0,16.0,4.0,3100.0,162.0,2014,616,4.679163866,5.514436303
Oppo,Android,15.39,8.0,16.0,256.0,4.0,4065.0,210.0,2019,252,5.224509349,6.311172037
Oppo,Android,15.34,8.0,16.0,256.0,4.0,3765.0,185.0,2019,366,5.346774142,5.992763703
Oppo,Android,15.29,8.0,16.0,64.0,4.0,4230.0,170.0,2019,504,4.615516478,5.294510128
Oppo,Android,16.59,8.0,16.0,128.0,4.0,4020.0,188.0,2019,238,5.04613113,5.519178315
Oppo,Android,16.59,8.0,16.0,64.0,4.0,4000.0,190.0,2019,488,4.921876937,5.766193735
Oppo,Android,15.29,13.0,16.0,32.0,4.0,4230.0,168.0,2018,658,4.842374421,5.599273448
Oppo,Android,15.34,13.0,25.0,128.0,4.0,3600.0,156.0,2018,412,4.858648937,5.860558277
Oppo,Android,16.28,13.0,25.0,128.0,4.0,3600.0,156.0,2018,644,5.257859889,5.853523446
Oppo,Android,15.34,13.0,25.0,64.0,4.0,3600.0,156.0,2018,563,4.839767887,5.349390637
Oppo,Android,15.32,13.0,16.0,128.0,4.0,3500.0,169.0,2018,621,4.703838358,5.595194534
Oppo,Android,15.34,13.0,25.0,128.0,4.0,3700.0,183.0,2018,598,4.783065294,6.396045932
Oppo,Android,15.34,13.0,25.0,128.0,4.0,3500.0,182.0,2018,452,5.202797165,6.130878603
Oppo,Android,15.32,13.0,25.0,64.0,4.0,3500.0,169.0,2018,424,4.966613742,5.665180237
Oppo,Android,15.29,13.0,8.0,32.0,4.0,4230.0,168.0,2018,373,4.711420306,5.450351522
Oppo,Android,16.31,13.0,16.0,512.0,4.0,3400.0,186.0,2018,623,6.143348374,7.209650859
Oppo,Android,16.31,13.0,16.0,128.0,4.0,3730.0,186.0,2018,496,4.740400135,6.398178875
Oppo,Android,15.24,13.0,8.0,64.0,4.0,3410.0,155.0,2018,507,4.775672166,5.524097439
Oppo,Android,15.29,16.0,8.0,128.0,4.0,3400.0,159.0,2018,444,4.649282761,5.795936163
Oppo,Android,15.82,16.0,25.0,64.0,4.0,3400.0,158.0,2018,560,5.127113775,5.60719815
Oppo,Android,15.95,13.0,20.0,128.0,4.0,3430.0,180.0,2018,399,5.361902308,6.234449941
Oppo,Android,15.95,13.0,20.0,128.0,4.0,3450.0,175.0,2018,702,5.137385412,6.130965586
Oppo,Android,12.88,13.0,8.0,64.0,4.0,3180.0,143.0,2018,407,4.561427263,5.018603464
Oppo,Android,12.75,13.0,5.0,16.0,4.0,3000.0,137.0,2018,527,4.174233412,4.869532453
Oppo,Android,12.88,13.0,8.0,64.0,4.0,3180.0,143.0,2018,443,4.525477417,5.294409742
Oppo,Android,15.24,13.0,16.0,32.0,4.0,3200.0,152.0,2017,856,4.935768059,5.63400358
Oppo,Android,15.24,16.0,20.0,64.0,4.0,3200.0,152.0,2017,607,4.915005063,5.76713279
Oppo,Android,16.33,13.0,20.0,64.0,4.0,4000.0,182.0,2017,710,5.016816153,6.363131546
Oppo,Android,15.27,13.0,20.0,64.0,4.0,3200.0,153.0,2017,709,5.010501952,6.110469059
Oppo,Android,12.75,13.0,5.0,16.0,4.0,3000.0,137.0,2017,736,4.523092075,5.195896969
Oppo,Android,12.83,13.0,16.0,64.0,4.0,3200.0,148.0,2017,648,4.677862871,5.639421715
Oppo,Android,15.24,13.0,20.0,64.0,4.0,4000.0,188.0,2017,899,4.790736473,6.214608098
Oppo,Android,12.83,13.0,20.0,128.0,4.0,3000.0,150.0,2017,709,5.154331516,5.993861672
Oppo,Android,12.83,13.0,16.0,64.0,4.0,3200.0,153.0,2017,707,5.00354354,5.742073268
Oppo,Android,12.75,13.0,5.0,32.0,4.0,2900.0,147.0,2017,748,4.131319165,5.002401489
Oppo,Android,12.83,13.0,18.0,64.0,4.0,3200.0,153.0,2017,790,4.64294755,5.563408678
Oppo,Android,15.24,16.0,18.0,64.0,4.0,4000.0,185.0,2017,863,4.76319905,6.171554449
Oppo,Android,12.75,13.0,16.0,32.0,4.0,2900.0,147.0,2016,1049,4.562053895,5.290738721
Oppo,Android,12.83,13.0,16.0,64.0,4.0,3075.0,160.0,2016,1022,4.733563401,5.52776103
Oppo,Android,15.24,16.0,16.0,64.0,4.0,4000.0,185.0,2016,1065,5.315125318,6.347634363
Oppo,Android,12.83,16.0,16.0,64.0,4.0,3010.0,145.0,2016,1077,5.089754499,6.110402471
Oppo,Android,12.7,8.0,5.0,16.0,4.0,2630.0,136.0,2016,578,4.375127893,5.391443345
Oppo,Android,12.83,13.0,8.0,32.0,4.0,3075.0,160.0,2016,782,4.514479321,5.675040006
Oppo,Android,15.24,16.0,16.0,64.0,4.0,4120.0,185.0,2016,913,5.356067272,6.307424262
Oppo,Android,12.83,13.0,16.0,64.0,4.0,2850.0,145.0,2016,613,4.826391892,5.858133134
Oppo,Android,12.7,13.0,8.0,16.0,4.0,2500.0,134.0,2016,554,4.754279609,5.440207478
Oppo,Android,12.83,13.0,5.0,16.0,4.0,3075.0,165.0,2015,587,4.500920165,5.304746654
Oppo,Android,12.7,8.0,5.0,16.0,4.0,2400.0,146.0,2015,669,3.989909544,5.474243516
Oppo,Android,12.7,8.0,5.0,16.0,4.0,2420.0,141.0,2015,957,4.235120483,4.919542874
Oppo,Android,12.83,13.0,8.0,32.0,4.0,3070.0,155.0,2015,738,4.456206033,5.561143063
Oppo,Android,12.7,13.0,8.0,16.0,4.0,2320.0,147.0,2015,909,4.645640119,5.522740099
Oppo,Android,12.75,13.0,5.0,32.0,4.0,2000.0,155.0,2015,662,4.139158578,5.299167006
Oppo,Android,12.7,8.0,5.0,16.0,4.0,2420.0,160.0,2015,643,4.056988776,5.389619525
Oppo,Android,10.29,5.0,2.0,16.0,4.0,2000.0,135.0,2015,593,4.066287964,4.867226711
Oppo,Android,15.24,13.0,8.0,32.0,4.0,4100.0,192.0,2015,865,4.569024739,6.060197385
Oppo,Android,12.7,13.0,8.0,16.0,4.0,2320.0,147.0,2015,959,4.917056947,5.887270018
Oppo,Android,10.29,8.0,2.0,32.0,4.0,2000.0,135.0,2015,578,3.773450356,4.26112938
Oppo,Android,10.29,8.0,2.0,32.0,4.0,2000.0,135.0,2015,726,4.180369342,5.070600875
Oppo,Android,10.16,3.15,0.3,16.0,4.0,1700.0,125.0,2015,1076,3.680343123,4.584967479
Oppo,Android,10.34,8.0,5.0,32.0,4.0,2000.0,130.0,2015,562,4.37298589,5.597940362
Oppo,Android,10.29,8.0,5.0,32.0,4.0,2000.0,135.0,2015,1011,4.037597828,5.009301071
Oppo,Android,12.7,13.0,5.0,16.0,4.0,2420.0,130.0,2015,883,4.273187855,5.828710296
Oppo,Android,12.75,13.0,5.0,16.0,4.0,2000.0,155.0,2014,777,4.094011173,5.994709277
Oppo,Android,12.83,16.0,16.0,32.0,4.0,3000.0,192.0,2014,703,4.877408617,6.310172791
Oppo,Android,12.7,13.0,5.0,16.0,4.0,2410.0,140.0,2014,790,4.630545492,5.677027737
Oppo,Android,10.29,5.0,2.0,16.0,4.0,1900.0,128.0,2014,804,4.098004523,4.870453263
Oppo,Android,10.34,8.0,2.0,16.0,4.0,2000.0,128.0,2014,682,4.468319003,5.476086912
Oppo,Android,10.34,5.0,2.0,16.0,4.0,1900.0,145.0,2014,775,4.252344965,5.303951465
Oppo,Android,10.16,3.15,0.3,16.0,4.0,1700.0,125.0,2014,1028,3.745496055,4.604269781
Oppo,Android,10.29,5.0,2.0,16.0,4.0,1900.0,132.5,2014,602,3.999850716,4.938136283
Oppo,Android,12.7,13.0,13.0,16.0,4.0,2140.0,150.0,2014,835,4.522657764,5.79994078
Oppo,Android,12.7,8.0,5.0,32.0,4.0,2410.0,140.0,2014,678,4.69701984,5.598829283
Oppo,Android,12.83,13.0,5.0,32.0,4.0,3000.0,171.0,2014,607,4.905200702,6.083222972
Oppo,Android,12.83,13.0,5.0,16.0,4.0,2800.0,170.0,2014,594,4.704472387,5.911203066
Oppo,Android,10.29,5.0,2.0,16.0,4.0,1900.0,130.0,2014,992,3.536602019,5.082335608
Oppo,Android,12.7,8.0,5.0,16.0,4.0,2410.0,140.0,2013,691,4.357862008,5.704382295
Oppo,Android,12.93,13.0,13.0,16.0,4.0,3610.0,213.0,2013,621,4.844738116,6.065272474
Oppo,Android,10.34,8.0,1.9,16.0,4.0,2000.0,110.0,2013,860,4.466367783,5.525532617
Oppo,Android,10.16,3.15,0.3,16.0,4.0,1700.0,140.75,2013,877,4.165113633,5.676034365
Oppo,Android,10.24,5.0,2.0,16.0,4.0,1700.0,141.5,2013,572,3.704014342,4.598749618
Others,Android,7.7,12.0,8.0,32.0,4.0,800.0,165.0,2018,395,4.881513214,5.701446415
Panasonic,Android,15.72,,8.0,64.0,4.0,4000.0,169.0,2018,487,4.268997904,5.293706754
Panasonic,Android,15.7,,16.0,128.0,4.0,3000.0,195.0,2018,717,4.873057631,5.856217398
Panasonic,Android,12.7,13.0,5.0,32.0,4.0,2500.0,143.0,2017,755,4.076519977,4.596028528
Panasonic,Android,12.83,13.0,5.0,64.0,4.0,3000.0,154.85,2017,643,4.622420539,5.298217362
Panasonic,Android,12.7,13.0,5.0,32.0,4.0,4000.0,163.0,2017,705,4.45225208,4.699479865
Panasonic,Android,12.83,13.0,13.0,32.0,4.0,5000.0,182.0,2017,734,4.464527856,4.871986066
Panasonic,Android,12.7,8.0,5.0,16.0,4.0,2210.0,144.0,2017,710,4.211831258,4.593198814
Panasonic,Android,12.7,8.0,2.0,16.0,4.0,4000.0,146.7,2017,601,3.871201011,4.492561242
Panasonic,Android,12.7,13.0,5.0,16.0,4.0,4000.0,169.0,2017,814,4.429267981,4.703747749
Panasonic,Android,12.83,13.0,5.0,32.0,4.0,3000.0,163.0,2016,924,4.487961985,5.015291106
Panasonic,Android,12.83,13.0,5.0,32.0,4.0,4000.0,193.0,2017,713,4.500476115,4.849527134
Panasonic,Android,12.75,16.0,8.0,32.0,4.0,3000.0,165.0,2017,622,4.282206299,5.132262782
Panasonic,Android,12.83,13.0,5.0,16.0,4.0,3000.0,145.0,2017,866,4.54584472,5.073610093
Panasonic,Android,12.7,13.0,5.0,16.0,4.0,2200.0,133.0,2017,781,4.347564581,4.851717715
Panasonic,Android,12.78,13.0,5.0,16.0,4.0,2600.0,156.0,2016,915,4.237000863,5.077982368
Panasonic,Android,12.83,13.0,5.0,16.0,4.0,2500.0,155.0,2016,924,4.35504077,4.617098757
Panasonic,Android,12.7,8.0,2.0,32.0,4.0,2000.0,126.0,2016,966,3.87245023,4.585579536
Panasonic,Android,12.7,8.0,5.0,16.0,4.0,2800.0,138.0,2016,836,4.357221516,5.000180836
Panasonic,Android,12.7,8.0,5.0,32.0,4.0,2450.0,147.0,2016,835,4.005877581,5.303056121
Panasonic,Android,12.83,16.0,5.0,32.0,4.0,3000.0,142.0,2016,708,4.538602942,5.142481935
Panasonic,Android,12.7,8.0,5.0,16.0,4.0,4000.0,167.5,2016,800,4.241902127,5.002132582
Panasonic,Android,12.83,13.0,5.0,16.0,4.0,2700.0,151.0,2016,569,4.094844437,5.004013418
Panasonic,Android,12.7,8.0,5.0,16.0,4.0,2000.0,151.0,2016,588,4.006605648,4.872598529
Panasonic,Android,12.7,8.0,5.0,16.0,4.0,3200.0,155.0,2016,843,3.848230872,4.698296164
Panasonic,Android,12.7,13.0,5.0,32.0,4.0,2350.0,145.0,2016,796,4.309993432,4.937921222
Panasonic,Android,10.29,5.0,2.0,32.0,4.0,1600.0,151.0,2016,1039,3.698334613,4.270955399
Panasonic,Android,12.83,13.0,5.0,16.0,4.0,2500.0,145.0,2015,976,4.449802099,5.299816243
Panasonic,Android,12.83,13.0,8.0,32.0,4.0,2910.0,141.0,2015,564,4.421487704,5.591658397
Panasonic,Android,12.83,8.0,2.0,32.0,4.0,2500.0,158.0,2015,881,4.02123609,4.943426544
Panasonic,Android,12.7,8.0,2.0,32.0,4.0,2000.0,135.0,2015,887,4.162937354,4.775672166
Panasonic,Android,10.29,5.0,0.3,32.0,4.0,1800.0,138.0,2015,938,3.489513463,4.61254294
Panasonic,Android,12.83,13.0,8.0,16.0,4.0,3500.0,147.0,2015,985,4.583640067,5.081280134
Panasonic,Android,12.7,8.0,5.0,32.0,4.0,2000.0,110.0,2015,836,4.445353485,5.249337184
Panasonic,Android,10.34,8.0,5.0,32.0,4.0,1980.0,135.0,2015,567,4.188745238,4.874662829
Panasonic,Android,12.7,13.0,5.0,16.0,4.0,2500.0,131.0,2015,968,4.462915138,5.402497185
Panasonic,Android,12.7,8.0,5.0,32.0,4.0,2100.0,135.0,2014,978,4.383275854,5.015490157
Panasonic,Android,15.24,8.0,2.0,16.0,4.0,2800.0,173.8,2014,684,4.000583182,5.245074805
Panasonic,Android,10.16,5.0,2.0,32.0,4.0,1500.0,117.0,2014,787,3.478775516,4.487624622
Panasonic,Android,12.83,8.0,2.0,16.0,4.0,2500.0,148.0,2014,941,3.859044081,4.789323398
Panasonic,Android,12.7,8.0,2.0,32.0,4.0,2000.0,155.0,2014,758,4.263102323,4.934186122
Panasonic,Android,10.34,20.1,1.1,16.0,4.0,2600.0,204.0,2014,1043,4.294424174,6.719689254
Panasonic,Android,12.7,8.0,1.3,16.0,4.0,2000.0,115.0,2014,635,3.953548752,4.783651043
Panasonic,Android,12.7,13.0,2.0,16.0,4.0,2500.0,141.0,2014,1089,4.678606504,5.473194616
Panasonic,Android,12.83,13.0,2.0,32.0,4.0,2500.0,141.0,2014,996,4.583333491,5.387700928
Panasonic,Android,10.16,3.15,0.3,16.0,4.0,1300.0,120.0,2013,707,3.437207819,4.25561271
Panasonic,Android,12.7,8.0,1.3,16.0,4.0,2500.0,135.0,2013,967,3.788951008,6.085683222
Panasonic,Android,12.7,8.0,2.0,32.0,4.0,2000.0,133.0,2014,1014,4.330996464,5.133973243
Others,Others,7.62,3.15,0.3,256.0,0.25,1030.0,102.0,2013,997,4.309321524,5.074986298
Others,Android,10.36,12.6,2.0,16.0,4.0,2100.0,135.0,2013,731,4.028916757,5.908218799
Others,Android,10.16,5.0,2.0,16.0,4.0,1400.0,125.0,2014,844,3.467921014,4.868994922
Others,Android,12.7,5.0,0.3,1024.0,4.0,2200.0,170.0,2013,584,4.07090533,5.135798437
Others,Android,12.7,13.0,0.3,16.0,4.0,3300.0,200.0,2013,1018,4.695102293,5.828798548
Others,Android,10.29,8.0,0.3,16.0,4.0,2400.0,154.0,2013,1068,4.393584584,5.395171808
Others,Windows,12.7,8.0,2.0,32.0,4.0,2000.0,150.0,2014,968,4.383275854,5.123011145
Others,Windows,10.16,8.0,0.3,16.0,4.0,2000.0,150.0,2014,913,3.873490056,4.520809837
Others,Android,10.16,3.15,0.3,16.0,4.0,1500.0,120.0,2013,557,3.513334882,4.496470769
Others,Android,10.24,8.0,1.2,16.0,4.0,2000.0,140.0,2013,847,4.05161102,5.340274716
Others,Android,10.16,8.0,0.3,16.0,4.0,1700.0,132.0,2013,588,3.733135545,4.78840799
Others,Android,12.78,8.0,1.2,16.0,4.0,2100.0,140.0,2013,744,4.044103346,5.185876287
Others,Android,12.7,8.0,2.0,16.0,4.0,2000.0,130.0,2013,903,4.337160013,5.298667305
Others,Android,12.7,5.0,0.3,16.0,4.0,2200.0,199.0,2013,783,4.099332104,5.01422883
Others,Android,10.29,8.0,0.3,16.0,4.0,1800.0,134.0,2013,1010,4.080414657,4.776430795
Others,Android,10.29,8.0,0.3,16.0,4.0,1850.0,158.0,2013,703,3.892024359,4.794550107
Others,Android,10.24,8.0,0.3,16.0,4.0,1500.0,133.0,2013,712,3.925531355,4.78857449
Others,Android,10.24,5.0,0.3,16.0,4.0,1500.0,190.0,2013,786,3.93808054,4.703657133
Others,Android,10.16,8.0,0.3,16.0,4.0,2500.0,134.0,2013,1052,3.922369297,4.790819533
Others,Android,10.16,8.0,0.3,16.0,4.0,1500.0,124.0,2013,919,3.890390705,4.610257225
Others,Android,10.16,5.0,0.3,16.0,4.0,1500.0,180.0,2013,706,3.65351131,4.61630793
Others,Android,7.75,3.15,0.3,16.0,4.0,2000.0,130.0,2013,686,3.441058915,4.392719264
Others,Android,25.43,2.0,0.3,32.0,4.0,7000.0,612.0,2013,1049,4.646599996,5.395852342
Others,Android,23.04,2.0,2.0,32.0,4.0,8000.0,621.0,2013,1051,4.783483721,5.294510128
Others,Android,19.94,2.0,0.3,32.0,4.0,4700.0,406.0,2013,1025,4.439587745,4.943711709
Others,Android,20.32,5.0,0.3,16.0,4.0,6000.0,450.0,2013,913,4.748837536,5.478302864
Others,Android,20.32,5.0,2.0,16.0,4.0,5300.0,450.0,2013,1005,4.840953518,5.291040958
Others,Android,25.43,2.0,2.0,16.0,4.0,6400.0,680.0,2013,832,4.953712147,5.437905381
Others,Android,25.43,2.0,2.0,16.0,4.0,6400.0,660.0,2013,927,4.940856399,5.242223092
Others,Android,17.78,2.0,0.3,32.0,4.0,4000.0,305.0,2013,657,4.244056835,4.876265455
Others,Android,17.78,2.0,0.3,16.0,4.0,3200.0,305.0,2013,783,4.216709677,4.700116663
Others,Android,20.32,0.3,0.3,32.0,4.0,4700.0,490.0,2013,1039,4.365261888,5.298567335
Others,Android,17.78,0.3,0.3,16.0,4.0,3200.0,305.0,2013,972,3.947003974,4.259576475
Others,Android,17.78,0.3,0.3,32.0,4.0,3200.0,305.0,2013,884,4.02820476,4.24247717
Others,Android,17.78,0.3,0.3,16.0,4.0,3000.0,326.0,2013,626,4.176231722,4.865532448
Others,Android,15.24,24.0,8.0,64.0,4.0,3500.0,210.0,2015,561,4.644102396,5.99436035
Others,Android,10.36,8.0,8.0,32.0,4.0,2500.0,154.0,2015,652,4.033886593,4.856862321
Others,Android,10.36,8.0,5.0,16.0,4.0,2000.0,97.0,2015,1085,3.988613608,5.434289528
Others,Android,10.29,5.0,2.0,32.0,4.0,2500.0,138.0,2015,890,4.057853454,4.60386934
Others,Android,12.7,5.0,5.0,32.0,4.0,2000.0,152.0,2015,827,3.94022166,4.612939923
Others,Others,5.18,0.3,2.0,32.0,0.25,2500.0,154.0,2015,706,2.93385687,3.008154794
Others,Android,10.16,0.3,0.3,16.0,4.0,2500.0,154.0,2015,641,3.159550359,3.888549649
Others,Android,10.16,2.0,0.3,16.0,4.0,2500.0,154.0,2015,737,3.504956616,4.078892458
Others,Android,12.7,13.0,5.0,16.0,4.0,2500.0,154.0,2015,813,4.259293869,5.306731865
Others,Android,19.94,5.0,2.0,32.0,4.0,2500.0,154.0,2015,761,3.941775964,4.79015486
Others,Others,5.28,2.0,0.3,128.0,0.25,2500.0,154.0,2015,746,3.612808017,3.673258073
Others,Android,10.34,8.0,2.0,32.0,4.0,2500.0,151.0,2015,1087,3.708927149,4.600358629
Others,Android,12.7,5.0,2.0,32.0,4.0,2500.0,150.0,2015,767,3.632309103,5.098279804
Others,Android,12.83,13.0,5.0,16.0,4.0,2820.0,154.0,2015,699,4.200804473,5.200373722
Others,Android,10.29,5.0,2.0,32.0,4.0,2500.0,154.0,2015,570,3.598133841,4.685459017
Others,Android,12.7,8.0,5.0,32.0,4.0,2500.0,154.0,2015,1082,3.99654796,5.072294674
Others,Android,12.7,8.0,2.0,32.0,4.0,2500.0,180.0,2015,816,4.097672352,5.079663721
Others,Windows,10.16,5.0,0.3,16.0,4.0,2500.0,154.0,2015,930,3.740285242,4.089666973
Others,Android,12.7,13.0,5.0,16.0,4.0,2400.0,120.0,2015,658,4.343025897,5.142481935
Others,Android,12.7,13.0,5.0,16.0,4.0,2500.0,158.0,2015,903,4.434381865,5.401595716
Others,Android,10.16,5.0,0.3,32.0,4.0,2500.0,154.0,2015,575,3.661251287,4.499920775
Others,Android,10.36,8.0,5.0,16.0,4.0,2050.0,97.7,2015,962,4.45423101,5.34848753
Others,Android,12.7,8.0,2.0,32.0,4.0,2500.0,154.0,2015,995,4.013134507,4.786074072
Others,Android,10.34,8.0,5.0,16.0,4.0,2500.0,119.0,2015,724,3.787819402,5.016484819
Others,Android,10.34,5.0,2.0,32.0,4.0,2500.0,154.0,2015,1023,4.017103482,4.799914263
Others,Android,12.7,8.0,2.0,16.0,4.0,2500.0,154.0,2015,601,3.809547214,5.016816153
Others,Android,12.7,8.0,2.0,32.0,4.0,2500.0,154.0,2015,766,4.030339232,5.003409249
Others,Android,12.7,13.0,5.0,16.0,4.0,2500.0,154.0,2015,1007,4.327966358,5.079850363
Others,Android,10.16,5.0,0.3,16.0,4.0,2500.0,154.0,2015,1009,3.897112393,4.493344371
Others,Android,10.16,5.0,0.3,16.0,4.0,2500.0,154.0,2015,1052,3.684118137,4.40366581
Others,Android,12.7,5.0,0.3,32.0,4.0,2500.0,154.0,2015,667,3.891820298,4.388008706
Others,Android,10.34,8.0,2.0,32.0,4.0,2500.0,154.0,2015,579,4.26394668,4.79628629
Others,Android,10.29,8.0,2.0,32.0,4.0,2100.0,150.0,2014,616,3.784644076,4.700298531
Others,Android,10.29,5.0,0.3,32.0,4.0,2100.0,150.0,2014,661,3.656097965,4.604870141
Others,Android,10.16,3.15,0.3,16.0,4.0,2100.0,150.0,2014,1043,3.456947397,4.10148567
Others,Android,10.29,8.0,2.0,32.0,4.0,2100.0,150.0,2014,708,3.909820582,4.499476281
Others,Android,10.34,8.0,2.0,32.0,4.0,2100.0,150.0,2014,1026,3.929666441,4.620846665
Others,Others,5.18,0.3,2.0,64.0,0.25,2100.0,150.0,2014,617,2.033397603,2.937043277
Others,Android,10.29,5.0,2.0,32.0,4.0,2100.0,150.0,2014,839,4.034063631,4.793225275
Others,Android,12.7,8.0,2.0,32.0,4.0,2100.0,150.0,2014,606,4.110545942,4.78256295
Others,Android,10.34,8.0,2.0,16.0,4.0,2100.0,150.0,2014,1009,3.838161157,4.708268144
Others,Others,5.18,0.3,2.0,32.0,0.25,2100.0,150.0,2014,789,2.323367632,2.901421594
Others,Android,10.08,3.15,0.3,512.0,0.25,2100.0,150.0,2014,818,3.100542638,4.115616697
Others,Android,12.7,8.0,2.0,32.0,4.0,2100.0,150.0,2014,665,4.210793375,4.784905067
Others,Others,7.67,0.3,2.0,128.0,0.25,2100.0,150.0,2014,555,2.396985768,3.359333178
Others,Android,10.16,5.0,0.3,16.0,4.0,2100.0,150.0,2014,1008,3.774139298,4.50777784
Others,Android,12.83,16.0,8.0,16.0,4.0,2500.0,150.0,2014,706,4.247065649,5.735959206
Others,Android,12.7,13.0,5.0,16.0,4.0,2100.0,150.0,2014,823,4.176385273,5.076922286
Others,Android,12.7,13.0,5.0,16.0,4.0,2300.0,133.0,2014,953,4.021415382,5.304448532
Others,Android,20.32,5.0,2.0,16.0,4.0,2100.0,150.0,2014,683,4.196901151,5.068338004
Others,Android,10.16,5.0,0.3,16.0,4.0,2100.0,150.0,2014,569,3.75490125,4.372733588
Others,Others,5.23,2.0,2.0,64.0,0.25,2100.0,150.0,2014,884,3.216873822,3.403860499
Others,Android,7.75,2.0,0.3,512.0,0.25,2100.0,150.0,2014,848,3.131136911,4.103799721
Others,Android,12.7,8.0,2.0,16.0,4.0,2100.0,167.0,2014,855,4.044103346,4.862135286
Others,Android,10.29,5.0,2.0,32.0,4.0,2100.0,88.2,2014,988,3.649098584,4.780886644
Others,Android,10.29,3.15,0.3,16.0,4.0,2100.0,150.0,2014,876,3.344274234,4.391605609
Others,Android,10.29,5.0,0.3,16.0,4.0,2100.0,150.0,2014,981,3.63072054,4.394202211
Others,Android,10.34,5.0,2.0,16.0,4.0,2100.0,150.0,2014,924,3.864721732,4.399375273
Others,Android,10.29,8.0,2.0,16.0,4.0,2100.0,150.0,2014,1014,3.696103299,4.939497266
Others,Android,12.88,12.0,5.0,16.0,4.0,2100.0,220.0,2014,768,4.17776617,5.178519803
Others,Android,12.7,13.0,5.0,32.0,4.0,2000.0,154.5,2013,834,4.326513925,5.300913992
Others,Android,10.36,8.0,5.0,16.0,4.0,2000.0,135.0,2013,681,4.511957804,5.350720045
Others,Android,12.7,5.0,0.3,16.0,4.0,2000.0,154.5,2013,1041,4.043577445,5.000786958
Others,Android,11.81,8.0,1.0,16.0,4.0,2000.0,154.5,2013,655,4.067487108,4.788241462
Others,Android,10.29,5.0,0.3,16.0,4.0,2000.0,154.5,2013,976,3.726897521,4.86968598
Others,Android,14.53,12.0,8.0,64.0,4.0,4000.0,220.0,2018,630,5.320078858,6.74563627
Others,Android,12.88,13.0,8.0,64.0,4.0,4000.0,197.0,2017,565,4.349503443,6.619459685
Realme,Android,15.32,13.0,25.0,64.0,4.0,3500.0,168.0,2018,422,4.836678654,4.868149646
Realme,Android,15.32,13.0,16.0,128.0,4.0,3500.0,174.0,2018,574,4.998225274,5.3499606
Realme,Android,15.29,13.0,5.0,16.0,4.0,4230.0,168.0,2018,416,4.335066046,4.587209861
Realme,Android,15.29,13.0,8.0,64.0,4.0,4230.0,168.0,2018,562,4.614328124,4.795046467
Realme,Android,15.24,13.0,8.0,128.0,4.0,3410.0,155.0,2018,674,4.668802046,4.864684239
Samsung,Android,15.34,12.0,9.0,1024.0,4.0,4100.0,175.0,2019,291,5.569717606,6.957268991
Samsung,Android,15.27,12.0,10.0,128.0,4.0,3400.0,157.0,2019,525,5.55597828,6.64548101
Samsung,Android,12.9,12.0,10.0,256.0,4.0,3100.0,150.0,2019,505,4.73523307,6.519574925
Samsung,Android,17.86,12.0,9.0,512.0,4.0,4380.0,263.0,2019,428,5.978657891,7.468045125
Samsung,Android,12.7,5.0,5.0,32.0,4.0,2600.0,169.0,2019,526,3.891412052,4.221564412
Samsung,Android,15.34,12.0,16.0,128.0,4.0,5000.0,174.0,2019,363,4.597541159,5.516287559
Samsung,Android,15.32,12.0,8.0,64.0,4.0,5000.0,186.0,2019,302,4.587617027,5.394036554
Samsung,Android,15.8,12.0,5.0,32.0,4.0,3400.0,163.0,2019,190,4.236278058,4.594614672
Samsung,Android,15.42,12.0,9.0,128.0,4.0,3700.0,169.0,2019,291,5.100597868,6.478140911
Samsung,Android,15.42,12.0,32.0,128.0,4.0,4500.0,183.0,2019,298,5.242910359,6.038348133
Samsung,Android,15.32,12.0,32.0,128.0,4.0,3500.0,169.0,2019,339,4.865378281,5.596494176
Samsung,Android,15.34,12.0,25.0,128.0,4.0,4000.0,166.0,2019,377,4.824626949,5.858532975
Samsung,Android,12.93,12.0,25.0,64.0,4.0,3100.0,140.0,2019,355,4.884996482,5.512702676
Samsung,Android,15.34,12.0,16.0,64.0,4.0,4000.0,165.0,2019,356,4.68527443,5.520180098
Samsung,Android,15.34,12.0,8.0,32.0,4.0,4000.0,169.0,2019,220,4.649187071,5.308317201
Samsung,Android,15.29,13.0,5.0,32.0,4.0,3400.0,168.0,2019,333,4.424007957,4.792396362
Samsung,Android,25.53,13.0,8.0,128.0,4.0,7040.0,400.0,2019,252,5.358188764,6.03787092
Samsung,Android,25.43,8.0,5.0,32.0,4.0,6150.0,460.0,2019,431,4.934545873,5.39838892
Samsung,Android,25.43,8.0,2.0,32.0,4.0,7300.0,525.0,2018,452,4.81866736,5.308564683
Samsung,Android,20.32,5.0,2.0,32.0,4.0,5000.0,358.0,2018,542,4.663156035,5.30464729
Samsung,Android,25.53,13.0,8.0,64.0,4.0,7300.0,175.0,2018,487,4.836440625,6.362027603
Samsung,Android,25.53,8.0,5.0,32.0,4.0,7300.0,175.0,2018,453,4.474947599,5.632429678
Samsung,Android,15.24,12.0,12.0,64.0,4.0,3300.0,175.0,2018,496,4.896346148,5.597050649
Samsung,Android,15.32,12.0,24.0,64.0,4.0,3800.0,183.0,2018,645,4.967379785,5.883183103
Samsung,Android,15.24,12.0,24.0,128.0,4.0,3300.0,168.0,2018,385,5.123070723,5.63489674
Samsung,Android,15.34,12.0,8.0,512.0,4.0,4000.0,201.0,2018,580,5.714293704,6.618725632
Samsung,Android,15.24,12.0,8.0,64.0,4.0,3300.0,178.0,2018,504,4.830152047,5.481971369
Samsung,Android,15.24,8.0,5.0,16.0,4.0,3300.0,177.0,2018,642,4.469694046,5.006894974
Samsung,Android,15.24,13.0,5.0,32.0,4.0,3300.0,178.0,2018,452,4.446643278,5.245970886
Samsung,Android,12.7,8.0,5.0,32.0,4.0,2600.0,154.0,2018,557,4.065945088,4.626442321
Samsung,Android,12.85,13.0,8.0,64.0,4.0,3000.0,154.0,2018,478,4.522114611,5.013098924
Samsung,Android,12.83,8.0,5.0,16.0,4.0,3300.0,181.0,2018,443,4.24563401,5.304249735
Samsung,Android,12.7,8.0,5.0,16.0,4.0,2600.0,152.0,2018,452,4.24792365,5.013564334
Samsung,Android,15.32,12.0,24.0,64.0,4.0,3700.0,191.0,2018,692,5.11433443,5.859645972
Samsung,Android,12.9,16.0,8.0,64.0,4.0,3000.0,150.0,2018,451,4.9682148,5.988083839
Samsung,Android,15.24,12.0,16.0,64.0,4.0,3500.0,177.0,2018,575,4.714293613,5.519258494
Samsung,Android,12.85,13.0,8.0,64.0,4.0,3000.0,154.0,2018,727,4.352082758,5.191511362
Samsung,Android,12.83,13.0,5.0,16.0,4.0,3000.0,175.0,2018,480,4.31039636,4.93842296
Samsung,Android,15.24,12.0,24.0,64.0,4.0,3500.0,186.0,2018,407,4.734442522,5.634075062
Samsung,Android,12.85,16.0,16.0,64.0,4.0,3000.0,159.0,2018,655,4.907494535,5.299117047
Samsung,Android,12.83,12.0,8.0,32.0,4.0,3000.0,174.0,2018,616,4.457713717,5.479721836
Samsung,Android,12.83,13.0,13.0,32.0,4.0,3300.0,170.0,2018,559,4.414372811,5.139849046
Samsung,Android,15.29,12.0,8.0,64.0,4.0,3500.0,189.0,2018,678,4.370333536,6.429316171
Samsung,Android,12.9,12.0,8.0,64.0,4.0,3000.0,163.0,2018,600,5.002267044,6.196607047
Samsung,Android,12.7,8.0,5.0,16.0,4.0,2600.0,153.0,2018,465,4.198404232,4.787408406
Samsung,Android,15.24,16.0,8.0,64.0,4.0,3500.0,191.0,2017,674,4.758577733,5.989988458
Samsung,Android,12.85,16.0,8.0,32.0,4.0,3000.0,172.0,2017,610,4.349115971,5.593781579
Samsung,Android,10.34,5.0,2.0,32.0,4.0,2000.0,130.0,2017,670,3.829293358,4.781054401
Samsung,Android,20.32,8.0,5.0,16.0,4.0,4450.0,415.0,2017,886,4.767118953,5.965505508
Samsung,Android,20.32,8.0,5.0,16.0,4.0,5000.0,364.0,2017,672,4.74675655,5.304299438
Samsung,Android,12.83,13.0,16.0,32.0,4.0,3000.0,180.0,2017,668,4.827113017,5.630243571
Samsung,Android,15.32,13.0,8.0,64.0,4.0,3300.0,195.0,2017,548,4.851014123,6.311807402
Samsung,Android,12.88,12.0,5.0,64.0,4.0,3200.0,167.0,2017,691,4.576359104,6.396779644
Samsung,Android,12.88,13.0,13.0,32.0,4.0,3300.0,179.0,2017,790,4.778703237,5.130904126
Samsung,Android,12.83,13.0,13.0,32.0,4.0,3600.0,181.0,2017,683,4.604670061,5.29169549
Samsung,Android,12.83,13.0,13.0,16.0,4.0,3600.0,181.0,2017,551,4.694279361,5.301063592
Samsung,Android,12.75,13.0,13.0,16.0,4.0,3000.0,160.0,2017,779,4.338335946,4.852733142
Samsung,Android,12.7,13.0,5.0,16.0,4.0,2400.0,142.0,2017,655,4.226395693,4.696289779
Samsung,Android,7.82,8.0,5.0,16.0,4.0,1950.0,165.0,2017,593,3.811318301,5.296114943
Samsung,Others,10.29,5.0,5.0,32.0,4.0,2050.0,143.0,2017,630,3.941775964,4.380024632
Samsung,Android,12.9,12.0,8.0,64.0,4.0,3000.0,155.0,2017,843,5.091293197,5.967632814
Samsung,Android,15.29,12.0,8.0,128.0,4.0,3500.0,173.0,2017,786,4.856706812,6.151433979
Samsung,Android,12.75,16.0,16.0,64.0,4.0,2600.0,145.0,2017,884,4.510859507,5.388066659
Samsung,Android,12.7,13.0,5.0,16.0,4.0,2800.0,172.0,2017,879,4.106767082,5.480888892
Samsung,Android,23.04,13.0,5.0,32.0,4.0,3000.0,429.0,2017,793,4.955897478,5.992988385
Samsung,Android,10.16,5.0,0.3,32.0,4.0,1500.0,126.0,2016,706,3.535145354,4.697293475
Samsung,Android,12.88,16.0,16.0,64.0,4.0,3300.0,172.0,2017,623,4.544995463,5.705015048
Samsung,Android,12.88,16.0,16.0,32.0,4.0,3600.0,186.0,2017,614,4.955333978,5.635146682
Samsung,Android,12.75,16.0,16.0,32.0,4.0,3000.0,157.0,2017,587,4.734793954,5.520099992
Samsung,Android,10.34,13.0,8.0,16.0,4.0,2350.0,138.0,2017,545,4.299459911,5.393354782
Samsung,Android,12.7,8.0,5.0,32.0,4.0,2600.0,160.0,2016,599,4.410735561,4.94021283
Samsung,Android,12.7,8.0,5.0,32.0,4.0,2600.0,160.0,2016,1087,3.999667515,4.852264611
Samsung,Android,15.24,16.0,16.0,64.0,4.0,3000.0,189.0,2016,923,5.294208939,6.060290738
Samsung,Android,12.88,16.0,8.0,32.0,4.0,3300.0,182.0,2016,785,4.579339426,5.705214782
Samsung,Android,12.83,13.0,5.0,16.0,4.0,3300.0,169.0,2016,684,4.631714741,5.287812382
Samsung,Android,12.83,13.0,8.0,32.0,4.0,3300.0,167.0,2016,880,4.573266637,5.304100611
Samsung,Android,12.7,13.0,5.0,16.0,4.0,2400.0,143.0,2016,972,4.381276353,4.782144136
Samsung,Android,12.83,13.0,8.0,16.0,4.0,3300.0,167.0,2016,817,4.591780949,4.949893999
Samsung,Others,10.16,5.0,0.3,32.0,4.0,1500.0,127.0,2016,843,3.592093185,4.364753306
Samsung,Android,12.88,12.0,5.0,64.0,4.0,3500.0,169.0,2016,852,5.511814541,6.634515085
Samsung,Android,12.88,12.0,5.0,64.0,4.0,3500.0,169.0,2016,847,4.994099325,6.745412805
Samsung,Android,12.83,13.0,5.0,16.0,4.0,3000.0,172.0,2016,607,4.29701326,5.009634794
Samsung,Android,12.7,8.0,5.0,16.0,4.0,2600.0,149.0,2016,927,4.047252955,4.795873187
Samsung,Android,17.78,8.0,2.0,32.0,4.0,4000.0,289.0,2016,888,4.46383701,5.01422883
Samsung,Android,12.7,8.0,5.0,16.0,4.0,2600.0,138.0,2016,593,3.931041011,4.933034048
Samsung,Android,12.7,8.0,5.0,32.0,4.0,2600.0,138.0,2016,1046,4.17438727,4.799173248
Samsung,Others,12.7,8.0,5.0,32.0,4.0,2600.0,157.0,2016,907,4.360930671,5.303304908
Samsung,Android,10.29,5.0,2.0,32.0,4.0,2200.0,154.0,2016,875,4.315085229,5.298817242
Samsung,Android,12.73,12.0,5.0,32.0,4.0,4000.0,184.8,2016,707,4.916251352,5.886520611
Samsung,Android,12.7,8.0,5.0,16.0,4.0,2600.0,139.0,2016,625,4.097506226,4.877789381
Samsung,Android,12.88,16.0,8.0,32.0,4.0,3300.0,169.0,2016,772,4.514260311,5.52807897
Samsung,Android,12.75,16.0,8.0,32.0,4.0,2600.0,143.0,2016,715,4.420886706,5.396396437
Samsung,Android,15.24,16.0,8.0,32.0,4.0,5000.0,210.0,2016,775,4.548176464,5.699908313
Samsung,Android,12.83,13.0,5.0,16.0,4.0,3300.0,170.0,2016,581,4.129872568,5.438600912
Samsung,Android,12.75,13.0,5.0,16.0,4.0,3100.0,159.0,2016,980,4.300545393,5.251330575
Samsung,Android,25.43,8.0,2.0,16.0,4.0,7300.0,525.0,2016,581,4.749010756,5.389847684
Samsung,Android,17.78,5.0,2.0,32.0,4.0,4000.0,283.0,2016,747,4.514917197,4.858183171
Samsung,Android,12.73,12.0,5.0,32.0,4.0,3000.0,152.0,2016,1048,4.582106246,5.669915405
Samsung,Android,12.83,12.0,5.0,32.0,4.0,3600.0,157.0,2016,584,4.530769863,5.991739509
Samsung,Android,12.83,12.0,5.0,32.0,4.0,3600.0,157.0,2016,896,4.690797272,5.85901828
Samsung,Android,12.73,12.0,5.0,32.0,4.0,3000.0,152.0,2016,1037,4.226249633,5.772157377
Samsung,Android,10.16,5.0,0.3,32.0,4.0,1500.0,123.0,2016,1010,3.63995178,4.475289265
Samsung,Android,20.32,5.0,2.0,16.0,4.0,5000.0,360.0,2016,914,4.583640067,5.191789503
Samsung,Android,10.29,5.0,2.0,32.0,4.0,2050.0,131.0,2016,978,3.907412393,4.867688285
Samsung,Android,15.24,13.0,8.0,32.0,4.0,4000.0,200.0,2015,1067,4.636862633,5.704348981
Samsung,Android,12.83,13.0,5.0,16.0,4.0,3300.0,172.0,2015,1079,4.89686918,5.707209928
Samsung,Android,12.75,13.0,5.0,16.0,4.0,2900.0,155.0,2015,673,4.718498871,5.523698413
Samsung,Android,10.34,13.0,5.0,16.0,4.0,2300.0,132.0,2015,574,4.356708827,5.135504276
Samsung,Android,12.7,5.0,2.0,32.0,4.0,2600.0,138.9,2016,651,3.971423349,4.701298213
Samsung,Android,12.7,8.0,2.0,32.0,4.0,2600.0,138.0,2015,838,4.116758157,4.78840799
Samsung,Android,12.83,13.0,5.0,32.0,4.0,3000.0,172.0,2015,665,4.258869811,5.200263426
Samsung,Android,12.7,8.0,5.0,32.0,4.0,2600.0,149.0,2015,785,4.145512849,4.927905646
Samsung,Others,12.7,8.0,5.0,32.0,4.0,2600.0,137.0,2015,720,3.881976084,4.687671407
Samsung,Android,10.24,5.0,2.0,16.0,4.0,1900.0,131.0,2015,628,3.871617591,4.953006181
Samsung,Android,12.88,16.0,5.0,32.0,4.0,3000.0,171.0,2015,763,4.941856685,6.287821385
Samsung,Android,12.88,16.0,5.0,32.0,4.0,3000.0,171.0,2015,1083,4.541591204,6.155791841
Samsung,Android,12.88,16.0,5.0,32.0,4.0,3000.0,171.0,2015,835,5.353373572,6.394977751
Samsung,Android,12.88,16.0,5.0,32.0,4.0,3000.0,153.0,2015,554,5.245127538,6.308134871
Samsung,Android,12.88,16.0,5.0,32.0,4.0,3000.0,153.0,2015,542,5.079477043,6.274837348
Samsung,Android,12.88,16.0,5.0,32.0,4.0,3000.0,153.0,2015,575,4.90771624,6.270685929
Samsung,Android,12.73,16.0,5.0,16.0,4.0,2800.0,145.0,2015,1084,4.922168313,5.859446295
Samsung,Android,10.24,8.0,1.9,32.0,4.0,1900.0,107.0,2015,1084,3.746912485,5.254522207
Samsung,Android,7.82,8.0,2.0,32.0,4.0,1800.0,155.0,2015,940,4.51008998,5.558178501
Samsung,Android,23.04,8.0,2.1,32.0,4.0,5870.0,150.0,2015,913,4.216414691,5.989988458
Samsung,Android,20.32,8.0,2.1,32.0,4.0,4000.0,265.0,2015,696,4.982304404,5.993138146
Samsung,Android,12.88,16.0,5.0,32.0,4.0,3050.0,151.0,2015,1048,4.509099717,5.942536873
Samsung,Android,12.88,16.0,5.0,32.0,4.0,3050.0,151.0,2015,955,4.783065294,5.522819994
Samsung,Android,10.16,3.15,5.0,16.0,4.0,1500.0,123.0,2015,551,3.851423383,4.22566518
Samsung,Android,12.83,13.0,5.0,16.0,4.0,3000.0,171.0,2015,1025,4.195697056,5.306335138
Samsung,Android,12.83,13.0,5.0,16.0,4.0,3000.0,170.0,2017,706,4.378395048,5.196395377
Samsung,Android,12.7,13.0,5.0,32.0,4.0,2600.0,146.0,2015,1011,4.573782713,5.060313952
Samsung,Android,23.01,5.0,2.0,32.0,4.0,2600.0,490.0,2015,556,4.729421148,5.293807211
Samsung,Others,5.18,3.15,5.0,256.0,0.25,1300.0,124.0,2015,790,4.417514428,4.693364197
Samsung,Android,12.73,16.0,5.0,32.0,4.0,3500.0,170.0,2015,732,4.810394136,5.940855229
Samsung,Android,17.78,2.0,2.0,32.0,4.0,3600.0,322.0,2015,1050,4.25362492,4.861980595
Samsung,Android,23.04,5.0,2.0,16.0,4.0,6000.0,490.0,2015,822,4.725084283,5.832527431
Samsung,Android,23.04,5.0,2.0,16.0,4.0,6000.0,450.0,2015,1054,4.567156744,5.52589109
Samsung,Android,20.32,5.0,2.0,16.0,4.0,4200.0,338.0,2015,578,4.689787032,5.393945678
Samsung,Android,20.32,5.0,2.0,16.0,4.0,4200.0,313.0,2015,954,4.431768727,5.342094989
Samsung,Android,10.29,5.0,2.0,32.0,4.0,2200.0,154.0,2015,882,4.171305603,5.393627546
Samsung,Android,12.73,16.0,5.0,32.0,4.0,2600.0,132.0,2015,698,4.817293234,6.215427762
Samsung,Android,12.73,16.0,5.0,32.0,4.0,2550.0,140.0,2015,1088,4.806804054,6.018982433
Samsung,Android,12.73,16.0,5.0,32.0,4.0,2600.0,132.0,2015,916,4.970993159,5.938959993
Samsung,Android,12.73,16.0,5.0,32.0,4.0,2550.0,138.0,2015,811,5.080472254,5.991664527
Samsung,Android,12.73,16.0,5.0,32.0,4.0,2550.0,138.0,2015,945,4.512835575,5.631211782
Samsung,Android,10.24,5.0,2.0,16.0,4.0,1850.0,122.0,2015,760,4.003872659,4.783651043
Samsung,Android,10.24,5.0,2.0,16.0,4.0,1850.0,122.0,2015,840,3.91442013,4.711060561
Samsung,Android,10.34,5.0,2.0,32.0,4.0,2000.0,129.0,2015,1056,4.014399072,5.021245473
Samsung,Android,17.78,2.0,5.0,32.0,4.0,3600.0,310.0,2015,583,4.508989628,4.784654388
Samsung,Others,10.16,3.15,0.3,16.0,4.0,1500.0,112.0,2015,652,3.24376354,4.378771342
Samsung,Android,12.83,13.0,5.0,16.0,4.0,2600.0,141.0,2015,599,4.148832748,5.701245927
Samsung,Android,12.83,13.0,5.0,16.0,4.0,2600.0,141.0,2015,886,4.778282804,5.698669425
Samsung,Android,13.34,13.0,5.0,16.0,4.0,2500.0,161.0,2015,677,4.462338537,5.562103696
Samsung,Android,12.83,13.0,5.0,16.0,4.0,2950.0,141.0,2015,947,4.644871553,5.440120702
Samsung,Android,12.7,8.0,5.0,16.0,4.0,2400.0,150.0,2015,804,4.506233438,5.301312876
Samsung,Android,10.29,5.0,2.0,32.0,4.0,2000.0,130.0,2014,887,3.584906864,5.010835274
Samsung,Android,12.7,13.0,5.0,16.0,4.0,2300.0,123.0,2014,682,4.761831996,5.671706841
Samsung,Android,12.7,13.0,5.0,16.0,4.0,2300.0,123.0,2014,627,4.406109305,5.561335264
Samsung,Android,10.29,8.0,5.0,16.0,4.0,1900.0,110.3,2014,971,4.23598879,5.443456132
Samsung,Android,10.29,8.0,5.0,16.0,4.0,1900.0,110.3,2014,961,4.24046307,5.248969547
Samsung,Android,12.73,16.0,2.0,16.0,4.0,2800.0,145.0,2014,1013,4.96932707,5.943979781
Samsung,Android,7.7,2.0,2.0,16.0,4.0,1200.0,107.0,2014,1082,2.961140829,4.615813346
Samsung,Android,10.16,3.15,0.3,16.0,4.0,1500.0,123.0,2014,707,3.463232773,4.38651654
Samsung,Android,12.7,8.0,5.0,32.0,4.0,2600.0,152.0,2014,918,4.307033656,5.002334269
Samsung,Android,12.7,8.0,5.0,32.0,4.0,2600.0,156.0,2014,829,4.327174383,4.945349827
Samsung,Android,10.24,5.0,1.3,32.0,4.0,1900.0,126.0,2014,1071,4.198103797,5.299916088
Samsung,Android,12.85,16.0,3.7,32.0,4.0,3000.0,174.0,2014,649,4.318687394,5.710162082
Samsung,Android,12.88,16.0,3.7,16.0,4.0,3000.0,175.0,2014,1017,4.442886523,5.706246104
Samsung,Android,12.88,16.0,3.7,32.0,4.0,3220.0,176.0,2014,793,4.56995743,5.85469936
Samsung,Android,20.32,3.15,1.2,16.0,4.0,4450.0,393.0,2014,936,4.934545873,5.85567346
Samsung,Android,20.32,3.15,1.2,16.0,4.0,4450.0,393.0,2014,774,4.483567364,5.706977366
Samsung,Android,15.24,8.0,2.1,16.0,4.0,2800.0,194.0,2014,893,4.213460043,5.828386638
Samsung,Android,12.73,16.0,2.0,16.0,4.0,2800.0,145.0,2014,718,5.004885462,5.96834944
Samsung,Android,10.34,12.0,2.1,32.0,4.0,1860.0,115.0,2014,971,3.824720677,6.109025336
Samsung,Android,10.34,12.0,2.1,32.0,4.0,1860.0,115.0,2014,1070,4.959903246,5.970904633
Samsung,Android,10.29,8.0,2.1,16.0,4.0,2100.0,118.0,2014,919,4.333755086,5.517051209
Samsung,Android,10.29,5.0,0.3,16.0,4.0,2100.0,136.9,2014,897,4.130515759,5.080845202
Samsung,Android,10.16,5.0,0.3,16.0,4.0,1500.0,124.0,2014,735,3.50465609,4.615021502
Samsung,Others,5.08,8.0,2.0,16.0,4.0,800.0,75.0,2014,990,2.05284086,3.057297629
Samsung,Android,10.16,3.15,0.3,16.0,4.0,1500.0,123.0,2014,723,3.661508257,4.498364182
Samsung,Android,10.24,3.15,2.0,16.0,4.0,1800.0,129.0,2014,605,3.80666249,4.495243707
Samsung,Android,10.29,8.0,2.1,16.0,4.0,2100.0,120.0,2014,1029,4.338858139,5.401505524
Samsung,Android,10.16,5.0,0.3,16.0,4.0,1800.0,130.3,2014,846,3.60631273,5.523658501
Samsung,Android,10.16,5.0,0.3,16.0,4.0,1500.0,123.8,2014,716,4.206631038,5.390942126
Samsung,Android,7.75,3.15,2.0,16.0,4.0,1300.0,108.0,2014,658,3.701548857,4.61343593
Samsung,Android,7.75,2.0,2.0,16.0,4.0,1300.0,107.6,2014,590,3.663561646,4.800654729
Samsung,Android,10.29,5.0,0.3,16.0,4.0,2000.0,138.0,2014,724,3.966700567,4.872675061
Samsung,Android,12.73,16.0,2.0,16.0,4.0,2800.0,158.0,2014,1002,4.791234729,5.701346176
Samsung,Android,12.73,16.0,2.0,16.0,4.0,2800.0,145.0,2014,706,4.6226171,5.707043817
Samsung,Android,20.42,8.0,2.1,16.0,4.0,4900.0,298.0,2014,785,4.331391019,5.909332158
Samsung,Android,20.42,8.0,2.1,16.0,4.0,4900.0,294.0,2014,598,4.63336884,5.706379101
Samsung,Android,25.53,8.0,2.1,16.0,4.0,7900.0,467.0,2014,723,4.629862799,6.088999523
Samsung,Android,25.53,8.0,2.1,16.0,4.0,7900.0,465.0,2014,540,4.868764463,5.912908234
Samsung,Android,10.34,5.0,2.0,32.0,4.0,2000.0,149.0,2014,1090,4.051089054,5.348439976
Samsung,Android,10.36,8.0,1.9,16.0,4.0,2100.0,132.0,2014,1017,3.688379329,5.59897736
Samsung,Android,17.78,8.0,2.0,16.0,4.0,3200.0,245.0,2014,625,4.49635928,5.884602905
Samsung,Android,12.73,16.0,2.0,16.0,4.0,2800.0,170.1,2014,763,4.244343779,5.989312233
Samsung,Android,10.36,20.7,2.0,32.0,4.0,2430.0,200.0,2014,994,5.073797869,6.086138161
Samsung,Android,11.84,5.0,0.3,16.0,4.0,2600.0,165.0,2014,979,4.520047933,5.518977838
Samsung,Android,10.36,8.0,1.9,16.0,4.0,2100.0,132.0,2014,1020,3.712840092,5.708803183
Samsung,Android,10.16,5.0,0.3,16.0,4.0,1500.0,123.0,2014,845,3.989724513,4.776093698
Samsung,Windows,12.7,13.0,2.0,16.0,4.0,2600.0,135.8,2014,851,4.673482826,6.090857291
Samsung,Android,17.78,3.15,1.3,32.0,4.0,4000.0,276.0,2014,825,4.215381557,5.245760116
Samsung,Android,17.78,3.15,1.3,32.0,4.0,4000.0,276.0,2014,645,4.062337766,5.477425432
Samsung,Android,17.78,3.15,1.3,32.0,4.0,4000.0,276.0,2014,1002,4.496470769,5.63285917
Samsung,Android,20.32,3.15,1.3,16.0,4.0,4450.0,320.0,2014,1002,4.72135194,5.59456267
Samsung,Android,20.32,3.15,1.3,16.0,4.0,4450.0,320.0,2014,581,4.714652197,5.69699281
Samsung,Android,20.32,3.15,1.3,16.0,4.0,4450.0,320.0,2014,643,4.166975253,5.860273271
Samsung,Android,25.43,3.15,1.3,16.0,4.0,6800.0,487.0,2014,760,4.494908792,5.597866249
Samsung,Android,25.43,3.15,1.3,16.0,4.0,6800.0,487.0,2014,564,4.742930126,5.700978547
Samsung,Android,25.43,3.15,1.3,16.0,4.0,6800.0,487.0,2014,737,4.688039664,5.732337537
Samsung,Android,11.48,5.0,0.3,32.0,4.0,2100.0,139.0,2014,683,3.768152635,5.295513439
Samsung,Android,10.16,5.0,0.3,32.0,4.0,1500.0,112.0,2014,586,3.676806873,5.185988182
Samsung,Android,12.73,16.0,2.0,16.0,4.0,2800.0,145.0,2014,680,4.943141299,6.043345169
Samsung,Android,12.73,16.0,2.0,16.0,4.0,2800.0,145.0,2014,589,4.957304838,5.935158711
Samsung,Android,12.73,16.0,2.0,16.0,4.0,2800.0,144.9,2014,955,4.64525591,6.171784101
Samsung,Android,12.73,16.0,2.0,16.0,4.0,2800.0,145.0,2014,977,4.718677427,5.517934708
Samsung,Android,10.29,5.0,0.3,16.0,4.0,2100.0,137.0,2014,755,3.770459441,5.195619968
Samsung,Android,10.29,5.0,0.3,32.0,4.0,2100.0,137.0,2014,618,4.134846506,5.561642707
Samsung,Others,5.18,5.0,2.0,256.0,4.0,1000.0,91.0,2014,1054,4.145037677,4.246493239
Samsung,Android,7.98,2.0,2.0,16.0,4.0,1300.0,105.0,2014,865,3.63995178,4.786074072
Samsung,Android,12.83,8.0,2.0,16.0,4.0,3100.0,162.5,2014,946,4.959622662,6.017132294
Samsung,Android,12.83,8.0,2.0,16.0,4.0,3100.0,162.5,2014,966,4.51601105,5.765817866
Samsung,Android,17.78,2.0,2.0,32.0,4.0,3600.0,322.0,2014,816,4.320815904,5.249547202
Samsung,Android,17.78,2.0,2.0,32.0,4.0,3600.0,310.0,2014,596,4.392348184,5.001796345
Samsung,Android,12.73,5.0,0.3,32.0,4.0,2100.0,163.0,2014,963,3.686376324,4.871679693
Samsung,Android,30.53,8.0,2.0,32.0,4.0,9500.0,753.0,2014,1089,5.652524267,6.506516228
Samsung,Android,30.53,8.0,2.0,32.0,4.0,9500.0,753.0,2014,1078,5.373842192,6.463232244
Samsung,Android,30.53,8.0,2.0,32.0,4.0,9500.0,750.0,2014,689,5.274127128,6.289307324
Samsung,Android,30.53,8.0,2.0,32.0,4.0,9500.0,740.0,2014,921,5.336864776,6.213707693
Samsung,Android,30.53,8.0,2.0,32.0,4.0,9500.0,732.0,2014,799,5.326856231,6.15098649
Samsung,Android,30.53,8.0,2.0,32.0,4.0,9500.0,730.2,2014,1061,4.940498912,6.042490306
Samsung,Android,25.43,8.0,2.0,16.0,4.0,8220.0,477.0,2014,925,5.114033886,6.036891921
Samsung,Android,25.43,8.0,2.0,16.0,4.0,8220.0,469.0,2014,920,4.741011409,5.888545493
Samsung,Android,20.42,8.0,2.0,16.0,4.0,4800.0,335.0,2014,664,4.99199599,6.04134935
Samsung,Android,20.42,8.0,2.0,16.0,4.0,4800.0,331.0,2014,712,4.869378902,5.671844511
Samsung,Android,10.36,16.3,2.0,32.0,4.0,2000.0,283.0,2014,779,4.926311212,5.796999556
Samsung,Android,10.34,5.0,0.3,32.0,4.0,2000.0,145.0,2013,735,4.052827882,5.249547202
Samsung,Android,12.7,13.0,2.0,16.0,4.0,2600.0,147.0,2013,953,4.642754946,6.020416369
Samsung,Android,12.7,13.0,2.0,16.0,4.0,2600.0,146.0,2013,1067,4.192831509,6.107713073
Samsung,Android,10.29,5.0,0.3,32.0,4.0,2100.0,139.0,2013,870,4.150882413,5.137267945
Samsung,Android,10.16,5.0,0.3,16.0,4.0,1500.0,118.0,2013,1068,3.523119986,4.865532448
Samsung,Android,13.34,8.0,1.9,32.0,4.0,2600.0,163.0,2013,1075,4.225226615,5.186826991
Samsung,Android,7.8,8.0,1.9,16.0,4.0,1820.0,179.0,2013,683,4.387262901,6.37873174
Samsung,Android,10.29,5.0,0.3,32.0,4.0,2100.0,134.2,2013,935,3.642049867,5.34958066
Samsung,Others,5.18,2.0,1.3,16.0,4.0,800.0,99.8,2013,544,3.2429829,4.247780701
Samsung,Android,10.16,5.0,0.3,32.0,4.0,1800.0,121.9,2013,1032,3.460723361,5.179252259
Samsung,Android,12.88,13.0,2.0,32.0,4.0,2800.0,154.0,2013,867,5.200208273,6.522871906
Samsung,Android,10.16,3.15,1.3,16.0,4.0,1500.0,126.0,2013,1018,3.526654599,4.784821514
Samsung,Android,10.24,5.0,0.3,16.0,4.0,1800.0,132.5,2013,1004,3.295836866,5.016749895
Samsung,Android,7.75,3.0,1.3,16.0,4.0,1300.0,118.9,2013,705,3.434632158,4.373994463
Samsung,Android,7.75,3.0,1.3,16.0,4.0,1300.0,118.2,2013,600,3.074543454,4.280962432
Samsung,Android,10.16,2.0,1.3,16.0,4.0,1500.0,121.0,2013,807,3.330774917,4.48919801
Samsung,Android,25.43,8.0,2.0,16.0,4.0,8220.0,130.4,2013,971,4.773815312,5.915581924
Samsung,Android,12.88,13.0,2.0,16.0,4.0,3200.0,168.0,2013,563,4.089164502,6.037679971
Samsung,Others,5.18,2.0,1.3,16.0,4.0,1200.0,99.5,2013,552,3.450622265,4.384398819
Samsung,Android,10.16,5.0,1.3,16.0,4.0,1750.0,130.4,2013,724,3.353406718,4.933394214
Samsung,Others,7.62,2.0,1.3,256.0,0.25,1000.0,118.8,2013,1005,4.088829382,4.79785453
Samsung,Windows,12.12,8.0,1.2,16.0,4.0,2000.0,144.0,2013,1080,4.569232079,5.736507779
Samsung,Android,10.24,16.0,1.9,32.0,4.0,2330.0,208.0,2013,831,4.445705411,5.640096923
Samsung,Android,10.16,5.0,0.3,16.0,4.0,1500.0,115.0,2013,674,3.375537635,4.866764924
Samsung,Android,10.24,8.0,1.9,32.0,4.0,1900.0,107.0,2013,1073,4.03724497,5.431010908
Samsung,Android,12.7,8.0,2.0,16.0,4.0,2600.0,153.0,2013,1086,4.140114296,5.733858942
Samsung,Android,20.32,5.0,1.3,16.0,4.0,4450.0,314.0,2013,971,4.783567386,5.59697647
Samsung,Android,25.43,3.15,1.3,16.0,4.0,6800.0,510.0,2013,969,4.71357606,5.674628257
Samsung,Android,25.43,3.15,1.3,16.0,4.0,6800.0,510.0,2013,1087,5.030699325,5.80733135
Samsung,Android,25.43,3.15,1.3,16.0,4.0,6800.0,510.0,2013,774,4.979213424,5.560258465
Samsung,Android,7.82,5.0,1.9,16.0,4.0,1500.0,119.1,2013,783,3.571221411,4.50335892
Samsung,Android,10.24,5.0,0.3,32.0,4.0,1800.0,124.0,2013,822,4.178072778,5.082955956
Samsung,Android,17.78,3.15,1.3,32.0,4.0,4000.0,302.0,2013,849,4.244774041,4.933466231
Samsung,Android,17.78,3.15,1.3,32.0,4.0,4000.0,306.0,2013,614,4.547752915,5.008499682
Samsung,Android,15.32,8.0,1.9,32.0,4.0,3200.0,199.0,2013,745,4.083789048,5.706013318
Samsung,Android,12.9,8.0,1.9,32.0,4.0,2600.0,182.0,2013,704,4.553666343,5.636038823
Samsung,Android,10.16,3.15,1.3,16.0,4.0,1500.0,128.5,2013,984,3.824065727,5.135327738
Samsung,Android,10.34,5.0,0.3,32.0,4.0,2000.0,143.9,2013,763,3.860729711,5.130017051
Samsung,Android,7.62,2.0,1.3,16.0,4.0,1200.0,100.5,2013,715,3.431403224,4.500920165
Samsung,Android,7.62,2.0,1.3,16.0,4.0,1200.0,100.5,2013,737,3.371081758,4.258587006
Samsung,Android,12.7,13.0,2.0,16.0,4.0,2600.0,130.0,2013,574,3.883211924,5.796908453
Samsung,Android,12.7,13.0,2.0,16.0,4.0,2600.0,130.0,2013,985,4.100326634,5.768539722
Samsung,Android,12.7,13.0,2.0,16.0,4.0,2600.0,132.0,2013,1032,4.864607093,6.135759677
Samsung,Android,12.7,13.0,2.0,16.0,4.0,2600.0,130.1,2013,887,4.800819203,6.087865041
Samsung,Android,20.32,5.0,1.3,16.0,4.0,4600.0,338.0,2013,644,4.963473803,5.770163048
Samsung,Android,20.32,5.0,1.3,16.0,4.0,4600.0,338.0,2013,552,4.76669362,5.631068402
Samsung,Android,5.28,2.0,1.3,16.0,4.0,1200.0,96.0,2013,965,3.741234684,4.782897874
Samsung,Others,7.75,3.15,1.3,16.0,4.0,1000.0,130.4,2013,913,3.612538221,4.378018613
Samsung,Others,7.62,3.15,1.3,16.0,4.0,1000.0,130.4,2013,866,3.335413641,4.236422661
Samsung,Others,7.62,2.0,1.3,16.0,4.0,1000.0,89.2,2013,542,2.855895328,4.073971772
Samsung,Others,5.28,1.3,1.3,16.0,4.0,1000.0,130.4,2013,620,3.283539338,3.880119456
Samsung,Android,8.31,3.15,1.3,16.0,4.0,1300.0,112.0,2013,611,3.569250967,4.507336826
Samsung,Android,7.75,5.0,0.3,16.0,4.0,1300.0,120.6,2013,777,3.193352868,4.795046467
Samsung,Android,10.29,5.0,1.3,32.0,4.0,2000.0,139.1,2013,1024,3.90479696,5.188167623
Samsung,Android,10.16,5.0,0.3,16.0,4.0,1700.0,148.5,2013,950,4.305685401,5.243438705
Samsung,Android,10.24,8.0,2.0,32.0,4.0,1650.0,121.0,2013,963,4.14234076,5.34596402
Samsung,Windows,10.16,5.0,1.2,32.0,4.0,2100.0,125.0,2013,713,3.978933711,5.293857436
Samsung,Android,11.81,8.0,1.9,32.0,4.0,2100.0,134.0,2013,785,3.981922133,4.702750514
Others,Android,15.29,22.6,8.0,128.0,4.0,3130.0,146.0,2019,262,4.873669439,6.39582905
Others,Android,15.21,12.0,16.0,64.0,4.0,2900.0,165.0,2018,417,4.816645932,5.994235704
Others,Android,12.88,12.0,13.0,32.0,4.0,4000.0,175.0,2018,607,4.631325143,5.700844831
Others,Android,12.83,12.0,8.0,64.0,4.0,2700.0,140.0,2018,470,4.273745191,5.992863568
Others,Android,15.24,12.0,16.0,64.0,4.0,3200.0,167.4,2018,518,5.100110301,5.995655752
Others,Android,15.24,12.0,16.3,64.0,4.0,3130.0,181.0,2018,412,4.831986983,5.854441351
Others,Android,15.24,12.0,16.0,64.0,4.0,3200.0,165.4,2018,532,5.128833059,5.990088601
Others,Android,12.83,16.0,20.0,64.0,4.0,3020.0,140.0,2018,666,5.001930853,5.518376165
Others,Android,12.75,12.0,8.0,16.0,4.0,3100.0,165.0,2018,665,4.213312081,4.690797272
Others,Android,12.83,12.0,5.0,32.0,4.0,5000.0,165.0,2018,709,4.469350463,5.13732668
Others,Android,12.83,13.0,8.0,128.0,4.0,3020.0,140.0,2017,623,4.882423063,6.110358077
Others,Android,12.88,16.0,13.0,64.0,4.0,3100.0,185.0,2017,864,5.147145579,5.938248353
Others,Android,12.83,16.0,8.0,32.0,4.0,3000.0,160.0,2016,991,4.487062098,5.797546004
Others,Android,12.83,13.0,13.0,64.0,4.0,2600.0,151.0,2016,866,4.782897874,5.481638424
Others,Android,12.88,13.0,2.1,32.0,4.0,3000.0,168.0,2015,703,4.678420648,5.829856967
Others,Android,12.75,8.0,2.1,16.0,4.0,2030.0,154.0,2015,1043,4.162781724,5.700075613
Others,Android,12.7,8.0,1.2,32.0,4.0,2040.0,141.0,2014,1076,3.865350597,5.205653682
Others,Android,12.7,12.0,8.0,64.0,4.0,4900.0,335.0,2018,426,5.320225619,6.55075171
Others,Android,10.16,8.0,1.0,16.0,4.0,4800.0,290.0,2014,654,5.21384821,6.551208898
Others,Android,6.68,5.0,2.0,32.0,4.0,4800.0,270.0,2014,997,4.456089963,6.19311885
Sony,Android,15.37,,8.0,64.0,4.0,3330.0,180.0,2019,328,5.468439816,6.907495245
Sony,Android,15.37,,8.0,64.0,4.0,3000.0,180.0,2019,252,4.772801027,6.061689992
Sony,Android,15.24,,8.0,64.0,4.0,2870.0,162.0,2019,235,4.914271226,5.862579486
Sony,Android,12.88,,8.0,32.0,4.0,3300.0,156.0,2019,195,4.319885238,5.28902432
Sony,Android,15.24,19.0,13.0,64.0,4.0,3300.0,193.0,2018,662,5.340418543,6.214248034
Sony,Android,15.24,23.0,8.0,64.0,4.0,3580.0,205.0,2018,556,4.823421791,5.941906588
Sony,Android,12.9,19.0,13.0,64.0,4.0,3540.0,236.0,2018,520,5.208720833,6.800615403
Sony,Android,12.88,19.0,5.0,64.0,4.0,3180.0,198.0,2018,717,4.473807868,6.13222599
Sony,Android,12.7,19.0,5.0,64.0,4.0,2870.0,168.0,2018,703,4.502694394,6.155537269
Sony,Android,15.24,23.0,8.0,32.0,4.0,3580.0,221.0,2018,454,4.915665057,5.800001332
Sony,Android,12.75,23.0,8.0,32.0,4.0,3300.0,171.0,2018,436,4.637056375,5.598421959
Sony,Android,12.83,13.0,8.0,32.0,4.0,3300.0,178.0,2018,694,4.678327707,5.246866165
Sony,Android,12.75,19.0,13.0,64.0,4.0,2700.0,155.0,2017,636,4.511408806,5.559604128
Sony,Android,12.83,23.0,8.0,32.0,4.0,3430.0,189.0,2017,728,4.728183962,5.600567803
Sony,Android,10.31,19.0,8.0,32.0,4.0,2700.0,140.0,2017,747,4.598145571,5.796483192
Sony,Android,12.83,13.0,5.0,16.0,4.0,2620.0,180.0,2017,786,4.108904714,5.248759408
Sony,Android,12.75,19.0,13.0,32.0,4.0,2900.0,161.0,2017,661,4.553982149,5.702648499
Sony,Android,13.87,19.0,13.0,64.0,4.0,3230.0,195.0,2017,675,4.938494616,6.038872805
Sony,Android,15.24,23.0,16.0,32.0,4.0,2700.0,188.0,2017,705,4.931159093,5.630638141
Sony,Android,12.7,23.0,8.0,32.0,4.0,2300.0,143.0,2017,615,4.592793915,5.139731867
Sony,Android,10.31,23.0,5.0,32.0,4.0,2700.0,135.0,2016,922,4.66192852,5.519098129
Sony,Android,12.75,23.0,13.0,32.0,4.0,2900.0,161.0,2016,603,4.869916227,5.525771613
Sony,Android,12.7,13.0,5.0,16.0,4.0,2300.0,147.0,2016,853,4.02731405,5.010435274
Sony,Android,15.24,21.5,16.0,16.0,4.0,2700.0,202.0,2016,1091,4.864066907,5.521460918
Sony,Android,12.7,23.0,13.0,32.0,4.0,2700.0,164.4,2016,1066,5.1075805,5.700109069
Sony,Android,12.7,23.0,13.0,32.0,4.0,2620.0,153.0,2016,818,4.768139014,5.293304825
Sony,Android,12.7,13.0,8.0,16.0,4.0,2300.0,137.4,2016,555,4.543294782,5.301063592
Sony,Android,12.7,13.0,8.0,16.0,4.0,2300.0,137.4,2016,621,4.325720798,5.297817242
Sony,Android,12.83,23.0,5.1,32.0,4.0,3430.0,180.0,2015,793,4.935193099,5.703982455
Sony,Android,12.83,23.0,5.1,32.0,4.0,3430.0,180.0,2015,1016,4.848430041,5.483343596
Sony,Android,12.75,23.0,5.1,32.0,4.0,2900.0,154.0,2015,694,4.703657133,5.523538758
Sony,Android,12.75,23.0,5.1,32.0,4.0,2900.0,154.0,2015,973,4.877484781,5.391989842
Sony,Android,10.31,23.0,5.1,32.0,4.0,2700.0,138.0,2015,700,4.377390906,5.31266396
Sony,Android,12.7,21.2,13.0,16.0,4.0,2600.0,142.6,2015,647,4.448984103,5.263415315
Sony,Android,12.7,21.2,13.0,16.0,4.0,2600.0,142.5,2015,693,4.733387484,5.013564334
Sony,Android,15.24,13.0,13.0,16.0,4.0,2930.0,187.0,2015,894,4.913022465,5.664903037
Sony,Android,15.24,13.0,13.0,16.0,4.0,2930.0,187.0,2015,848,4.428433007,5.293857436
Sony,Android,12.75,20.7,5.1,32.0,4.0,2930.0,144.0,2015,545,4.539030383,5.770131855
Sony,Android,12.75,20.7,5.1,32.0,4.0,2930.0,144.0,2015,795,4.29837325,5.66787892
Sony,Android,12.83,13.0,5.0,16.0,4.0,2600.0,147.0,2015,842,4.307303088,5.521140867
Sony,Android,12.83,13.0,5.0,16.0,4.0,2600.0,147.0,2015,806,4.585477553,5.384495063
Sony,Android,12.7,13.0,5.0,32.0,4.0,2400.0,135.0,2015,765,4.416790315,5.30051495
Sony,Android,12.7,13.0,5.0,32.0,4.0,2400.0,136.0,2015,797,4.299052551,5.253372301
Sony,Android,25.43,8.1,5.1,32.0,4.0,6000.0,389.0,2015,662,4.853903508,5.988434963
Sony,Android,25.43,8.1,5.1,32.0,4.0,6000.0,393.0,2015,631,4.533136983,6.213927867
Sony,Android,10.34,5.0,2.0,32.0,4.0,2300.0,135.0,2015,817,3.788045826,4.864761378
Sony,Android,10.34,5.0,2.0,32.0,4.0,2300.0,135.0,2015,1010,4.065430552,4.99396376
Sony,Android,12.7,5.0,2.0,32.0,4.0,2300.0,144.0,2015,682,4.186923744,4.783483721
Sony,Android,12.7,5.0,2.0,32.0,4.0,2300.0,144.0,2015,713,4.127134385,4.782730426
Sony,Android,10.29,5.0,0.3,16.0,4.0,2330.0,143.8,2014,954,3.390136434,5.239681391
Sony,Android,10.29,5.0,0.3,16.0,4.0,2330.0,143.8,2014,879,4.21597205,5.13066765
Sony,Android,20.32,8.1,2.2,16.0,4.0,4500.0,270.0,2014,617,4.935552488,5.940828931
Sony,Android,12.75,20.7,2.2,16.0,4.0,3100.0,152.0,2014,982,4.966544073,5.992314186
Sony,Android,12.75,20.7,2.2,32.0,4.0,3200.0,170.6,2014,1094,4.724640686,5.914367497
Sony,Android,12.75,20.7,2.2,16.0,4.0,3100.0,152.0,2014,686,4.422208424,5.189729426
Sony,Android,10.31,20.7,2.2,16.0,4.0,2600.0,129.0,2014,1047,4.415582293,5.701045399
Sony,Android,10.36,8.0,0.3,32.0,4.0,2300.0,149.0,2014,1046,3.73289634,5.299067085
Sony,Android,12.83,8.0,5.0,32.0,4.0,2500.0,149.7,2014,615,4.138680376,5.5198997
Sony,Android,12.83,8.0,5.0,32.0,4.0,2500.0,149.7,2014,808,4.118549251,5.25248283
Sony,Android,12.7,20.7,0.3,16.0,4.0,3000.0,163.0,2014,568,4.539350845,5.526090186
Sony,Android,12.78,8.0,1.1,32.0,4.0,2500.0,148.0,2014,845,4.377265318,5.295964601
Sony,Android,10.36,8.0,0.3,32.0,4.0,2300.0,148.0,2014,724,4.068171688,5.131849474
Sony,Android,10.36,8.0,0.3,32.0,4.0,2300.0,148.0,2014,962,3.683615624,5.197502061
Sony,Android,25.43,8.1,2.2,16.0,4.0,6000.0,439.0,2014,626,5.162211234,5.859931157
Sony,Android,25.43,8.1,2.2,16.0,4.0,6000.0,426.0,2014,687,5.176714545,5.93740427
Sony,Android,12.75,20.7,2.2,16.0,4.0,3200.0,163.0,2014,1032,4.770854102,5.56471196
Sony,Android,10.16,3.15,2.0,16.0,4.0,1750.0,122.0,2014,666,4.01566204,4.799008503
Sony,Android,10.16,3.15,2.0,16.0,4.0,1700.0,120.0,2014,756,3.789403292,4.944424264
Sony,Android,15.24,13.0,1.1,32.0,4.0,3000.0,171.8,2014,1014,4.814052528,5.636965805
Sony,Android,15.24,13.0,1.1,32.0,4.0,3000.0,171.7,2014,647,4.114637265,5.43581588
Sony,Android,12.7,20.7,2.0,32.0,4.0,3000.0,162.0,2014,794,4.527100531,5.557368456
Sony,Android,10.24,20.7,2.0,16.0,4.0,2300.0,137.0,2014,1054,4.36500763,5.772219636
Sony,Android,12.7,20.7,2.0,16.0,4.0,3000.0,170.0,2013,1060,4.422808628,5.799819663
Sony,Android,15.34,8.0,2.0,16.0,4.0,3050.0,212.0,2013,1081,4.121959729,5.634468123
Sony,Android,12.7,8.0,0.3,16.0,4.0,2390.0,153.0,2013,763,4.273605886,5.393309314
Sony,Android,10.16,5.0,0.3,16.0,4.0,1750.0,115.0,2013,934,3.918402612,4.873287103
Sony,Android,11.56,13.1,0.3,32.0,4.0,2300.0,138.0,2013,601,4.392842927,5.437122329
Sony,Android,10.24,8.0,0.3,32.0,4.0,1750.0,137.0,2013,673,3.697343533,4.863680881
Sony,Android,10.31,8.0,0.3,32.0,4.0,2370.0,155.0,2013,588,4.325720798,5.191288794
Sony,Android,25.43,8.1,2.2,16.0,4.0,6000.0,495.0,2013,704,5.030241824,5.857475907
Sony,Android,25.43,8.1,2.2,16.0,4.0,6000.0,495.0,2013,607,4.829912459,5.702147806
Sony,Android,12.7,13.1,2.2,16.0,4.0,2330.0,146.0,2013,930,4.566117459,5.598755237
Sony,Android,12.7,13.0,2.0,16.0,4.0,2370.0,151.0,2013,558,4.213312081,5.558795238
Spice,Android,10.29,5.0,2.0,16.0,4.0,1700.0,107.0,2014,811,3.548754946,4.494797129
Spice,Android,12.7,8.0,1.3,16.0,4.0,1800.0,177.0,2014,592,4.110709916,4.406597289
Spice,Android,7.75,2.0,1.3,16.0,4.0,1750.0,112.0,2014,998,3.057297629,3.689129423
Spice,Android,10.16,2.0,1.3,16.0,4.0,1750.0,122.0,2014,593,3.335413641,3.945651186
Spice,Android,10.16,2.0,1.3,16.0,4.0,1750.0,155.0,2014,1055,3.667400422,4.077537444
Spice,Android,12.7,8.0,1.3,16.0,4.0,1800.0,190.0,2014,692,4.061304708,4.391357962
Spice,Android,10.29,3.15,1.3,16.0,4.0,1450.0,156.0,2014,711,3.374853406,4.094511215
Spice,Android,10.29,5.0,1.3,16.0,4.0,2100.0,158.0,2013,1053,3.587400285,4.715727177
Spice,Android,10.16,3.15,1.3,512.0,0.25,2100.0,158.0,2013,1025,3.02140002,3.902578547
Spice,Android,7.75,1.3,0.3,512.0,0.25,2100.0,158.0,2013,794,2.660259537,3.732657076
Spice,Android,10.29,8.0,2.0,16.0,4.0,2100.0,155.0,2013,802,4.009512627,5.006694205
Spice,Android,10.29,8.0,1.3,16.0,4.0,2100.0,190.0,2013,814,3.785552341,4.382151627
Spice,Android,10.29,5.0,1.3,16.0,4.0,1730.0,123.3,2013,1086,3.842029634,4.367420482
Spice,Android,10.29,3.15,1.3,16.0,4.0,2100.0,108.0,2013,1083,3.461351304,4.248066579
Spice,Android,10.16,5.0,1.3,16.0,4.0,2100.0,100.0,2013,1020,3.370050653,4.245490733
Spice,Android,7.75,3.15,1.3,16.0,4.0,2100.0,125.0,2013,1028,3.294354286,3.660737148
Spice,Android,12.7,8.0,2.0,32.0,4.0,2100.0,175.0,2013,894,4.28661645,5.06354395
Spice,Android,12.7,5.0,0.3,16.0,4.0,2000.0,161.0,2013,967,3.568969157,4.874433673
Spice,Android,12.7,8.0,3.0,16.0,4.0,2100.0,176.0,2013,1088,4.100160948,5.395897695
Spice,Android,12.7,5.0,1.3,16.0,4.0,2100.0,186.0,2013,667,4.023206534,4.492001488
Spice,Android,10.29,5.0,1.3,16.0,4.0,2100.0,143.0,2013,878,3.673511977,4.380650688
Spice,Android,10.29,3.15,1.3,16.0,4.0,2100.0,130.0,2013,1054,3.547603867,4.238011912
Spice,Android,10.16,3.15,1.3,16.0,4.0,1300.0,90.0,2013,858,3.237893831,3.909219078
Spice,Android,7.75,3.15,1.3,16.0,4.0,1500.0,135.0,2013,615,3.161246712,3.695110004
Spice,Android,17.78,3.15,1.3,16.0,4.0,3000.0,450.0,2013,959,4.341595189,4.790404164
Spice,Android,12.7,5.0,1.3,16.0,4.0,2100.0,185.0,2013,747,3.888344878,4.600157644
Spice,Android,12.78,8.0,5.0,16.0,4.0,2550.0,196.3,2013,912,4.134366237,5.34610703
Spice,Android,12.78,8.0,5.0,16.0,4.0,2550.0,196.3,2013,730,3.986388087,5.249757176
Spice,Android,25.4,3.15,0.3,16.0,4.0,7600.0,158.0,2013,917,4.39172941,5.189283446
Spice,Android,10.29,8.0,1.3,16.0,4.0,2100.0,158.0,2013,994,4.306090069,5.006894974
Others,Android,7.75,3.15,0.3,16.0,4.0,1750.0,100.0,2013,587,3.555919327,4.500698164
Others,Android,17.78,0.3,2.0,32.0,4.0,3500.0,354.4,2014,571,4.333492688,4.388132953
Others,Android,17.78,0.3,2.0,32.0,4.0,3500.0,354.4,2014,791,4.146937012,4.24247717
Others,Android,25.43,8.0,1.2,32.0,4.0,2000.0,630.5,2013,1085,5.094486126,5.350909817
Others,Android,25.43,8.0,1.2,32.0,4.0,2000.0,671.3,2013,549,4.935264987,6.086615623
Others,Android,25.43,1.2,0.3,16.0,4.0,2000.0,598.7,2013,667,4.987639574,5.435162014
Others,Android,12.7,13.0,8.0,16.0,4.0,2200.0,153.0,2016,779,4.620058798,5.070161273
Others,Android,15.24,13.0,8.0,16.0,4.0,2500.0,207.0,2016,724,4.654626795,5.252273428
Others,Android,12.83,8.0,5.0,32.0,4.0,2500.0,170.0,2015,1044,4.447111881,4.943996792
Others,Android,12.7,8.0,5.0,32.0,4.0,2500.0,161.0,2015,790,4.178685711,4.692723083
Others,Android,12.83,8.0,5.0,32.0,4.0,2500.0,172.0,2015,590,4.099000374,4.941570991
Others,Android,12.7,8.0,1.3,16.0,4.0,2100.0,159.0,2014,873,3.949896658,4.687395126
Others,Android,10.29,8.0,1.3,32.0,4.0,2500.0,130.0,2015,943,4.12049952,5.068023311
Others,Others,5.18,1.3,2.0,128.0,0.25,2100.0,98.0,2014,713,3.335057579,4.246063717
Others,Android,10.29,5.0,0.3,16.0,4.0,1650.0,142.0,2014,958,3.744314161,4.506343832
Others,Android,12.7,8.0,2.0,32.0,4.0,2500.0,112.0,2015,1087,4.251490751,4.867303655
Others,Android,12.7,8.0,5.0,32.0,4.0,2500.0,135.0,2015,547,4.009694033,5.192512308
Others,Android,10.16,8.0,1.3,16.0,4.0,2500.0,128.0,2015,782,3.903385812,4.373868447
Others,Android,10.16,5.0,1.3,512.0,0.25,2500.0,112.0,2015,543,3.073618812,3.913422026
Others,Others,5.13,2.0,2.0,128.0,0.25,2100.0,110.0,2014,927,3.780318514,4.107589789
Others,Android,7.75,2.0,0.3,16.0,4.0,1200.0,105.0,2014,1088,3.408172995,4.112511866
Others,Android,12.7,8.0,2.0,16.0,4.0,2000.0,140.0,2014,621,4.154812309,5.194843958
Others,Android,17.78,3.15,0.3,16.0,4.0,2500.0,250.0,2014,683,4.284827171,4.70157068
Vivo,Android,15.42,13.0,16.0,256.0,4.0,4000.0,190.25,2019,407,5.408740048,6.273556021
Vivo,Android,16.59,13.0,16.0,128.0,4.0,3940.0,189.5,2019,351,4.749010756,5.705547583
Vivo,Android,16.23,13.0,16.0,256.0,4.0,4000.0,188.0,2019,237,5.196616812,6.172785604
Vivo,Android,16.59,13.0,16.0,64.0,4.0,4000.0,189.5,2019,415,5.001123534,5.735378036
Vivo,Android,16.28,13.0,12.0,256.0,4.0,4000.0,180.0,2019,305,4.941499555,5.989813184
Vivo,Android,16.23,13.0,16.0,128.0,4.0,3700.0,185.0,2019,430,5.07467369,5.884352498
Vivo,Android,15.9,13.0,16.0,64.0,4.0,3260.0,149.3,2019,375,4.808845454,5.356020077
Vivo,Android,16.23,13.0,12.0,128.0,4.0,3500.0,199.0,2018,603,4.830231896,6.552194
Vivo,Android,15.29,13.0,8.0,128.0,4.0,4030.0,165.0,2018,411,4.761062206,5.435118408
Vivo,Android,15.8,13.0,20.0,64.0,4.0,4030.0,163.5,2018,607,4.973417906,5.521620905
Vivo,Android,15.9,13.0,16.0,32.0,4.0,3260.0,156.2,2018,623,4.645928178,5.137620306
Vivo,Android,15.29,13.0,8.0,64.0,4.0,4030.0,163.5,2018,621,4.311335894,5.297867265
Vivo,Android,15.8,13.0,8.0,16.0,4.0,4030.0,163.5,2019,261,4.203647297,4.595523809
Vivo,Android,15.8,13.0,8.0,64.0,4.0,4030.0,163.5,2019,198,4.526667958,5.305541212
Vivo,Android,15.8,13.0,8.0,32.0,4.0,4030.0,163.5,2018,538,4.747624154,5.292349595
Vivo,Android,15.8,13.0,5.0,16.0,4.0,3260.0,143.0,2018,558,4.191017449,4.874204464
Vivo,Android,15.32,13.0,12.0,64.0,4.0,3315.0,164.0,2018,477,4.794467357,5.521660898
Vivo,Android,15.32,13.0,24.0,128.0,4.0,3315.0,164.0,2018,648,4.888542987,5.855616187
Vivo,Android,15.24,8.0,5.0,16.0,4.0,3360.0,150.0,2018,589,4.085135623,4.78615752
Vivo,Android,15.32,13.0,25.0,128.0,4.0,3315.0,164.0,2018,448,5.159974417,5.628160537
Vivo,Android,15.32,13.0,16.0,128.0,4.0,3315.0,162.0,2018,385,4.971062519,5.522540335
Vivo,Android,16.28,13.0,12.0,128.0,4.0,3400.0,156.2,2018,589,4.639764831,6.216067034
Vivo,Android,16.28,13.0,25.0,64.0,4.0,3400.0,156.0,2018,408,4.958007777,5.856417721
Vivo,Android,15.8,13.0,8.0,64.0,4.0,3260.0,152.0,2018,449,4.309321524,5.299816243
Vivo,Android,15.32,13.0,12.0,64.0,4.0,3260.0,150.0,2018,376,4.74701691,5.695414225
Vivo,Android,15.9,13.0,16.0,128.0,4.0,3260.0,149.3,2018,591,4.933898228,5.519338667
Vivo,Android,16.74,13.0,16.0,128.0,4.0,4000.0,199.0,2018,583,4.830790667,6.549164215
Vivo,Android,16.74,13.0,16.0,128.0,4.0,4000.0,199.0,2018,465,4.997279839,6.398478455
Vivo,Android,15.9,13.0,24.0,64.0,4.0,3260.0,149.3,2018,667,4.880298792,5.704415608
Vivo,Android,15.8,13.0,8.0,64.0,4.0,3260.0,150.0,2018,658,4.868610794,5.521260898
Vivo,Android,15.8,13.0,5.0,32.0,4.0,3260.0,146.5,2018,453,4.666077121,5.191900738
Vivo,Android,15.95,13.0,24.0,128.0,4.0,3425.0,159.0,2018,537,4.772801027,6.063226913
Vivo,Android,15.24,13.0,5.0,16.0,4.0,3360.0,150.0,2018,523,4.450852826,4.947269418
Vivo,Android,15.32,13.0,16.0,32.0,4.0,3260.0,150.0,2018,679,4.660131744,5.55667361
Vivo,Android,15.32,13.0,24.0,64.0,4.0,3260.0,150.0,2018,430,4.873975203,5.70687768
Vivo,Android,15.95,13.0,12.0,128.0,4.0,3200.0,156.2,2018,582,5.273255936,6.311190196
Vivo,Android,15.95,13.0,12.0,64.0,4.0,3200.0,156.2,2018,475,5.217215765,6.111533856
Vivo,Android,12.88,16.0,24.0,32.0,4.0,3000.0,139.0,2017,597,5.05675523,5.520059937
Vivo,Android,16.33,13.0,12.0,64.0,4.0,3900.0,181.5,2017,540,5.007229501,6.111644707
Vivo,Android,16.33,13.0,12.0,128.0,4.0,3900.0,181.5,2018,475,4.969604945,6.311734809
Vivo,Android,15.27,13.0,12.0,64.0,4.0,3250.0,159.0,2017,863,5.058599721,5.96729992
Vivo,Android,15.21,16.0,24.0,64.0,4.0,3225.0,160.0,2017,610,4.871449852,5.889210313
Vivo,Android,12.83,13.0,5.0,16.0,4.0,3000.0,157.0,2017,799,4.396299294,5.133206846
Vivo,Android,12.83,13.0,16.0,32.0,4.0,3000.0,162.8,2017,843,4.589751933,5.297967305
Vivo,Android,14.86,16.0,14.0,64.0,4.0,4015.0,183.2,2017,662,5.05299211,5.9696023
Vivo,Android,12.83,16.0,14.0,64.0,4.0,3320.0,154.0,2017,582,4.679256729,5.863687992
Vivo,Android,12.83,13.0,20.0,64.0,4.0,3000.0,154.0,2017,797,4.656528478,5.628879315
Vivo,Android,10.29,5.0,2.0,16.0,4.0,1900.0,157.8,2017,843,4.131800899,4.795294555
Vivo,Android,12.75,13.0,5.0,16.0,4.0,2730.0,142.0,2017,608,4.100160948,5.291997438
Vivo,Android,12.83,13.0,16.0,32.0,4.0,3000.0,155.0,2017,786,4.60386934,5.076485455
Vivo,Android,12.83,16.0,14.0,64.0,4.0,3160.0,158.6,2017,601,4.717426868,6.107935611
Vivo,Android,12.83,13.0,16.0,32.0,4.0,3000.0,154.0,2016,569,4.407816206,5.599199434
Vivo,Android,13.87,14.5,16.0,128.0,4.0,4080.0,178.0,2016,840,4.683704064,6.550651672
Vivo,Android,14.94,16.0,8.0,64.0,4.0,4000.0,199.0,2016,606,4.688867745,6.363700291
Vivo,Android,12.83,16.0,8.0,64.0,4.0,3050.0,154.0,2016,661,5.166898028,6.132638536
Vivo,Android,12.83,13.0,20.0,32.0,4.0,3000.0,154.0,2016,617,4.647942278,5.520059937
Vivo,Android,12.88,16.0,16.0,64.0,4.0,4000.0,183.5,2016,791,5.543731087,6.523077607
Vivo,Android,12.75,13.0,16.0,64.0,4.0,3000.0,151.0,2016,834,5.17733547,6.461014949
Vivo,Android,12.83,13.0,8.0,32.0,4.0,3000.0,168.0,2016,678,4.599353301,5.706046576
Vivo,Android,12.7,13.0,8.0,16.0,4.0,2550.0,138.0,2016,664,4.585273554,5.565209825
Vivo,Android,12.88,16.0,8.0,64.0,4.0,3000.0,172.5,2016,817,4.873822333,6.016571708
Vivo,Android,12.75,13.0,8.0,64.0,4.0,2400.0,140.5,2016,1068,4.902901594,5.858590082
Vivo,Android,13.79,16.0,8.0,128.0,4.0,3600.0,167.8,2016,618,4.879767019,6.410503775
Vivo,Android,13.79,16.0,8.0,128.0,4.0,3600.0,167.8,2016,675,4.901341126,6.252346945
Vivo,Android,12.7,8.0,5.0,16.0,4.0,2350.0,157.0,2015,735,4.340683671,4.862753811
Vivo,Android,10.34,8.0,2.0,32.0,4.0,2100.0,137.0,2015,873,4.243051882,4.866379938
Vivo,Android,12.7,13.0,5.0,16.0,4.0,2300.0,153.0,2015,754,4.362461479,4.591071262
Vivo,Android,12.83,13.0,5.0,32.0,4.0,4150.0,194.0,2015,753,4.704834509,6.083815808
Vivo,Android,12.75,13.0,8.0,16.0,4.0,2450.0,151.0,2015,857,4.789656066,5.703515772
Vivo,Android,12.83,13.0,5.0,16.0,4.0,2300.0,153.0,2015,780,4.680370419,6.064273462
Vivo,Android,12.83,13.0,5.0,16.0,4.0,2300.0,156.0,2014,910,4.749357106,6.154836862
Vivo,Android,12.7,13.0,0.3,16.0,4.0,2000.0,150.0,2014,585,3.949896658,4.713396591
Vivo,Android,10.34,8.0,5.0,32.0,4.0,2100.0,156.0,2014,847,4.11887456,4.61045619
Vivo,Android,10.29,5.0,2.0,16.0,4.0,1900.0,130.0,2013,1092,3.554204551,4.69711106
Others,Android,12.7,5.0,2.0,32.0,4.0,2000.0,134.0,2018,372,3.75114978,4.25830412
Others,Android,12.88,16.0,8.0,32.0,4.0,3100.0,153.0,2018,479,4.53999146,4.693181063
Others,Android,12.83,13.0,8.0,16.0,4.0,2900.0,145.0,2018,369,4.211683055,4.789240213
Others,Android,13.56,8.0,5.0,16.0,4.0,3100.0,155.0,2018,593,3.921775297,4.622911867
Others,Android,25.43,5.0,2.0,16.0,4.0,4600.0,465.0,2017,767,4.50777784,5.201090351
Others,Android,12.7,5.0,2.0,32.0,4.0,2200.0,169.0,2017,686,4.089666973,4.378269586
Others,Android,12.83,16.0,8.0,32.0,4.0,3000.0,166.0,2017,612,4.616209033,5.442287832
Others,Android,12.7,13.0,5.0,16.0,4.0,2400.0,151.0,2017,792,4.196600263,4.601262561
Others,Android,25.43,5.0,2.0,16.0,4.0,5830.0,439.0,2016,926,4.812021741,5.243755579
Others,Android,12.7,5.0,2.0,32.0,4.0,2000.0,167.9,2016,622,3.969914484,4.067144642
Others,Android,12.83,16.0,8.0,32.0,4.0,3000.0,155.0,2016,1047,4.625854777,5.941591297
Others,Android,12.83,13.0,5.0,16.0,4.0,2960.0,150.0,2016,569,4.432719749,5.077109441
Others,Android,12.7,8.0,5.0,32.0,4.0,2540.0,128.0,2016,959,4.196299285,4.614922477
Others,Android,7.75,2.0,5.0,16.0,4.0,1400.0,110.0,2016,1063,3.39618484,3.427839313
Others,Android,10.29,5.0,2.0,32.0,4.0,1780.0,146.0,2015,720,3.644404964,4.244200318
Others,Android,12.83,13.0,5.0,16.0,4.0,3000.0,159.0,2015,872,4.55240212,5.140844508
Others,Android,23.01,5.0,2.0,16.0,4.0,2500.0,406.0,2015,737,4.664758977,5.356020077
Others,Android,12.7,8.0,2.0,32.0,4.0,2500.0,155.0,2015,948,3.964425684,4.721173862
Others,Android,10.16,2.0,2.0,16.0,4.0,1400.0,112.0,2015,1048,3.348499593,4.107096246
Others,Android,12.7,5.0,0.3,16.0,4.0,3000.0,162.0,2014,697,3.58240721,5.012566761
Others,Android,10.29,5.0,0.3,16.0,4.0,1880.0,152.0,2014,745,3.476304854,4.504133642
Others,Android,10.16,3.15,2.0,16.0,4.0,1400.0,117.0,2014,966,3.534270336,3.913621727
Others,Android,7.75,2.0,0.3,16.0,4.0,2000.0,118.0,2013,861,2.851284369,3.900355201
Others,Android,10.16,5.0,0.3,16.0,4.0,1500.0,136.0,2013,625,3.660737148,4.714741822
Others,Android,15.24,16.0,16.0,64.0,4.0,3000.0,164.0,2018,486,4.890875306,5.706312605
Others,Android,15.24,13.0,16.0,32.0,4.0,3000.0,153.0,2018,546,4.437343075,5.299067085
Others,Android,12.88,16.0,5.0,64.0,4.0,3000.0,162.0,2017,769,4.768223972,5.254835588
Others,Android,12.88,13.0,16.0,16.0,4.0,2900.0,160.0,2017,560,4.456438132,5.016219672
Others,Android,12.7,5.0,2.0,16.0,4.0,1800.0,156.0,2015,1065,3.795489189,4.776936229
Others,Android,12.7,5.0,1.3,16.0,4.0,1800.0,174.0,2014,566,3.785325352,4.617493936
Others,Android,10.29,5.0,2.0,16.0,4.0,2100.0,141.0,2014,674,3.687378328,4.86437562
Others,Android,7.75,2.0,1.3,16.0,4.0,2100.0,105.0,2014,955,2.868466923,3.885268268
Others,Android,12.7,8.0,2.0,32.0,4.0,2100.0,175.0,2014,658,4.334803991,5.076984675
Others,Android,12.7,16.0,8.0,16.0,4.0,2350.0,143.0,2014,717,4.931447776,5.702748607
Others,Android,10.34,8.0,5.0,32.0,4.0,2000.0,124.0,2014,605,3.987315989,5.294610505
Others,Android,10.34,8.0,5.0,16.0,4.0,2000.0,119.0,2014,850,4.306359756,5.306186325
Others,Android,12.7,16.0,8.0,16.0,4.0,2350.0,154.0,2014,974,4.876646654,5.858104568
Xiaomi,Android,16.23,12.0,20.0,256.0,4.0,4000.0,205.0,2019,517,5.42252417,6.109136465
Xiaomi,Android,15.9,12.0,8.0,64.0,4.0,4000.0,180.0,2019,256,4.482550472,4.865609522
Xiaomi,Android,15.32,12.0,13.0,128.0,4.0,4000.0,186.0,2019,328,4.695559186,5.296365463
Xiaomi,Android,16.23,12.0,20.0,64.0,4.0,3800.0,189.0,2019,362,4.989002994,6.397246272
Xiaomi,Android,16.23,12.0,20.0,256.0,4.0,3300.0,173.0,2019,195,5.39983551,6.272273051
Xiaomi,Android,15.16,12.0,20.0,64.0,4.0,3070.0,155.0,2019,353,5.040647068,5.714524571
Xiaomi,Android,16.23,12.0,20.0,64.0,4.0,3300.0,173.0,2019,465,4.756516938,6.106911523
Xiaomi,Android,12.7,8.0,5.0,32.0,4.0,3000.0,137.0,2019,506,4.018902367,4.383525511
Xiaomi,Android,15.32,12.0,13.0,64.0,4.0,4000.0,186.0,2019,414,4.768223972,5.007497042
Xiaomi,Android,14.83,13.0,8.0,64.0,4.0,3000.0,150.0,2018,446,4.661550519,5.131672289
Xiaomi,Android,16.23,13.0,14.5,256.0,4.0,3200.0,218.0,2018,727,5.56819182,6.326739639
Xiaomi,Android,15.27,13.0,20.0,256.0,4.0,4000.0,190.0,2018,668,5.370079733,6.109314247
Xiaomi,Android,15.9,13.0,14.5,64.0,4.0,4000.0,182.0,2018,469,4.676467068,5.251906869
Xiaomi,Android,15.77,13.0,20.0,128.0,4.0,3000.0,177.0,2018,440,5.204446151,6.216985271
Xiaomi,Android,15.9,13.0,24.0,64.0,4.0,3350.0,169.0,2018,427,4.958288814,5.441118165
Xiaomi,Android,15.7,13.0,20.0,256.0,4.0,4000.0,182.0,2018,390,4.906459262,5.668431597
Xiaomi,Android,15.21,13.0,20.0,128.0,4.0,3000.0,166.0,2018,471,4.885072071,5.257078619
Xiaomi,Android,14.83,13.0,5.0,64.0,4.0,4000.0,178.0,2018,535,4.624972813,5.202797165
Xiaomi,Android,15.47,13.0,8.0,128.0,4.0,5500.0,221.0,2018,682,4.618678536,5.445702353
Xiaomi,Android,20.32,13.0,5.0,64.0,4.0,6000.0,342.5,2018,665,4.841743158,5.072231992
Xiaomi,Android,25.43,13.0,5.0,128.0,4.0,8620.0,485.0,2018,665,5.116255776,5.563063408
Xiaomi,Android,13.84,13.0,5.0,64.0,4.0,3000.0,146.0,2018,525,4.537426534,4.793390975
Xiaomi,Android,13.84,13.0,5.0,32.0,4.0,3000.0,145.0,2018,641,4.100657924,4.506233438
Xiaomi,Android,15.77,13.0,20.0,128.0,4.0,3000.0,177.0,2018,682,4.950672953,6.215747449
Xiaomi,Android,15.77,13.0,20.0,64.0,4.0,3400.0,175.0,2018,372,5.042004754,5.941617575
Xiaomi,Android,14.94,13.0,20.0,128.0,4.0,3120.0,164.0,2018,620,4.82775358,5.559527119
Xiaomi,Android,15.21,13.0,16.0,64.0,4.0,3080.0,170.0,2018,465,4.754021133,5.018669599
Xiaomi,Android,15.21,13.0,5.0,256.0,4.0,3400.0,191.0,2018,590,5.186547466,5.99490861
Xiaomi,Android,15.21,13.0,13.0,64.0,4.0,4000.0,181.0,2018,543,4.496470769,5.1965061
Xiaomi,Android,15.21,13.0,20.0,64.0,4.0,4000.0,181.0,2018,386,4.795294555,5.193290129
Xiaomi,Android,15.21,13.0,20.0,128.0,4.0,4000.0,190.0,2018,630,5.076360611,5.992489022
Xiaomi,Android,15.21,12.0,5.0,64.0,4.0,4000.0,180.0,2018,442,4.424367475,5.082955956
Xiaomi,Android,12.88,12.0,5.0,32.0,4.0,3300.0,157.0,2017,679,4.558078578,5.074360985
Xiaomi,Android,12.7,13.0,5.0,32.0,4.0,3000.0,137.0,2017,769,4.38414938,4.70682384
Xiaomi,Android,12.83,13.0,16.0,64.0,4.0,3080.0,153.0,2017,575,4.689695141,4.93634269
Xiaomi,Android,12.83,13.0,5.0,16.0,4.0,3080.0,150.0,2017,782,4.284275979,4.504023004
Xiaomi,Android,12.83,13.0,16.0,64.0,4.0,3500.0,163.0,2017,581,4.770769367,5.630243571
Xiaomi,Android,15.21,12.0,5.0,128.0,4.0,3400.0,185.0,2017,677,5.156465742,6.013372799
Xiaomi,Android,12.83,13.0,5.0,64.0,4.0,3080.0,165.0,2017,683,4.562993107,5.148017596
Xiaomi,Android,16.36,12.0,5.0,32.0,4.0,5300.0,211.0,2017,761,4.653674595,5.298967155
Xiaomi,Android,12.7,13.0,5.0,64.0,4.0,4100.0,150.0,2017,881,4.479039909,4.710430697
Xiaomi,Android,13.08,13.0,8.0,64.0,4.0,3350.0,168.0,2017,616,4.549023025,5.790938286
Xiaomi,Android,18.01,13.0,5.0,64.0,4.0,6600.0,328.0,2017,825,5.002401489,5.669052994
Xiaomi,Android,13.08,12.0,8.0,64.0,4.0,2860.0,135.0,2017,565,4.297557478,5.009434574
Xiaomi,Android,12.83,13.0,5.0,64.0,4.0,4100.0,165.0,2017,626,4.348211286,4.863217453
Xiaomi,Android,12.83,13.0,5.0,64.0,4.0,4100.0,165.0,2017,705,4.366405254,5.011568192
Xiaomi,Android,12.7,13.0,5.0,16.0,4.0,3120.0,131.5,2016,939,4.390986376,4.692539832
Xiaomi,Android,12.7,13.0,5.0,16.0,4.0,4100.0,156.0,2016,713,4.445705411,4.877180089
Xiaomi,Android,12.7,13.0,5.0,32.0,4.0,4100.0,156.0,2016,734,4.476313564,5.079290331
Xiaomi,Android,15.34,16.0,5.0,256.0,4.0,4400.0,209.0,2016,543,5.199932465,5.963219382
Xiaomi,Android,12.88,22.5,8.0,64.0,4.0,4070.0,166.0,2016,726,4.887940214,5.738119487
Xiaomi,Android,12.88,13.0,4.0,128.0,4.0,4100.0,168.0,2016,891,5.000988917,5.737571798
Xiaomi,Android,13.08,12.0,4.0,128.0,4.0,4100.0,145.0,2016,612,4.62399194,5.52788027
Xiaomi,Android,12.83,13.0,5.0,16.0,4.0,4100.0,175.0,2016,1042,4.329021349,5.142014372
Xiaomi,Android,12.83,13.0,5.0,128.0,4.0,4050.0,174.0,2016,629,4.43627805,5.129188404
Xiaomi,Android,12.7,13.0,5.0,32.0,4.0,4100.0,144.0,2016,1030,4.516885271,5.131199643
Xiaomi,Android,12.7,13.0,5.0,32.0,4.0,4100.0,144.0,2016,881,4.454463569,5.017213609
Xiaomi,Android,12.7,13.0,5.0,16.0,4.0,4100.0,144.0,2016,700,4.206184044,4.776430795
Xiaomi,Android,12.7,13.0,5.0,32.0,4.0,4100.0,144.0,2016,670,4.079400115,4.872139217
Xiaomi,Android,13.08,16.0,4.0,128.0,4.0,3000.0,129.0,2016,709,4.836519974,5.477801569
Xiaomi,Android,16.36,16.0,5.0,16.0,4.0,4850.0,145.0,2016,799,4.18235544,5.014029527
Xiaomi,Android,12.7,13.0,5.0,64.0,4.0,3260.0,133.0,2016,698,4.613039144,5.396079084
Xiaomi,Android,12.83,16.0,5.0,16.0,4.0,4050.0,164.0,2016,884,4.630935394,5.077483646
Xiaomi,Android,12.7,13.0,5.0,16.0,4.0,4100.0,144.0,2016,1045,4.292101927,5.070475294
Xiaomi,Android,12.83,13.0,5.0,16.0,4.0,3100.0,185.0,2015,980,4.231784971,4.941856685
Xiaomi,Android,18.01,8.0,5.0,16.0,4.0,6190.0,322.0,2015,1001,4.649761069,5.199711763
Xiaomi,Android,12.83,13.0,5.0,16.0,4.0,4000.0,164.0,2015,812,4.55345575,5.191956351
Xiaomi,Android,12.7,13.0,5.0,16.0,4.0,3080.0,132.0,2015,966,4.416428061,5.349248095
Xiaomi,Android,12.83,13.0,5.0,16.0,4.0,3060.0,160.0,2015,1021,4.571199666,5.085433504
Xiaomi,Android,10.34,8.0,2.0,16.0,4.0,2200.0,133.0,2015,1057,3.647275904,4.624090071
Xiaomi,Android,10.34,8.0,2.0,16.0,4.0,2200.0,133.0,2015,665,3.958906591,4.800325701
Xiaomi,Android,12.7,13.0,5.0,16.0,4.0,3120.0,130.0,2015,1081,4.610555658,5.561219948
Xiaomi,Android,12.88,13.0,4.0,64.0,4.0,3000.0,161.0,2015,635,4.767459089,5.521860838
Xiaomi,Android,12.88,13.0,4.0,16.0,4.0,3000.0,161.0,2015,902,4.165424144,5.246076255
Xiaomi,Android,10.34,8.0,2.0,32.0,4.0,2200.0,132.0,2015,626,4.180828022,4.863603658
Xiaomi,Android,10.34,8.0,2.0,32.0,4.0,2200.0,133.0,2015,772,4.053348942,4.866302923
Xiaomi,Android,12.7,13.0,8.0,16.0,4.0,3080.0,149.0,2014,591,4.433313679,5.431930006
Xiaomi,Android,12.83,13.0,5.0,32.0,4.0,3100.0,185.0,2014,842,4.226395693,5.078792261
Xiaomi,Android,12.7,13.0,8.0,16.0,4.0,3080.0,149.0,2014,623,4.711779921,5.436861176
Xiaomi,Android,18.01,8.0,5.0,16.0,4.0,6700.0,360.0,2014,615,4.463145686,5.485336207
Xiaomi,Android,12.83,13.0,5.0,32.0,4.0,3100.0,199.0,2014,1017,4.291007236,4.796203683
Xiaomi,Android,12.7,13.0,2.0,16.0,4.0,3050.0,145.0,2013,916,4.151197374,5.305243327
Xiaomi,Android,10.34,8.0,1.6,32.0,4.0,2000.0,158.0,2014,913,4.096176217,4.49110523
Xiaomi,Android,10.34,8.0,1.3,16.0,4.0,2000.0,158.0,2013,793,3.994524227,4.602867537
Xiaomi,Android,10.24,8.0,2.0,16.0,4.0,2000.0,145.0,2013,565,4.463145686,5.518536646
XOLO,Android,12.7,13.0,5.0,32.0,4.0,2400.0,,2015,576,4.165889729,4.930437019
XOLO,Android,12.83,8.0,5.0,16.0,4.0,3200.0,,2015,800,4.282068168,5.189227684
XOLO,Android,12.7,8.0,2.0,32.0,4.0,2100.0,,2015,878,3.879706404,4.081090447
XOLO,Android,10.29,5.0,0.3,32.0,4.0,1800.0,,2015,1036,3.823847315,4.396052806
XOLO,Android,12.7,5.0,0.3,16.0,4.0,2500.0,,2015,679,3.837083919,4.347176357
XOLO,Windows,12.7,8.0,2.0,32.0,4.0,2200.0,,2015,838,3.707210411,4.791732737
XOLO,Android,12.7,8.0,5.0,32.0,4.0,2500.0,,2015,1045,4.1846422,4.785406236
XOLO,Android,12.83,13.0,2.0,32.0,4.0,2600.0,120.0,2014,1008,3.91621421,4.863989714
XOLO,Android,12.7,8.0,2.0,32.0,4.0,2100.0,120.0,2014,782,3.993602992,4.697658205
XOLO,Android,12.7,8.0,5.0,32.0,4.0,2500.0,120.0,2014,956,3.977810746,4.791400759
XOLO,Android,12.7,13.0,2.0,32.0,4.0,2100.0,120.0,2014,982,4.090838423,5.009968405
XOLO,Android,10.29,5.0,0.3,32.0,4.0,1700.0,120.0,2014,882,3.566429294,4.411342689
XOLO,Android,12.67,8.0,2.0,32.0,4.0,2500.0,120.0,2014,992,4.059062748,4.789157022
XOLO,Android,12.7,13.0,5.0,16.0,4.0,2100.0,120.0,2014,562,4.204692619,5.244547323
XOLO,Android,12.7,13.0,5.0,32.0,4.0,2300.0,120.0,2014,670,4.636281181,5.596457067
XOLO,Android,12.7,8.0,2.0,16.0,4.0,1920.0,120.0,2014,741,3.984157603,5.134503481
XOLO,Windows,10.34,8.0,2.0,32.0,4.0,1800.0,100.0,2014,669,3.605497845,4.800654729
XOLO,Android,10.16,3.15,0.3,16.0,4.0,1400.0,120.0,2014,573,3.521052343,4.103304304
XOLO,Android,12.7,8.0,2.0,32.0,4.0,2250.0,120.0,2014,1059,3.927108643,5.083761832
XOLO,Android,10.16,5.0,0.3,16.0,4.0,1400.0,120.0,2014,603,3.583518938,4.592490133
XOLO,Android,15.24,8.0,2.0,16.0,4.0,3000.0,120.0,2014,865,4.225519013,5.132911922
XOLO,Android,10.16,5.0,0.3,16.0,4.0,1400.0,120.0,2014,939,3.464797963,4.382901252
XOLO,Android,12.7,8.0,2.0,16.0,4.0,2250.0,120.0,2014,575,3.653770277,4.94021283
XOLO,Android,12.7,8.0,2.0,32.0,4.0,2000.0,120.0,2014,672,3.95756982,4.946629964
XOLO,Android,10.29,8.0,0.3,16.0,4.0,1800.0,120.0,2014,819,4.087487775,4.796203683
XOLO,Android,12.88,13.0,5.0,16.0,4.0,4000.0,148.85,2013,949,4.556295018,5.519979822
XOLO,Android,12.7,5.0,0.3,16.0,4.0,2000.0,148.85,2013,842,3.867443962,4.576050287
XOLO,Android,10.24,8.0,1.0,32.0,4.0,1810.0,140.0,2013,565,4.224348909,5.242170206
XOLO,Android,17.78,5.0,0.3,16.0,4.0,4100.0,320.0,2013,686,4.207673248,5.240688254
XOLO,Android,10.16,5.0,0.3,16.0,4.0,1450.0,116.0,2013,551,3.535145354,4.506233438
XOLO,Android,10.29,8.0,1.0,16.0,4.0,2100.0,143.5,2013,659,3.995260604,4.625364893
XOLO,Android,10.16,5.0,0.3,16.0,4.0,1400.0,120.0,2013,593,3.34462703,4.79032107
XOLO,Android,12.83,13.0,2.0,32.0,4.0,2600.0,180.0,2013,1057,4.20514028,5.086484606
XOLO,Android,10.34,8.0,2.0,16.0,4.0,1800.0,138.0,2013,863,3.798406279,4.79032107
XOLO,Android,10.29,5.0,0.3,16.0,4.0,1900.0,148.85,2013,771,3.632838063,4.39592954
XOLO,Android,10.16,3.15,0.3,16.0,4.0,1500.0,148.85,2013,935,3.80999028,4.386018656
XOLO,Android,10.29,8.0,2.0,16.0,4.0,2400.0,151.3,2013,1042,3.690128674,4.793805105
XOLO,Android,17.78,2.0,0.65,32.0,4.0,4000.0,338.0,2013,1039,4.274998062,4.691989878
XOLO,Android,20.32,2.0,0.3,16.0,4.0,4000.0,480.0,2013,1004,4.377893103,4.784905067
XOLO,Android,12.7,13.0,5.0,16.0,4.0,2500.0,158.0,2013,1089,4.579442037,5.144641574
XOLO,Android,10.16,5.0,0.3,16.0,4.0,1400.0,120.0,2013,842,3.357941873,4.795211866
XOLO,Android,10.34,8.0,2.0,16.0,4.0,2000.0,167.0,2013,596,4.041295341,5.127766265
XOLO,Android,10.29,5.0,0.3,16.0,4.0,2000.0,147.7,2013,1007,3.937105786,4.796451484
XOLO,Android,10.34,8.0,1.3,32.0,4.0,1900.0,140.0,2013,852,4.220389669,5.143007682
XOLO,Android,10.24,5.0,0.3,16.0,4.0,2000.0,150.0,2013,739,3.782597458,4.93964042
XOLO,Android,7.75,5.0,0.65,16.0,4.0,1500.0,132.0,2013,1088,3.516607233,4.608464753
XOLO,Android,12.7,8.0,1.2,16.0,4.0,2100.0,171.1,2013,974,4.028738805,5.006828056
XOLO,Android,10.29,8.0,1.0,16.0,4.0,2100.0,143.5,2013,571,3.779405481,4.869916227
XOLO,Android,10.29,5.0,0.3,16.0,4.0,2400.0,151.3,2013,824,3.543853682,4.606768907
Others,Android,12.83,16.0,8.0,32.0,4.0,9000.0,469.0,2018,621,4.938566268,5.5198997
Others,Android,12.7,13.1,2.0,16.0,4.0,2000.0,106.0,2013,707,4.041295341,5.246813524
Others,Android,12.83,12.0,13.0,64.0,4.0,3300.0,170.0,2017,857,4.621141955,5.734828843
Others,Android,12.7,8.0,2.1,32.0,4.0,2500.0,145.0,2014,662,4.226103552,5.015224746
Others,Android,10.34,8.0,2.0,32.0,4.0,2000.0,128.0,2016,854,4.064400686,4.373994463
Others,Android,12.75,13.0,5.0,16.0,4.0,3000.0,172.0,2016,1003,4.438761348,5.137855144
Others,Android,12.83,13.0,5.0,32.0,4.0,4000.0,172.0,2016,977,4.178532513,5.194511198
Others,Android,15.24,13.0,8.0,16.0,4.0,4000.0,153.0,2016,1012,4.222297927,5.188558303
Others,Android,12.75,21.0,8.0,32.0,4.0,3000.0,159.0,2015,573,5.191678256,6.039301877
Others,Android,10.34,8.0,2.0,32.0,4.0,2000.0,128.0,2015,1077,3.789177175,4.252914036
Others,Android,12.7,8.0,5.0,16.0,4.0,2230.0,143.0,2015,874,3.875773873,4.514917197
Others,Android,12.83,13.0,5.0,16.0,4.0,2500.0,154.0,2015,559,4.332179662,4.862599215
Others,Android,12.83,13.0,5.0,16.0,4.0,2500.0,155.0,2015,777,4.345232974,4.866610947
ZTE,Android,10.19,5.0,8.0,32.0,4.0,500.0,165.0,2019,383,4.798596523,6.108825271
ZTE,Android,15.24,16.0,8.0,256.0,4.0,3800.0,193.0,2018,705,4.955122584,6.03607934
ZTE,Android,15.9,14.5,8.0,128.0,4.0,3800.0,181.0,2018,466,4.515464273,6.108914194
ZTE,Android,15.21,14.5,8.0,128.0,4.0,3450.0,172.0,2018,589,5.217920429,5.993337791
ZTE,Android,15.77,14.5,20.0,128.0,4.0,4000.0,172.0,2018,444,5.01847118,6.478171643
ZTE,Android,15.24,24.0,8.0,128.0,4.0,3800.0,185.0,2018,492,5.161064773,5.990263827
ZTE,Android,12.88,14.5,8.0,64.0,4.0,3450.0,153.0,2018,662,4.778198696,5.5627564
ZTE,Android,15.27,13.0,8.0,64.0,4.0,4000.0,170.0,2018,404,4.655483,5.297066585
ZTE,Android,15.27,14.5,16.0,64.0,4.0,5000.0,190.0,2018,371,4.77119297,5.704981755
ZTE,Android,13.84,14.5,5.0,32.0,4.0,3200.0,172.0,2018,465,4.370459998,5.303006356
ZTE,Android,12.88,14.5,8.0,32.0,4.0,3100.0,140.0,2018,373,4.481419379,5.006225586
ZTE,Android,12.83,13.0,8.0,32.0,4.0,4000.0,164.0,2017,796,4.594008121,5.013830185
ZTE,Android,12.75,13.0,5.0,32.0,4.0,5000.0,160.0,2017,627,4.654150808,5.238355025
ZTE,Android,14.55,13.0,5.0,128.0,4.0,3100.0,170.0,2017,840,4.480173696,5.888822555
ZTE,Android,12.75,13.0,8.0,64.0,4.0,3200.0,155.0,2017,889,4.354912342,5.290537179
ZTE,Android,12.83,13.0,16.0,64.0,4.0,3200.0,168.0,2017,641,4.979626107,5.521220889
ZTE,Android,12.7,8.0,2.0,32.0,4.0,4000.0,152.0,2016,929,4.083957469,4.37964881
ZTE,Android,12.75,13.0,5.0,32.0,4.0,2540.0,136.0,2017,670,4.575123265,5.197723251
ZTE,Android,12.83,13.0,16.0,64.0,4.0,5000.0,180.0,2017,665,4.618086411,5.559950595
ZTE,Android,12.83,13.0,16.0,64.0,4.0,3630.0,168.0,2017,727,4.871679693,5.703815807
ZTE,Android,12.83,13.0,16.0,64.0,4.0,3000.0,164.0,2017,879,4.670208582,4.778619164
ZTE,Android,12.83,13.0,5.0,32.0,4.0,3000.0,164.0,2017,819,4.603969465,5.440554504
ZTE,Android,12.83,13.0,16.0,64.0,4.0,3200.0,173.0,2017,792,4.768223972,5.707110265
ZTE,Android,12.83,13.0,8.0,128.0,4.0,3400.0,170.0,2017,685,4.433194921,6.111866373
ZTE,Android,15.24,13.0,5.0,32.0,4.0,3100.0,180.0,2017,894,4.411828126,4.779123493
ZTE,Android,12.75,13.0,16.0,64.0,4.0,2950.0,155.0,2017,707,4.557973751,5.13066765
ZTE,Android,12.7,8.0,8.0,16.0,4.0,2400.0,130.0,2017,595,4.080752609,4.393213824
ZTE,Android,12.83,8.0,5.0,16.0,4.0,3000.0,171.0,2017,819,4.396792087,4.874739203
ZTE,Android,12.7,13.0,5.0,16.0,4.0,2800.0,141.0,2017,812,4.26112938,5.062278527
ZTE,Android,12.7,8.0,5.0,16.0,4.0,2500.0,136.0,2017,887,4.339771322,5.005153631
ZTE,Android,12.83,13.0,8.0,32.0,4.0,5000.0,189.0,2017,570,4.336767728,4.995927665
ZTE,Android,12.83,13.0,8.0,32.0,4.0,3100.0,164.0,2017,716,4.585681509,5.246023572
ZTE,Android,12.83,13.0,8.0,32.0,4.0,3140.0,185.0,2017,717,4.767289035,5.299017122
ZTE,Android,12.75,13.0,13.0,32.0,4.0,2730.0,141.0,2017,577,4.365516083,5.522859939
ZTE,Android,15.24,13.0,5.0,64.0,4.0,4100.0,196.0,2016,591,4.291417886,5.859218043
ZTE,Android,12.83,13.0,5.0,16.0,4.0,3140.0,162.0,2016,924,4.377014093,5.301611933
ZTE,Android,12.83,16.0,8.0,32.0,4.0,3000.0,160.0,2016,633,4.351180755,5.634432397
ZTE,Android,12.75,23.0,13.0,64.0,4.0,3000.0,158.0,2016,835,4.932024894,5.386740247
ZTE,Android,12.75,16.0,8.0,32.0,4.0,2705.0,153.0,2016,1075,4.791234729,5.394581637
ZTE,Android,12.83,13.0,5.0,16.0,4.0,3000.0,158.8,2016,832,4.240751047,4.707275409
ZTE,Android,15.24,13.0,5.0,32.0,4.0,3400.0,174.9,2016,877,4.2698373,4.687579322
ZTE,Android,12.83,13.0,13.0,32.0,4.0,5000.0,190.0,2016,793,4.640247713,5.433852999
ZTE,Android,15.24,16.0,8.0,64.0,4.0,4000.0,185.0,2016,609,4.773223771,5.304299438
ZTE,Android,12.83,20.0,8.0,64.0,4.0,3250.0,175.0,2016,903,4.453882072,5.487407631
ZTE,Android,12.83,16.0,8.0,64.0,4.0,3000.0,162.0,2016,1040,4.768139014,5.633109621
ZTE,Android,10.16,5.0,2.0,32.0,4.0,1400.0,110.0,2016,601,3.727619282,4.229749199
ZTE,Android,15.24,13.0,5.0,16.0,4.0,3400.0,160.0,2016,583,4.53774751,5.344246298
ZTE,Android,12.7,16.0,8.0,64.0,4.0,2800.0,138.0,2016,649,4.419563238,5.069972813
ZTE,Android,12.7,8.0,2.0,32.0,4.0,2150.0,160.0,2016,1064,4.095843438,4.494685453
ZTE,Android,12.83,13.0,5.0,16.0,4.0,3000.0,164.0,2016,800,4.137723286,5.302408984
ZTE,Android,12.7,8.0,5.0,16.0,4.0,4000.0,160.0,2016,822,4.005695481,4.852655069
ZTE,Android,12.75,13.0,5.0,16.0,4.0,2540.0,130.0,2016,918,4.377642036,4.770345584
ZTE,Android,12.75,13.0,5.0,16.0,4.0,2500.0,160.0,2016,949,4.448165437,5.023485706
ZTE,Android,12.7,13.0,5.0,16.0,4.0,2500.0,135.0,2016,917,4.003142599,4.861361591
ZTE,Android,12.83,13.0,8.0,16.0,4.0,2540.0,135.0,2016,692,4.229603628,4.950035672
ZTE,Android,12.7,13.0,8.0,16.0,4.0,2500.0,160.0,2016,747,4.236278058,4.771955004
ZTE,Android,12.75,13.0,8.0,64.0,4.0,2200.0,135.0,2016,773,4.436988193,5.524895015
ZTE,Android,12.83,8.0,2.0,16.0,4.0,3080.0,170.1,2016,752,3.943715452,4.775672166
ZTE,Android,12.7,5.0,2.0,32.0,4.0,2300.0,164.4,2016,596,3.740760076,4.691439621
ZTE,Android,12.83,13.0,5.0,16.0,4.0,3000.0,160.0,2015,786,4.342635907,5.127529046
ZTE,Android,12.83,8.0,8.0,32.0,4.0,3000.0,169.8,2015,1081,4.708809221,5.67174126
ZTE,Android,12.7,13.0,13.0,32.0,4.0,2500.0,131.0,2015,834,4.72986263,5.631068402
ZTE,Android,12.75,13.0,8.0,32.0,4.0,2800.0,140.0,2015,751,4.730568595,5.700443573
ZTE,Android,12.83,8.0,2.0,16.0,4.0,3000.0,170.1,2015,609,3.847591145,4.872675061
ZTE,Android,12.83,8.0,8.0,32.0,4.0,3000.0,149.5,2015,887,4.745627539,5.527721281
ZTE,Android,12.75,13.0,8.0,16.0,4.0,2200.0,140.0,2015,860,4.797772052,5.671362583
ZTE,Android,12.83,8.0,8.0,128.0,4.0,3000.0,168.0,2015,594,4.893726876,5.704648766
ZTE,Android,12.88,8.0,1.0,16.0,4.0,3400.0,194.8,2015,644,4.415582293,5.197280822
ZTE,Android,12.7,5.0,2.0,32.0,4.0,2200.0,149.5,2015,738,4.131640347,4.621732274
ZTE,Android,12.7,13.0,5.0,16.0,4.0,2200.0,122.0,2015,784,4.19328451,4.602667056
ZTE,Android,12.83,8.0,8.0,32.0,4.0,3000.0,172.9,2015,818,4.284275979,5.66649589
ZTE,Android,10.16,5.0,0.3,32.0,4.0,1500.0,131.0,2015,877,3.833196225,4.623402954
ZTE,Android,10.29,5.0,2.0,16.0,4.0,1800.0,137.5,2015,741,4.032646448,4.878322207
ZTE,Android,12.7,8.0,2.0,16.0,4.0,2480.0,145.0,2015,718,4.170070273,4.858183171
ZTE,Android,10.16,5.0,2.0,16.0,4.0,1650.0,149.5,2015,953,3.837945802,4.613237557
ZTE,Android,10.29,5.0,2.0,32.0,4.0,2000.0,149.0,2015,1035,3.635478677,4.704200709
ZTE,Android,10.29,5.0,0.3,32.0,4.0,2100.0,133.5,2015,1045,3.575430762,3.910622025
ZTE,Android,10.29,8.0,2.0,32.0,4.0,1800.0,166.0,2015,828,4.175156205,4.59360355
ZTE,Android,10.29,8.0,5.0,32.0,4.0,2200.0,154.0,2015,711,4.05386973,4.228146752
ZTE,Android,12.75,16.0,8.0,64.0,4.0,2900.0,192.0,2015,970,4.844659416,5.85636049
ZTE,Android,12.83,13.0,5.0,16.0,4.0,3000.0,139.3,2015,981,4.302306792,5.634539572
ZTE,Android,12.83,16.0,8.0,16.0,4.0,2900.0,165.0,2015,875,4.473237515,5.306483929
ZTE,Android,12.7,16.0,8.0,16.0,4.0,2900.0,147.0,2015,797,4.649091373,5.127529046
ZTE,Android,12.83,16.0,8.0,16.0,4.0,3100.0,149.5,2015,552,4.765416535,5.707176708
ZTE,Android,12.7,13.0,5.0,32.0,4.0,2000.0,150.0,2015,983,4.34536265,4.607267984
ZTE,Android,12.7,8.0,2.0,32.0,4.0,2000.0,149.5,2015,1041,3.950281718,4.39222446
ZTE,Android,10.29,5.0,2.0,16.0,4.0,1850.0,135.0,2015,853,3.840956557,4.625168872
ZTE,Android,10.16,2.0,0.3,16.0,4.0,1200.0,120.0,2015,734,3.183870216,4.242189689
ZTE,Android,12.7,13.0,5.0,32.0,4.0,2400.0,165.0,2015,628,4.580570069,5.347773975
ZTE,Android,12.7,13.0,5.0,16.0,4.0,2400.0,154.0,2015,793,4.381151252,5.385961876
ZTE,Android,12.7,13.0,5.0,16.0,4.0,2400.0,130.0,2014,721,4.500809171,5.797060288
ZTE,Android,10.29,5.0,2.0,32.0,4.0,2000.0,136.1,2014,913,3.864721732,4.401338946
ZTE,Android,12.83,13.0,5.0,16.0,4.0,2500.0,120.0,2014,542,4.543188394,5.204116571
ZTE,Android,12.88,8.0,1.6,16.0,4.0,3400.0,189.9,2014,573,3.896096855,5.299167006
ZTE,Android,12.7,8.0,2.0,16.0,4.0,2300.0,135.55,2014,968,4.341985585,5.192679035
ZTE,Android,12.7,8.0,5.0,32.0,4.0,2300.0,135.55,2014,593,4.078384543,5.138500665
ZTE,Android,10.29,5.0,2.0,16.0,4.0,1850.0,135.0,2014,961,3.780318514,4.789988623
ZTE,Android,10.34,13.0,5.0,16.0,4.0,2000.0,117.9,2014,741,3.929469919,5.357764825
ZTE,Android,12.83,13.0,5.0,32.0,4.0,3000.0,135.55,2014,856,4.329548428,5.517412735
ZTE,Android,12.83,13.0,5.0,32.0,4.0,3100.0,160.0,2014,918,4.500920165,5.473614308
ZTE,Android,12.7,13.0,5.0,16.0,4.0,2300.0,143.0,2014,996,4.055776969,5.188837266
ZTE,Android,12.7,5.0,0.3,16.0,4.0,2000.0,166.0,2014,882,3.900152833,4.856862321
ZTE,Android,10.16,3.15,5.0,512.0,0.25,1400.0,120.0,2014,1006,3.173878459,4.096176217
ZTE,Android,10.29,5.0,0.3,16.0,4.0,2000.0,145.0,2013,808,3.442019376,4.605770006
ZTE,Android,12.7,8.0,5.0,16.0,4.0,2300.0,130.0,2014,716,4.41255584,5.290839477
ZTE,Android,16.36,13.0,13.0,32.0,4.0,4250.0,215.0,2014,932,4.795625243,5.857847437
ZTE,Others,10.16,3.15,5.0,16.0,4.0,1400.0,125.0,2014,1007,3.764450641,4.244343779
ZTE,Android,12.83,13.0,2.0,16.0,4.0,3100.0,150.0,2014,592,4.207226719,5.522420457
ZTE,Android,12.7,13.0,5.0,16.0,4.0,2300.0,126.0,2013,567,4.169297415,5.667671588
ZTE,Android,10.34,13.0,5.0,16.0,4.0,2000.0,120.0,2013,966,4.05958057,5.436338664
ZTE,Android,12.7,8.0,1.0,16.0,4.0,2300.0,130.0,2013,916,3.75419892,5.735636376
ZTE,Android,10.29,8.0,1.0,32.0,4.0,2070.0,127.6,2013,849,3.785779279,5.019462883
ZTE,Android,10.29,5.0,0.3,16.0,4.0,2000.0,140.0,2013,632,4.308245532,5.630709864
ZTE,Android,10.16,5.0,1.0,16.0,4.0,1650.0,127.6,2013,785,3.945070859,4.695193689
ZTE,Android,10.16,5.0,0.3,16.0,4.0,2500.0,153.4,2013,682,4.352082758,5.438340144
ZTE,Android,12.7,13.0,1.0,32.0,4.0,2500.0,154.0,2013,952,4.586089298,5.598162666
ZTE,Android,10.29,8.0,0.3,16.0,4.0,2000.0,146.0,2013,939,3.617920365,4.710970605
ZTE,Android,12.7,8.0,1.3,16.0,4.0,2500.0,163.0,2013,829,4.008241863,5.29681624
ZTE,Android,10.16,5.0,0.3,16.0,4.0,1600.0,140.0,2013,885,3.674273302,5.012965909
ZTE,Android,12.88,13.0,1.0,16.0,4.0,3200.0,189.0,2013,866,4.318820559,5.829033849
ZTE,Android,10.16,3.15,1.0,16.0,4.0,1600.0,140.0,2013,782,3.745023465,4.86097452
ZTE,Android,7.75,3.15,1.0,16.0,4.0,1500.0,140.0,2013,1003,3.767459554,5.008566489
ZTE,Android,12.7,13.0,2.0,16.0,4.0,1780.0,110.0,2013,1065,4.430578675,6.063715439
Google,Android,15.32,12.2,8.0,64.0,6.0,3700.0,193.0,2019,487,4.870146421,6.358102198
Google,Android,12.88,12.2,8.0,64.0,6.0,2800.0,162.0,2019,203,5.15381169,6.181361505
Google,Android,15.24,12.2,8.0,64.0,4.0,3700.0,167.0,2019,318,4.877941646,5.692552993
Google,Android,12.85,12.2,8.0,64.0,4.0,3000.0,147.0,2019,508,4.470609693,5.537924644
Honor,Android,16.84,13.0,16.0,64.0,6.0,4300.0,203.0,2020,329,5.087164143,5.602635293
Honor,Android,15.37,13.0,8.0,128.0,4.0,3750.0,188.0,2020,195,4.842768758,5.110420295
Honor,Android,16.69,13.0,8.0,256.0,8.0,4000.0,190.0,2020,119,5.134267855,6.4521909
Honor,Android,16.69,13.0,8.0,128.0,8.0,4000.0,186.0,2020,92,4.946416722,6.205648077
Honor,Android,16.59,13.0,32.0,128.0,6.0,4000.0,185.0,2020,254,5.202191854,5.86813805
Honor,Android,15.37,13.0,16.0,128.0,8.0,4000.0,190.0,2020,276,5.201035244,5.709565719
Honor,Android,16.74,13.0,16.0,64.0,4.0,4000.0,196.8,2019,201,4.837709459,4.989275455
Honor,Android,16.74,13.0,16.0,128.0,8.0,4000.0,202.0,2019,470,4.770515119,5.537531098
Honor,Android,15.9,13.0,32.0,128.0,8.0,4000.0,182.0,2019,281,5.125272647,5.752159855
Honor,Android,15.9,13.0,32.0,128.0,6.0,3750.0,174.0,2019,239,5.101085197,5.416589172
Honor,Android,15.77,13.0,32.0,128.0,4.0,3400.0,164.0,2019,182,3.847804433,4.925077406
Huawei,Android,16.69,10.5,16.0,128.0,8.0,4000.0,178.0,2020,221,4.856473503,6.152456061
Huawei,Android,16.59,10.5,32.0,128.0,8.0,4000.0,180.0,2020,100,5.384403315,5.956433047
Huawei,Android,16.71,10.5,16.0,128.0,8.0,4200.0,209.0,2020,219,5.452410902,6.59439978
Huawei,Android,15.27,10.5,32.0,128.0,6.0,3800.0,175.0,2020,151,5.411779971,6.108447263
Huawei,Android,15.34,10.5,16.0,128.0,6.0,4200.0,183.0,2020,325,4.924423597,5.165357239
Huawei,Android,20.32,10.5,16.0,512.0,8.0,4500.0,300.0,2020,248,6.500448476,7.847840659
Huawei,Android,15.62,10.5,32.0,256.0,6.0,3340.0,152.9,2020,285,5.12116244,5.263363537
Huawei,Android,15.47,13.0,8.0,32.0,3.0,3020.0,150.0,2020,297,4.376637137,4.519503359
Huawei,Android,16.69,13.0,16.0,128.0,8.0,4100.0,197.0,2019,369,4.812915795,5.723552422
Huawei,Android,16.74,13.0,16.0,128.0,6.0,4000.0,206.0,2019,365,4.944210551,5.235803461
Huawei,Android,16.59,13.0,16.0,128.0,8.0,4500.0,198.0,2019,306,4.981412435,6.600196977
Huawei,Android,16.59,13.0,16.0,128.0,8.0,4500.0,198.0,2019,350,5.59849603,6.821271036
Huawei,Android,15.9,13.0,32.0,128.0,6.0,3750.0,174.0,2019,489,4.974800841,5.313944622
Huawei,Android,16.74,13.0,16.0,64.0,4.0,4000.0,196.8,2019,397,4.584661309,4.901266757
Huawei,Android,17.83,13.0,24.0,256.0,8.0,4200.0,233.0,2019,279,5.15698419,6.191851111
Huawei,Android,14.5,13.0,5.0,16.0,2.0,3020.0,146.0,2019,382,3.997099178,4.29374172
Lenovo,Android,15.32,8.0,16.0,64.0,4.0,4050.0,164.0,2019,511,4.733739287,5.249127122
Lenovo,Android,16.23,8.0,32.0,128.0,6.0,4000.0,185.0,2019,505,5.268528038,5.924041871
LG,Android,15.44,5.0,16.0,128.0,6.0,4300.0,180.0,2020,310,5.169517619,6.483841027
LG,Android,15.34,8.0,32.0,128.0,6.0,4000.0,192.0,2019,457,5.041940144,6.58271742
LG,Android,15.77,8.0,13.0,64.0,6.0,3550.0,181.0,2019,255,4.455044727,5.715183897
Meizu,Android,15.39,,20.0,128.0,8.0,4500.0,219.0,2020,261,4.822134686,6.397079644
Motorola,Android,15.34,,8.0,32.0,3.0,4000.0,189.4,2020,349,4.349245145,5.135739612
Motorola,Android,15.29,,5.0,32.0,2.0,3550.0,185.0,2020,174,4.511189123,4.84803793
Motorola,Android,15.37,,8.0,64.0,4.0,5000.0,200.0,2020,352,4.454579827,4.80729437
Motorola,Android,15.27,,5.0,32.0,2.0,3000.0,160.0,2020,208,4.201403635,4.410614092
Motorola,Android,15.34,,16.0,128.0,4.0,4000.0,192.0,2020,186,4.670489652,5.110480629
Motorola,Android,15.34,,16.0,64.0,4.0,5000.0,199.0,2020,97,4.652530757,5.358894928
Motorola,Android,15.34,,16.0,64.0,4.0,5000.0,197.0,2020,202,4.718498871,4.996874379
Motorola,Android,15.37,13.0,16.0,128.0,4.0,4000.0,210.0,2019,506,4.964242255,5.537924644
Motorola,Android,15.29,13.0,8.0,32.0,2.0,4000.0,183.6,2019,415,4.317754745,4.742668699
Motorola,Android,12.83,13.0,5.0,32.0,2.0,3000.0,140.0,2019,280,4.021773869,4.442533603
Motorola,Android,15.32,13.0,25.0,64.0,4.0,4000.0,188.0,2019,205,4.824305716,5.135327738
Motorola,Android,15.29,13.0,8.0,64.0,4.0,4000.0,186.0,2019,292,4.426641427,4.779039456
Motorola,Android,15.27,13.0,8.0,32.0,2.0,3000.0,149.7,2019,342,4.230622181,4.528828953
Motorola,Android,16.23,13.0,25.0,128.0,4.0,4000.0,190.0,2019,431,5.245812813,5.681025488
Motorola,Android,15.32,13.0,12.0,128.0,4.0,3500.0,176.0,2019,491,4.762430312,5.047545648
Motorola,Android,12.83,13.0,5.0,16.0,2.0,3000.0,159.0,2019,379,2.834389123,3.931629535
Motorola,Android,15.34,48.0,25.0,128.0,4.0,3600.0,165.0,2019,371,5.325932534,5.541224329
Motorola,Android,15.32,13.0,25.0,128.0,4.0,3500.0,180.0,2019,320,4.904978438,5.110480629
Nokia,Android,14.5,8.0,5.0,16.0,1.0,3000.0,155.0,2020,139,3.956422593,4.011506284
Nokia,Android,15.29,13.0,5.0,32.0,2.0,4000.0,183.0,2019,259,4.346140356,4.438288814
Nokia,Android,15.32,5.0,20.0,64.0,4.0,3500.0,180.0,2019,434,4.725350346,5.127291769
Nokia,Android,15.32,5.0,8.0,32.0,3.0,3500.0,180.0,2019,249,4.104459896,4.950106501
Nokia,Others,5.28,2.0,0.0,0.06,0.03,1500.0,118.0,2019,339,3.417070731,4.085303818
Nokia,Android,14.5,13.0,5.0,16.0,2.0,3000.0,153.0,2019,390,3.174296781,4.085808231
OnePlus,Android,16.94,,16.0,256.0,8.0,4085.0,206.0,2019,341,5.533073233,6.312841275
OnePlus,Android,16.64,,16.0,128.0,8.0,3800.0,190.0,2019,381,5.13732668,5.946702509
Oppo,Android,15.37,,32.0,256.0,12.0,4025.0,171.0,2020,227,5.44772826,6.232742669
Oppo,Android,15.34,,32.0,128.0,8.0,4025.0,180.0,2020,306,4.998090267,5.826442487
Oppo,Android,15.42,,32.0,256.0,12.0,4260.0,217.0,2020,193,5.742009104,6.840535834
Oppo,Android,15.42,,32.0,128.0,8.0,4200.0,209.0,2020,91,5.112770614,6.714765013
Oppo,Android,15.37,8.0,32.0,128.0,8.0,4025.0,171.0,2019,455,5.179533831,6.374172668
Oppo,Android,15.37,8.0,16.0,128.0,8.0,4000.0,200.0,2019,447,4.780718858,6.247268881
Oppo,Android,15.37,8.0,8.0,64.0,3.0,5000.0,195.0,2019,508,4.49088104,4.841190475
Oppo,Android,15.37,8.0,16.0,128.0,4.0,5000.0,195.0,2019,459,4.622027303,5.03037256
Oppo,Android,15.37,8.0,16.0,128.0,8.0,4000.0,189.0,2019,414,4.958078043,6.08221891
Oppo,Android,16.59,8.0,16.0,128.0,8.0,4000.0,195.0,2019,215,5.027623507,5.43219245
Realme,Android,16.36,,8.0,128.0,6.0,4200.0,209.0,2020,148,4.755312844,5.979493175
Realme,Android,16.69,,8.0,128.0,6.0,4200.0,194.0,2020,232,4.822858887,5.458265494
Realme,Android,15.37,,16.0,64.0,3.0,5000.0,199.0,2020,320,4.664099254,4.93820796
Realme,Android,15.39,,8.0,64.0,6.0,4300.0,202.0,2020,347,4.418599615,5.354933967
Realme,Android,16.36,,8.0,128.0,6.0,4200.0,205.0,2020,257,5.251225759,6.175326583
Realme,Android,15.37,,5.0,32.0,2.0,5000.0,195.0,2020,357,4.189503215,4.665324109
Realme,Android,16.69,,8.0,64.0,6.0,4200.0,202.0,2020,201,4.694370831,5.318070973
Realme,Android,16.56,,8.0,32.0,3.0,5000.0,195.0,2020,278,4.489871562,4.779039456
Realme,Android,15.37,,13.0,64.0,4.0,5000.0,198.0,2019,299,4.700843936,4.967379785
Realme,Android,15.37,,16.0,64.0,6.0,4000.0,199.0,2019,475,5.069155743,5.901047377
Realme,Android,15.34,,16.0,64.0,4.0,4000.0,183.0,2019,264,4.624482497,5.159974417
Realme,Android,15.32,,16.0,64.0,4.0,4035.0,184.0,2019,538,4.515573652,5.074423534
Realme,Android,15.32,,25.0,64.0,4.0,4045.0,172.0,2019,277,4.882195678,4.966753066
Sony,Android,15.37,,8.0,256.0,8.0,4000.0,181.4,2020,236,5.483426701,6.839637025
Sony,Android,15.24,,8.0,128.0,4.0,3600.0,151.0,2020,349,4.937132267,5.602672173
Sony,Android,15.27,,8.0,128.0,6.0,3140.0,164.0,2019,348,5.124380559,5.973020497
Others,Android,16.43,2.0,24.0,128.0,6.0,4500.0,177.0,2020,121,5.142890873,5.828916205
Others,Android,16.59,2.0,16.0,64.0,6.0,4000.0,180.0,2020,113,4.56100929,5.135739612
Others,Android,15.32,2.0,16.0,128.0,4.0,5500.0,290.0,2020,306,4.745106026,5.507321425
Others,Android,15.32,8.0,16.0,128.0,8.0,5500.0,290.0,2019,211,5.169062531,5.777621363
Vivo,Android,16.66,,32.0,128.0,8.0,4315.0,181.5,2020,165,5.305590851,6.30183112
Vivo,Android,16.59,,16.0,128.0,8.0,4500.0,190.0,2020,197,4.81283455,5.507280854
Vivo,Android,16.69,,16.0,128.0,6.0,4500.0,195.0,2020,352,5.147087417,5.680957284
Vivo,Android,16.59,,16.0,128.0,8.0,5000.0,197.0,2020,108,5.061074891,5.358847866
Vivo,Android,16.69,,16.0,128.0,6.0,5000.0,201.0,2020,135,4.938279632,5.532875523
Vivo,Android,16.36,,16.0,128.0,6.0,4400.0,214.5,2020,154,4.791815714,6.191666951
Vivo,Android,16.36,13.0,32.0,128.0,8.0,4350.0,198.5,2019,489,5.217649463,6.091287257
Vivo,Android,16.36,13.0,32.0,128.0,8.0,4500.0,176.0,2019,393,5.264243386,5.633538821
Vivo,Android,16.21,13.0,32.0,128.0,8.0,4500.0,186.7,2019,351,4.002412005,5.034221604
Vivo,Android,16.59,13.0,16.0,128.0,4.0,5000.0,193.0,2019,301,4.749962931,5.43590303
Vivo,Android,16.36,13.0,16.0,128.0,8.0,4100.0,201.8,2019,486,4.760206188,5.828710296
Vivo,Android,16.59,13.0,32.0,64.0,4.0,5000.0,201.0,2019,289,5.079788153,5.130785895
Vivo,Android,16.13,13.0,8.0,32.0,3.0,5000.0,190.5,2019,321,4.522223265,5.354933967
Xiaomi,Android,16.59,,8.0,32.0,3.0,5020.0,198.0,2020,340,4.475061501,4.705015521
Xiaomi,Android,16.59,,13.0,128.0,4.0,5020.0,199.0,2020,354,4.94406805,5.135739612
Xiaomi,Android,16.94,,16.0,128.0,6.0,4700.0,219.0,2020,128,4.774153178,5.882486385
Xiaomi,Android,16.94,,16.0,64.0,6.0,5020.0,209.0,2020,284,4.870453263,5.262431088
Xiaomi,Android,16.59,,13.0,64.0,3.0,5020.0,199.0,2020,208,4.497028027,4.912654886
Xiaomi,Android,16.43,,16.0,64.0,6.0,5260.0,204.0,2020,200,4.781138269,5.42093315
Xiaomi,Android,16.69,,16.0,64.0,6.0,4160.0,192.0,2020,156,5.063164491,5.692519282
Xiaomi,Android,16.69,,16.0,64.0,6.0,4160.0,192.0,2020,351,4.829992328,5.50809195
Xiaomi,Android,16.94,,16.0,128.0,8.0,4700.0,218.0,2020,194,5.500523247,6.250920741
Xiaomi,Android,16.94,,16.0,128.0,6.0,4700.0,218.0,2020,306,5.136151316,6.023665487
Xiaomi,Android,16.94,,16.0,64.0,4.0,5020.0,209.0,2020,96,4.686934488,5.059234964
Xiaomi,Android,17.81,,20.0,256.0,8.0,5000.0,253.0,2020,361,5.223917044,6.509499124
Xiaomi,Android,16.94,,20.0,128.0,8.0,4720.0,222.0,2020,164,5.119190701,6.215907254
Xiaomi,Android,16.94,,20.0,256.0,8.0,4500.0,208.0,2020,112,5.341328962,6.570868957
Xiaomi,Android,16.94,,20.0,128.0,8.0,4780.0,208.0,2020,321,4.865609522,6.158228205
Xiaomi,Android,16.94,12.0,20.0,64.0,6.0,4500.0,208.0,2019,421,4.81818259,5.346821776
Xiaomi,Android,16.94,12.0,20.0,64.0,6.0,4500.0,208.0,2019,221,4.903569622,5.507321425
Xiaomi,Android,15.32,12.0,13.0,32.0,3.0,4000.0,200.0,2019,444,4.609162207,4.779039456
Xiaomi,Android,16.43,12.0,32.0,256.0,8.0,5260.0,208.0,2019,355,5.529190964,6.327132889
Xiaomi,Android,16.43,12.0,32.0,128.0,6.0,5260.0,208.0,2019,391,5.224832277,5.636538074
Xiaomi,Android,16.43,12.0,32.0,128.0,6.0,5260.0,208.0,2019,207,4.919615896,5.968681984
Xiaomi,Android,15.8,12.0,8.0,32.0,3.0,5000.0,188.0,2019,506,4.30528057,4.543081994
Xiaomi,Android,15.8,12.0,8.0,32.0,2.0,5000.0,188.0,2019,514,4.406475315,4.481985085
Xiaomi,Android,16.23,12.0,20.0,128.0,8.0,4000.0,196.0,2019,391,5.176996831,6.20048889
Xiaomi,Android,16.23,12.0,32.0,64.0,6.0,4030.0,179.0,2019,215,4.80557721,5.472228656
Xiaomi,Android,16.59,12.0,20.0,64.0,6.0,4500.0,200.0,2019,215,4.891175854,5.007898218
Xiaomi,Android,16.23,12.0,20.0,128.0,8.0,4000.0,205.0,2019,492,5.241905733,5.924255797
Xiaomi,Android,15.47,12.0,32.0,64.0,4.0,4030.0,173.8,2019,489,4.924496264,5.001661819
Xiaomi,Android,13.84,13.0,5.0,16.0,2.0,4000.0,165.0,2019,202,4.049870072,4.261975404
Xiaomi,Android,15.32,12.0,13.0,32.0,3.0,4000.0,190.0,2019,356,4.626050664,4.84803793
Xiaomi,Android,16.23,12.0,16.0,64.0,6.0,4000.0,191.0,2019,329,5.117993812,6.212145068
Xiaomi,Android,16.23,12.0,16.0,64.0,6.0,4000.0,191.0,2019,443,4.946914217,5.472228656
Xiaomi,Android,15.21,12.0,5.0,32.0,3.0,4000.0,180.0,2018,478,4.435567402,4.790487252
ZTE,Android,16.43,,20.0,128.0,6.0,4000.0,168.0,2020,217,5.371242497,6.232742669
ZTE,Android,16.89,,8.0,128.0,8.0,4500.0,218.0,2020,133,5.103882742,6.198783548
Google,Android,15.32,12.2,8.0,64.0,6.0,3700.0,193.0,2019,429,4.600559573,6.358102198
Google,Android,12.88,12.2,8.0,64.0,6.0,2800.0,162.0,2019,464,5.037342137,6.181361505
Google,Android,15.24,12.2,8.0,64.0,4.0,3700.0,167.0,2019,397,4.777778051,5.692552993
Google,Android,12.85,12.2,8.0,64.0,4.0,3000.0,147.0,2019,186,4.745106026,5.537924644
Honor,Android,16.84,13.0,16.0,64.0,6.0,4300.0,203.0,2020,195,4.714114273,5.602635293
Honor,Android,15.37,13.0,8.0,128.0,4.0,3750.0,188.0,2020,179,4.5582882,5.110420295
Honor,Android,16.69,13.0,8.0,256.0,8.0,4000.0,190.0,2020,266,5.557214088,6.4521909
Honor,Android,16.69,13.0,8.0,128.0,8.0,4000.0,186.0,2020,256,5.24528572,6.205648077
Honor,Android,16.59,13.0,32.0,128.0,6.0,4000.0,185.0,2020,275,5.381094793,5.86813805
Honor,Android,15.37,13.0,16.0,128.0,8.0,4000.0,190.0,2020,286,5.122176669,5.709565719
Honor,Android,16.74,13.0,16.0,64.0,4.0,4000.0,196.8,2019,231,4.752986561,4.989275455
Honor,Android,16.74,13.0,16.0,128.0,8.0,4000.0,202.0,2019,460,5.030503279,5.537531098
Honor,Android,15.9,13.0,32.0,128.0,8.0,4000.0,182.0,2019,431,5.334167019,5.752159855
Honor,Android,15.9,13.0,32.0,128.0,6.0,3750.0,174.0,2019,265,5.109756385,5.416589172
Honor,Android,15.77,13.0,32.0,128.0,4.0,3400.0,164.0,2019,355,3.902982261,4.925077406
Huawei,Android,16.69,10.5,16.0,128.0,8.0,4000.0,178.0,2020,203,4.821732126,6.152456061
Huawei,Android,16.59,10.5,32.0,128.0,8.0,4000.0,180.0,2020,256,5.197446756,5.956433047
Huawei,Android,16.71,10.5,16.0,128.0,8.0,4200.0,209.0,2020,162,5.482844822,6.59439978
Huawei,Android,15.27,10.5,32.0,128.0,6.0,3800.0,175.0,2020,295,5.07704706,6.108447263
Huawei,Android,15.34,10.5,16.0,128.0,6.0,4200.0,183.0,2020,212,4.69015451,5.165357239
Huawei,Android,20.32,10.5,16.0,512.0,8.0,4500.0,300.0,2020,129,5.959251225,7.847840659
Huawei,Android,15.62,10.5,32.0,256.0,6.0,3340.0,152.9,2020,237,5.062468443,5.263363537
Huawei,Android,15.47,13.0,8.0,32.0,3.0,3020.0,150.0,2020,326,4.255470856,4.519503359
Huawei,Android,16.69,13.0,16.0,128.0,8.0,4100.0,197.0,2019,257,4.965149664,5.723552422
Huawei,Android,16.74,13.0,16.0,128.0,6.0,4000.0,206.0,2019,338,5.019661105,5.235803461
Huawei,Android,16.59,13.0,16.0,128.0,8.0,4500.0,198.0,2019,283,5.327536305,6.600196977
Huawei,Android,16.59,13.0,16.0,128.0,8.0,4500.0,198.0,2019,360,5.036952602,6.821271036
Huawei,Android,15.9,13.0,32.0,128.0,6.0,3750.0,174.0,2019,211,4.919761924,5.313944622
Huawei,Android,16.74,13.0,16.0,64.0,4.0,4000.0,196.8,2019,263,4.765757251,4.901266757
Huawei,Android,17.83,13.0,24.0,256.0,8.0,4200.0,233.0,2019,351,5.299366816,6.191851111
Huawei,Android,14.5,13.0,5.0,16.0,2.0,3020.0,146.0,2019,308,4.240607069,4.29374172
Lenovo,Android,15.32,8.0,16.0,64.0,4.0,4050.0,164.0,2019,231,4.708628894,5.249127122
Lenovo,Android,16.23,8.0,32.0,128.0,6.0,4000.0,185.0,2019,446,5.298817242,5.924041871
LG,Android,15.44,5.0,16.0,128.0,6.0,4300.0,180.0,2020,194,4.913242948,6.483841027
LG,Android,15.34,8.0,32.0,128.0,6.0,4000.0,192.0,2019,193,5.524177225,6.58271742
LG,Android,15.77,8.0,13.0,64.0,6.0,3550.0,181.0,2019,249,4.602667056,5.715183897
Meizu,Android,15.39,,20.0,128.0,8.0,4500.0,219.0,2020,139,5.569260115,6.397079644
Motorola,Android,15.34,,8.0,32.0,3.0,4000.0,189.4,2020,101,4.579031528,5.135739612
Motorola,Android,15.29,,5.0,32.0,2.0,3550.0,185.0,2020,230,4.290185431,4.84803793
Motorola,Android,15.37,,8.0,64.0,4.0,5000.0,200.0,2020,277,4.464527856,4.80729437
Motorola,Android,15.27,,5.0,32.0,2.0,3000.0,160.0,2020,249,4.149779269,4.410614092
Motorola,Android,15.34,,16.0,128.0,4.0,4000.0,192.0,2020,176,4.876494192,5.110480629
Motorola,Android,15.34,,16.0,64.0,4.0,5000.0,199.0,2020,156,4.650717001,5.358894928
Motorola,Android,15.34,,16.0,64.0,4.0,5000.0,197.0,2020,364,4.743278588,4.996874379
Motorola,Android,15.37,13.0,16.0,128.0,4.0,4000.0,210.0,2019,266,4.799090879,5.537924644
Motorola,Android,15.29,13.0,8.0,32.0,2.0,4000.0,183.6,2019,407,4.465563232,4.742668699
Motorola,Android,12.83,13.0,5.0,32.0,2.0,3000.0,140.0,2019,435,4.275137173,4.442533603
Motorola,Android,15.32,13.0,25.0,64.0,4.0,4000.0,188.0,2019,216,4.948334268,5.135327738
Motorola,Android,15.29,13.0,8.0,64.0,4.0,4000.0,186.0,2019,228,4.598346961,4.779039456
Motorola,Android,15.27,13.0,8.0,32.0,2.0,3000.0,149.7,2019,194,4.21980178,4.528828953
Motorola,Android,16.23,13.0,25.0,128.0,4.0,4000.0,190.0,2019,348,4.835329072,5.681025488
Motorola,Android,15.32,13.0,12.0,128.0,4.0,3500.0,176.0,2019,481,4.789489745,5.047545648
Motorola,Android,12.83,13.0,5.0,16.0,2.0,3000.0,159.0,2019,371,3.037353948,3.931629535
Motorola,Android,15.34,48.0,25.0,128.0,4.0,3600.0,165.0,2019,422,5.331026541,5.541224329
Motorola,Android,15.32,13.0,25.0,128.0,4.0,3500.0,180.0,2019,200,4.77474417,5.110480629
Nokia,Android,14.5,8.0,5.0,16.0,1.0,3000.0,155.0,2020,196,3.879086505,4.011506284
Nokia,Android,15.29,13.0,5.0,32.0,2.0,4000.0,183.0,2019,520,4.145671189,4.438288814
Nokia,Android,15.32,5.0,20.0,64.0,4.0,3500.0,180.0,2019,459,4.789406575,5.127291769
Nokia,Android,15.32,5.0,8.0,32.0,3.0,3500.0,180.0,2019,417,4.145354483,4.950106501
Nokia,Others,5.28,2.0,0.0,0.1,0.03,1500.0,118.0,2019,295,3.444576105,4.085303818
Nokia,Android,14.5,13.0,5.0,16.0,2.0,3000.0,153.0,2019,235,4.022311359,4.085808231
OnePlus,Android,16.94,,16.0,256.0,8.0,4085.0,206.0,2019,367,5.415344561,6.312841275
OnePlus,Android,16.64,,16.0,128.0,8.0,3800.0,190.0,2019,476,4.947127353,5.946702509
Oppo,Android,15.37,,32.0,256.0,12.0,4025.0,171.0,2020,348,5.630315323,6.232742669
Oppo,Android,15.34,,32.0,128.0,8.0,4025.0,180.0,2020,326,5.364292355,5.826442487
Oppo,Android,15.42,,32.0,256.0,12.0,4260.0,217.0,2020,159,5.505981731,6.840535834
Oppo,Android,15.42,,32.0,128.0,8.0,4200.0,209.0,2020,261,5.792037522,6.714765013
Oppo,Android,15.37,8.0,32.0,128.0,8.0,4025.0,171.0,2019,225,5.613930704,6.374172668
Oppo,Android,15.37,8.0,16.0,128.0,8.0,4000.0,200.0,2019,462,5.334359958,6.247268881
Oppo,Android,15.37,8.0,8.0,64.0,3.0,5000.0,195.0,2019,368,4.54361388,4.841190475
Oppo,Android,15.37,8.0,16.0,128.0,4.0,5000.0,195.0,2019,481,4.638024523,5.03037256
Oppo,Android,15.37,8.0,16.0,128.0,8.0,4000.0,189.0,2019,238,5.091047164,6.08221891
Oppo,Android,16.59,8.0,16.0,128.0,8.0,4000.0,195.0,2019,297,4.655958353,5.43219245
Realme,Android,16.36,,8.0,128.0,6.0,4200.0,209.0,2020,219,4.657667755,5.979493175
Realme,Android,16.69,,8.0,128.0,6.0,4200.0,194.0,2020,258,5.031287234,5.458265494
Realme,Android,15.37,,16.0,64.0,3.0,5000.0,199.0,2020,206,4.633174382,4.93820796
Realme,Android,15.39,,8.0,64.0,6.0,4300.0,202.0,2020,231,4.800819203,5.354933967
Realme,Android,16.36,,8.0,128.0,6.0,4200.0,205.0,2020,141,5.259992252,6.175326583
Realme,Android,15.37,,5.0,32.0,2.0,5000.0,195.0,2020,279,4.465218226,4.665324109
Realme,Android,16.69,,8.0,64.0,6.0,4200.0,202.0,2020,282,4.912801934,5.318070973
Realme,Android,16.56,,8.0,32.0,3.0,5000.0,195.0,2020,113,4.377265318,4.779039456
Realme,Android,15.37,,13.0,64.0,4.0,5000.0,198.0,2019,293,4.487737089,4.967379785
Realme,Android,15.37,,16.0,64.0,6.0,4000.0,199.0,2019,181,4.895598484,5.901047377
Realme,Android,15.34,,16.0,64.0,4.0,4000.0,183.0,2019,503,4.570475216,5.159974417
Realme,Android,15.32,,16.0,64.0,4.0,4035.0,184.0,2019,433,4.521027418,5.074423534
Realme,Android,15.32,,25.0,64.0,4.0,4045.0,172.0,2019,288,4.778198696,4.966753066
Samsung,Android,15.37,8.0,13.0,32.0,3.0,5000.0,192.0,2020,222,4.653674595,5.159285158
Samsung,Android,15.42,8.0,32.0,128.0,6.0,4500.0,185.0,2020,98,5.214120208,5.999531918
Samsung,Android,15.34,8.0,8.0,32.0,3.0,5000.0,197.0,2020,360,4.302712828,4.995724681
Samsung,Android,15.34,8.0,20.0,64.0,4.0,5000.0,185.0,2020,210,4.780299272,5.198718001
Samsung,Android,15.34,8.0,8.0,32.0,2.0,4000.0,177.0,2020,352,4.186467851,4.880526609
Samsung,Android,15.34,8.0,32.0,64.0,6.0,6000.0,191.0,2020,190,4.754968551,5.275151089
Samsung,Android,15.47,8.0,13.0,128.0,12.0,5000.0,222.0,2020,197,5.623042302,6.792119935
Samsung,Android,15.47,8.0,13.0,128.0,12.0,5000.0,220.0,2020,176,5.594265183,6.960774583
Samsung,Android,15.42,8.0,13.0,128.0,12.0,4500.0,188.0,2020,190,5.470967304,6.566109684
Samsung,Android,15.42,8.0,13.0,128.0,8.0,4500.0,186.0,2020,204,4.606669062,6.4903441
Samsung,Android,15.29,8.0,13.0,128.0,12.0,4000.0,163.0,2020,124,5.486165291,6.522078092
Samsung,Android,15.29,8.0,13.0,128.0,8.0,4000.0,163.0,2020,148,5.216022124,6.40272947
Samsung,Android,15.42,8.0,10.0,256.0,8.0,3300.0,183.0,2020,355,5.47109351,6.822197391
Samsung,Android,15.32,8.0,13.0,64.0,4.0,4050.0,218.0,2020,249,4.989411658,6.050087166
Samsung,Android,15.42,8.0,32.0,128.0,6.0,4500.0,199.0,2020,326,5.369800468,6.011267174
Samsung,Android,15.42,8.0,32.0,128.0,6.0,4500.0,186.0,2020,213,5.199546204,5.946624073
Samsung,Android,12.88,12.0,5.0,16.0,2.0,3000.0,149.0,2019,332,4.153399325,4.442533603
Samsung,Android,15.42,12.0,32.0,128.0,6.0,4500.0,179.0,2019,202,5.302010538,5.633538821
Samsung,Android,15.37,12.0,32.0,64.0,4.0,4000.0,172.0,2019,382,5.069218618,5.40578067
Samsung,Android,15.37,12.0,8.0,32.0,3.0,4000.0,183.0,2019,461,4.433551152,5.002199815
Samsung,Android,15.34,12.0,16.0,64.0,4.0,6000.0,188.0,2019,455,4.781641329,5.109937495
Samsung,Android,15.34,12.0,8.0,32.0,3.0,4000.0,169.0,2019,532,4.414009681,5.135739612
Samsung,Android,17.86,12.0,9.0,512.0,12.0,4235.0,263.0,2019,434,5.573749717,7.333016478
Samsung,Android,15.42,12.0,32.0,128.0,6.0,4500.0,206.0,2019,254,5.572306112,6.742373432
Samsung,Android,15.34,12.0,16.0,32.0,3.0,4000.0,169.0,2019,369,4.76037745,5.04915063
Samsung,Android,15.34,12.0,32.0,64.0,4.0,4000.0,169.0,2019,315,5.137091718,5.443239883
Samsung,Android,15.44,12.0,10.0,256.0,12.0,4300.0,196.0,2019,489,5.200153118,6.509499124
Samsung,Android,15.32,12.0,10.0,256.0,8.0,3500.0,168.0,2019,429,5.205050099,6.250940028
Samsung,Android,15.29,12.0,8.0,32.0,2.0,4000.0,168.0,2019,497,4.243626265,4.624874769
Samsung,Android,14.81,8.0,5.0,32.0,2.0,3000.0,141.0,2019,383,4.191320021,4.309187088
Apple,iOS,10.34,12.0,7.0,64.0,3.0,1821.0,148.0,2020,235,5.011901159,5.87535199
Apple,iOS,15.37,8.0,7.0,64.0,4.0,3969.0,226.0,2019,298,5.34046648,6.734175402
Apple,iOS,12.9,8.0,7.0,64.0,4.0,3046.0,188.0,2019,351,5.440164091,6.713745682
Apple,iOS,15.27,8.0,7.0,64.0,4.0,3110.0,194.0,2019,208,5.100902476,6.287932907
Asus,Android,16.74,,24.0,128.0,8.0,6000.0,240.0,2019,325,5.71531571,7.059316896
Asus,Android,15.34,,8.0,64.0,6.0,5000.0,190.0,2019,232,4.492337378,6.483871585
Asus,Android,15.24,13.0,8.0,128.0,8.0,4000.0,200.0,2018,541,5.03773152,6.251537728
Alcatel,Android,15.8,13.0,5.0,32.0,3.0,4000.0,165.0,2020,201,4.357349647,4.528828953
Alcatel,Android,15.8,13.0,5.0,32.0,2.0,4000.0,160.0,2020,149,4.349761674,4.624188192
Alcatel,Android,12.83,13.0,5.0,16.0,2.0,4000.0,168.0,2020,176,4.132121927,4.279993909
Apple,iOS,16.82,48.0,12.0,256.0,6.0,4465.0,206.0,2023,417,6.286880589724048,6.856672488752821
Apple,iOS,17.13,48.0,12.0,512.0,6.0,4381.0,195.0,2023,716,6.723693422345185,6.959018572919678
Apple,iOS,16.87,48.0,12.0,256.0,6.0,4374.0,234.0,2022,747,6.760524733867589,7.047691119279654
Apple,iOS,16.99,48.0,12.0,128.0,6.0,4362.0,196.0,2023,583,6.599578174962969,6.80128303447162
Apple,iOS,17.08,48.0,12.0,512.0,6.0,4441.0,203.0,2023,207,6.676815651783935,6.959018572919678
Apple,iOS,15.66,48.0,12.0,256.0,6.0,3292.0,166.0,2023,872,6.481424677236447,6.74547161592469
Apple,iOS,15.58,12.0,12.0,512.0,6.0,2724.0,192.0,2020,449,6.798594195438405,7.049775539002566
Apple,iOS,15.53,48.0,12.0,256.0,8.0,3286.0,188.0,2023,732,6.72094119814674,6.956735901203759
Apple,iOS,13.67,12.0,12.0,512.0,4.0,2437.0,144.0,2021,46,6.244365552463752,6.74829050433111
Apple,iOS,17.16,12.0,12.0,256.0,6.0,4294.0,211.0,2022,529,6.426014205713031,6.856672488752821
Apple,iOS,15.61,48.0,12.0,128.0,6.0,3217.0,209.0,2022,697,6.654746709928148,6.906754778648554
Apple,iOS,14.56,12.0,12.0,256.0,4.0,3140.0,186.0,2019,415,6.502288169274337,6.9808198498391425
Apple,iOS,13.74,12.0,12.0,256.0,4.0,2242.0,139.0,2020,281,6.277318058305992,6.653894755005867
Apple,iOS,15.44,48.0,12.0,256.0,6.0,3399.0,167.0,2023,389,6.377492861267238,6.74547161592469
Apple,iOS,15.56,48.0,12.0,512.0,6.0,3297.0,171.0,2023,437,6.581289052787384,6.85919508836676
Apple,iOS,15.28,12.0,12.0,128.0,6.0,3232.0,171.0,2022,367,6.145227115161186,6.683360945766275
Apple,iOS,15.69,12.0,12.0,128.0,4.0,2858.0,158.0,2020,867,6.344978903760053,6.7148984202727995
Apple,iOS,16.97,48.0,12.0,128.0,6.0,4280.0,199.0,2023,656,6.357659258100744,6.80128303447162
Apple,iOS,15.28,12.0,12.0,512.0,6.0,3326.0,173.0,2022,214,6.46386065611564,6.85919508836676
Apple,iOS,16.98,48.0,12.0,256.0,6.0,4408.0,201.0,2023,658,6.69258587969337,6.856672488752821
Apple,iOS,13.77,12.0,12.0,256.0,4.0,2251.0,143.0,2020,397,6.414910926101647,6.653894755005867
Apple,iOS,15.29,12.0,12.0,64.0,4.0,2744.0,158.0,2020,545,6.307995262019649,6.683360945766275
Apple,iOS,15.62,48.0,12.0,256.0,6.0,3038.0,199.0,2022,59,6.658324449139121,6.956735901203759
Apple,iOS,17.06,12.0,12.0,512.0,6.0,4370.0,197.0,2022,462,6.361711110465291,6.959018572919678
Apple,iOS,15.52,12.0,12.0,512.0,6.0,3027.0,203.0,2021,487,6.831742006101855,7.049775539002566
Apple,iOS,15.76,12.0,12.0,128.0,6.0,2630.0,186.0,2020,516,6.567068551812787,6.906754778648554
Apple,iOS,16.91,48.0,12.0,128.0,6.0,4328.0,193.0,2023,132,6.357441497233781,6.80128303447162
Apple,iOS,17.08,12.0,12.0,256.0,6.0,4444.0,234.0,2021,753,6.819692755934885,7.047691119279654
Apple,iOS,16.83,12.0,12.0,512.0,6.0,4252.0,205.0,2022,260,6.5766070959244844,6.959018572919678
Apple,iOS,17.06,48.0,12.0,256.0,8.0,4595.0,221.0,2023,806,6.751522680518261,7.089243155027514
Apple,iOS,15.72,12.0,12.0,128.0,6.0,3049.0,210.0,2021,703,6.623568709550926,6.906754778648554
Apple,iOS,15.47,12.0,12.0,128.0,4.0,3089.0,183.0,2021,845,6.525669794367584,6.683360945766275
Apple,iOS,16.96,12.0,12.0,256.0,6.0,3565.0,222.0,2020,555,6.785475049223056,7.047691119279654
Apple,iOS,17.11,12.0,12.0,256.0,6.0,4362.0,211.0,2022,163,6.539253389171908,6.856672488752821
Apple,iOS,15.44,12.0,12.0,128.0,6.0,2722.0,181.0,2020,475,6.4727141755647875,6.906754778648554
Apple,iOS,15.64,48.0,12.0,128.0,6.0,3352.0,168.0,2023,675,6.317877674042801,6.683360945766275
Apple,iOS,15.53,48.0,12.0,128.0,6.0,3332.0,166.0,2023,861,6.329062835967546,6.683360945766275
Apple,iOS,17.3,48.0,12.0,1024.0,6.0,4332.0,241.0,2022,131,7.201161934695779,7.284409305236182
Apple,iOS,17.2,48.0,12.0,1024.0,8.0,4261.0,217.0,2023,731,7.020434771924211,7.317345201667251
Apple,iOS,16.94,48.0,12.0,128.0,6.0,4146.0,200.0,2023,725,6.338825774856013,6.80128303447162
Apple,iOS,17.34,12.0,12.0,1024.0,6.0,4341.0,229.0,2021,406,6.77771750313621,7.284409305236182
Apple,iOS,13.66,12.0,12.0,512.0,4.0,2608.0,158.0,2021,681,6.287861874991013,6.74829050433111
Apple,iOS,15.56,12.0,12.0,128.0,6.0,2706.0,187.0,2020,749,6.658299603821645,6.906754778648554
Apple,iOS,15.53,12.0,12.0,256.0,4.0,3088.0,172.0,2021,172,6.381791293715616,6.74547161592469
Apple,iOS,13.72,12.0,12.0,128.0,4.0,2338.0,135.0,2020,548,6.299542114240936,6.585619778460977
Apple,iOS,15.73,48.0,12.0,1024.0,8.0,3308.0,186.0,2023,771,7.094491520867555,7.213326384269658
Apple,iOS,15.57,12.0,12.0,128.0,6.0,3156.0,179.0,2022,82,6.379469663606412,6.683360945766275
Apple,iOS,15.53,12.0,12.0,256.0,4.0,2864.0,157.0,2020,765,6.394458414031466,6.775137754367298
Apple,iOS,17.24,48.0,12.0,512.0,6.0,4311.0,238.0,2022,709,6.821020210229794,7.132976670091312
Apple,iOS,16.75,12.0,12.0,512.0,6.0,4344.0,204.0,2022,371,6.588835437538194,6.959018572919678
Apple,iOS,15.48,12.0,12.0,256.0,6.0,3110.0,177.0,2022,240,6.374034599609529,6.74547161592469
Apple,iOS,15.67,48.0,12.0,128.0,6.0,3492.0,174.0,2023,295,6.5350516417402496,6.683360945766275
Apple,iOS,15.5,48.0,12.0,1024.0,6.0,3248.0,210.0,2022,769,6.8523300567826,7.213326384269658
Apple,iOS,15.67,12.0,12.0,128.0,6.0,2965.0,208.0,2021,672,6.5531398805573415,6.906754778648554
Apple,iOS,15.32,12.0,12.0,128.0,4.0,2895.0,154.0,2020,664,6.381638731116942,6.7148984202727995
Apple,iOS,17.02,48.0,12.0,256.0,6.0,4453.0,196.0,2023,550,6.410972689739254,6.856672488752821
Apple,iOS,15.15,48.0,12.0,128.0,6.0,3234.0,212.0,2022,121,6.644586572956511,6.906754778648554
Apple,iOS,16.93,12.0,12.0,512.0,6.0,4370.0,212.0,2022,696,6.371664548726572,6.959018572919678
Apple,iOS,15.41,12.0,12.0,512.0,6.0,2977.0,191.0,2020,140,6.8147336761698885,7.049775539002566
Apple,iOS,15.36,48.0,12.0,512.0,6.0,3374.0,172.0,2023,326,6.560994339323308,6.85919508836676
Apple,iOS,15.48,12.0,12.0,256.0,6.0,3137.0,209.0,2021,175,6.504363069738595,6.956735901203759
Apple,iOS,15.5,48.0,12.0,128.0,6.0,3258.0,172.0,2023,515,6.441637053969273,6.683360945766275
Apple,iOS,16.99,48.0,12.0,256.0,8.0,4514.0,224.0,2023,657,6.992453427456947,7.089243155027514
Apple,iOS,15.25,12.0,12.0,256.0,6.0,2764.0,189.0,2020,545,6.762899677815279,6.956735901203759
Apple,iOS,15.54,12.0,12.0,1024.0,6.0,3007.0,206.0,2021,434,6.939729226708303,7.213326384269658
Apple,iOS,15.6,12.0,12.0,128.0,4.0,2820.0,161.0,2020,897,6.436337467193238,6.7148984202727995
Apple,iOS,17.1,48.0,12.0,256.0,8.0,4437.0,225.0,2023,612,6.7862269377976645,7.089243155027514
Apple,iOS,15.57,12.0,12.0,256.0,4.0,3261.0,178.0,2021,162,6.3729499266980705,6.74547161592469
Apple,iOS,16.29,12.0,12.0,64.0,4.0,4060.0,214.0,2019,44,6.520789232597129,7.002155954403621
Apple,iOS,15.66,48.0,12.0,128.0,8.0,3356.0,185.0,2023,89,6.602217923282744,6.906754778648554
Apple,iOS,15.37,48.0,12.0,256.0,8.0,3189.0,195.0,2023,74,6.636188145051454,6.956735901203759
Apple,iOS,17.28,12.0,12.0,512.0,6.0,3589.0,225.0,2020,671,6.8879990511838125,7.132976670091312
Apple,iOS,16.74,48.0,12.0,512.0,6.0,4208.0,242.0,2022,86,6.787209006622595,7.132976670091312
Apple,iOS,17.08,12.0,12.0,256.0,6.0,3628.0,221.0,2020,118,6.642173153765587,7.047691119279654
Apple,iOS,16.8,48.0,12.0,1024.0,6.0,4362.0,247.0,2022,532,6.917846072344658,7.284409305236182
Apple,iOS,15.55,48.0,12.0,128.0,6.0,3471.0,173.0,2023,598,6.344473736241425,6.683360945766275
Apple,iOS,16.89,12.0,12.0,128.0,6.0,4332.0,203.0,2022,142,6.585927752181777,6.80128303447162
Apple,iOS,16.71,48.0,12.0,256.0,6.0,4357.0,234.0,2022,585,6.52584802895051,7.047691119279654
Apple,iOS,15.35,12.0,12.0,1024.0,6.0,3062.0,215.0,2021,71,7.0001248047757825,7.213326384269658
Apple,iOS,15.44,48.0,12.0,512.0,6.0,3168.0,207.0,2022,643,6.787083170619685,7.049775539002566
Apple,iOS,15.71,48.0,12.0,128.0,6.0,3200.0,221.0,2022,411,6.602735144618009,6.906754778648554
Apple,iOS,15.56,48.0,12.0,128.0,8.0,3267.0,185.0,2023,832,6.487446192418873,6.906754778648554
Apple,iOS,15.55,48.0,12.0,256.0,8.0,3341.0,190.0,2023,464,6.743665083887602,6.956735901203759
Apple,iOS,15.44,12.0,12.0,256.0,4.0,3206.0,179.0,2021,327,6.188056881437088,6.74547161592469
Apple,iOS,16.79,48.0,12.0,512.0,6.0,4533.0,206.0,2023,776,6.551488835189507,6.959018572919678
Apple,iOS,17.09,12.0,12.0,512.0,6.0,4618.0,242.0,2021,864,6.746551226254369,7.132976670091312
Apple,iOS,15.55,48.0,12.0,512.0,6.0,3359.0,170.0,2023,373,6.615178249648383,6.85919508836676
Apple,iOS,16.88,12.0,12.0,512.0,6.0,3785.0,237.0,2020,182,6.692846797379113,7.132976670091312
Apple,iOS,17.04,48.0,12.0,512.0,8.0,4576.0,218.0,2023,161,6.995377532299129,7.171195887060883
Apple,iOS,15.56,12.0,12.0,256.0,6.0,3239.0,166.0,2022,443,6.364465788243167,6.74547161592469
Apple,iOS,13.6,12.0,12.0,128.0,4.0,2346.0,147.0,2021,291,5.908607158757516,6.54965074223381
Apple,iOS,15.47,12.0,12.0,512.0,4.0,3267.0,172.0,2021,765,6.502943860510754,6.85919508836676
Apple,iOS,13.8,12.0,12.0,256.0,4.0,2304.0,138.0,2020,355,6.369923233544185,6.653894755005867
Apple,iOS,16.86,48.0,12.0,512.0,6.0,4373.0,199.0,2023,772,6.542787399962746,6.959018572919678
Apple,iOS,17.07,12.0,12.0,512.0,6.0,4295.0,234.0,2021,468,6.795313371924311,7.132976670091312
Apple,iOS,16.92,48.0,12.0,256.0,6.0,4422.0,244.0,2022,192,6.703720243222631,7.047691119279654
Apple,iOS,15.36,12.0,12.0,256.0,6.0,3119.0,171.0,2022,304,6.440574266872445,6.74547161592469
Apple,iOS,17.07,48.0,12.0,512.0,6.0,4469.0,247.0,2022,884,6.779339627712301,7.132976670091312
Apple,iOS,15.79,48.0,12.0,128.0,6.0,3316.0,164.0,2023,868,6.430177797462084,6.683360945766275
Apple,iOS,15.53,12.0,12.0,256.0,6.0,3304.0,181.0,2022,515,6.2719388095171,6.74547161592469
Apple,iOS,15.43,48.0,12.0,512.0,6.0,3302.0,161.0,2023,684,6.3755430464874605,6.85919508836676
Apple,iOS,16.93,12.0,12.0,512.0,6.0,4351.0,192.0,2022,887,6.686851316923993,6.959018572919678
Apple,iOS,15.56,12.0,12.0,64.0,4.0,2744.0,167.0,2020,517,6.433946436287566,6.683360945766275
Apple,iOS,17.08,12.0,12.0,1024.0,6.0,4238.0,241.0,2021,81,6.781116596624108,7.284409305236182
Apple,iOS,15.71,48.0,12.0,512.0,8.0,3352.0,188.0,2023,675,6.652628714287153,7.049775539002566
Apple,iOS,15.41,48.0,12.0,256.0,8.0,3303.0,183.0,2023,43,6.679984773338041,6.956735901203759
Apple,iOS,15.88,48.0,12.0,512.0,8.0,3159.0,172.0,2023,617,6.88357864364956,7.049775539002566
Apple,iOS,15.33,12.0,12.0,512.0,6.0,3060.0,202.0,2021,547,6.699080920280287,7.049775539002566
Apple,iOS,15.52,12.0,12.0,256.0,4.0,2650.0,168.0,2020,334,6.647811998314545,6.775137754367298
Apple,iOS,15.44,12.0,12.0,256.0,6.0,3346.0,161.0,2022,157,6.437215823092869,6.74547161592469
Apple,iOS,17.07,12.0,12.0,256.0,6.0,4508.0,196.0,2022,155,6.596388379479203,6.856672488752821
Apple,iOS,15.49,12.0,12.0,512.0,6.0,3412.0,170.0,2022,585,6.327205999685981,6.85919508836676
Apple,iOS,15.57,48.0,12.0,1024.0,6.0,3191.0,195.0,2022,284,6.686735008930625,7.213326384269658
Apple,iOS,15.3,48.0,12.0,1024.0,6.0,3286.0,207.0,2022,678,6.804089887021352,7.213326384269658
Apple,iOS,15.47,12.0,12.0,128.0,6.0,3357.0,206.0,2021,173,6.627386710940488,6.906754778648554
Apple,iOS,15.42,12.0,12.0,512.0,6.0,3416.0,168.0,2022,449,6.4852922217602105,6.85919508836676
Apple,iOS,15.46,48.0,12.0,256.0,6.0,3149.0,203.0,2022,127,6.661229880451238,6.956735901203759
Apple,iOS,16.37,12.0,12.0,512.0,4.0,3878.0,221.0,2019,865,6.523876024331942,7.153208117216181
Apple,iOS,15.49,12.0,12.0,128.0,6.0,3401.0,170.0,2022,483,6.237993294765593,6.683360945766275
Apple,iOS,13.81,12.0,12.0,256.0,4.0,2126.0,138.0,2020,640,6.29675305484607,6.653894755005867
Apple,iOS,15.31,12.0,12.0,64.0,4.0,2996.0,193.0,2019,136,6.192808636146893,6.54965074223381
Apple,iOS,15.66,12.0,12.0,256.0,6.0,3056.0,197.0,2021,410,6.616444538116428,6.956735901203759
Apple,iOS,15.61,12.0,12.0,512.0,4.0,3138.0,182.0,2021,452,6.558718785934174,6.85919508836676
Apple,iOS,16.48,12.0,12.0,256.0,4.0,4018.0,226.0,2019,436,6.801474971843162,7.069704045968154
Apple,iOS,16.68,48.0,12.0,256.0,8.0,4507.0,225.0,2023,47,6.5647040779731825,7.089243155027514
Apple,iOS,15.63,12.0,12.0,128.0,4.0,3127.0,162.0,2021,529,6.3619073132047,6.683360945766275
Apple,iOS,16.97,48.0,12.0,256.0,6.0,4282.0,234.0,2022,179,6.719469212276458,7.047691119279654
Apple,iOS,15.62,12.0,12.0,512.0,6.0,3475.0,178.0,2022,558,6.429099661611586,6.85919508836676
Apple,iOS,17.11,48.0,12.0,128.0,6.0,4520.0,204.0,2023,556,6.555700821102606,6.80128303447162
Apple,iOS,14.98,12.0,12.0,512.0,4.0,3055.0,184.0,2019,337,6.590096783787619,7.071743129087587
Apple,iOS,15.52,48.0,12.0,512.0,6.0,3377.0,179.0,2023,312,6.532844422327387,6.85919508836676
Apple,iOS,15.48,48.0,12.0,128.0,6.0,3355.0,163.0,2023,188,6.349361834752361,6.683360945766275
Apple,iOS,16.99,48.0,12.0,512.0,8.0,4423.0,222.0,2023,542,6.847613519622368,7.171195887060883
Apple,iOS,17.08,48.0,12.0,128.0,6.0,4240.0,232.0,2022,274,6.726912574468929,7.002155954403621
Apple,iOS,15.5,48.0,12.0,128.0,8.0,3383.0,193.0,2023,55,6.688908583550588,6.906754778648554
Apple,iOS,17.18,48.0,12.0,128.0,6.0,4360.0,242.0,2022,516,6.808158290394116,7.002155954403621
Apple,iOS,16.93,48.0,12.0,512.0,6.0,4347.0,202.0,2023,885,6.6068325669607635,6.959018572919678
Apple,iOS,17.05,12.0,12.0,256.0,6.0,4255.0,204.0,2022,390,6.480329999757329,6.856672488752821
Apple,iOS,15.18,12.0,12.0,256.0,6.0,2762.0,197.0,2020,866,6.488369822320841,6.956735901203759
Apple,iOS,15.09,48.0,12.0,256.0,6.0,3352.0,170.0,2023,795,6.543607245804032,6.74547161592469
Apple,iOS,16.88,48.0,12.0,512.0,6.0,4258.0,198.0,2023,530,6.539546182332521,6.959018572919678
Apple,iOS,15.5,12.0,12.0,64.0,4.0,3017.0,161.0,2020,215,6.55263833342338,6.683360945766275
Apple,iOS,15.62,48.0,12.0,512.0,6.0,3363.0,173.0,2023,803,6.776132920135385,6.85919508836676
Apple,iOS,15.5,12.0,12.0,128.0,6.0,3239.0,169.0,2022,557,6.4497715981251265,6.683360945766275
Apple,iOS,15.59,12.0,12.0,512.0,6.0,3316.0,174.0,2022,152,6.289714873306501,6.85919508836676
Apple,iOS,15.62,12.0,12.0,128.0,4.0,3233.0,174.0,2021,125,6.274406187621531,6.683360945766275
Apple,iOS,16.87,12.0,12.0,256.0,6.0,3622.0,227.0,2020,488,6.7481778730953,7.047691119279654
Apple,iOS,16.98,48.0,12.0,256.0,8.0,4213.0,209.0,2023,601,6.754508912466237,7.089243155027514
Apple,iOS,16.84,48.0,12.0,128.0,6.0,4407.0,206.0,2023,793,6.341856129179375,6.80128303447162
Apple,iOS,13.46,12.0,12.0,128.0,4.0,2363.0,132.0,2020,158,5.938626542990836,6.585619778460977
Apple,iOS,17.18,48.0,12.0,256.0,6.0,4278.0,240.0,2022,506,6.682808039027922,7.047691119279654
Apple,iOS,15.51,48.0,12.0,512.0,6.0,3252.0,196.0,2022,672,6.7648598289746085,7.049775539002566
Apple,iOS,16.83,48.0,12.0,128.0,6.0,4314.0,213.0,2023,217,6.445222823159785,6.80128303447162
Apple,iOS,15.4,12.0,12.0,128.0,4.0,3157.0,176.0,2021,767,6.412036318001733,6.683360945766275
Apple,iOS,15.21,48.0,12.0,128.0,6.0,3506.0,174.0,2023,772,6.500644362188326,6.683360945766275
Apple,iOS,17.3,12.0,12.0,128.0,6.0,3700.0,224.0,2020,848,6.655352061445559,7.002155954403621
Apple,iOS,15.56,48.0,12.0,256.0,6.0,3174.0,206.0,2022,501,6.628212654398832,6.956735901203759
Apple,iOS,17.0,12.0,12.0,512.0,6.0,4359.0,206.0,2022,859,6.494721603505846,6.959018572919678
Apple,iOS,14.91,12.0,12.0,256.0,4.0,3069.0,193.0,2019,142,6.705973611782835,6.9808198498391425
Apple,iOS,14.95,12.0,12.0,256.0,6.0,3315.0,154.0,2022,497,6.459757896292516,6.74547161592469
Apple,iOS,17.22,12.0,12.0,512.0,6.0,4377.0,196.0,2022,171,6.549575362078718,6.959018572919678
Apple,iOS,17.04,48.0,12.0,256.0,6.0,4382.0,203.0,2023,575,6.693363722333041,6.856672488752821
Apple,iOS,15.38,12.0,12.0,128.0,6.0,3275.0,163.0,2022,589,6.3258761155814645,6.683360945766275
Apple,iOS,17.11,12.0,12.0,512.0,6.0,4293.0,202.0,2022,150,6.654179142156101,6.959018572919678
Apple,iOS,15.56,12.0,12.0,256.0,6.0,3216.0,201.0,2021,664,6.460728206938211,6.956735901203759
Apple,iOS,17.11,48.0,12.0,512.0,8.0,4447.0,225.0,2023,334,6.88396053850048,7.171195887060883
Apple,iOS,15.72,12.0,12.0,128.0,6.0,3245.0,169.0,2022,807,6.446110083784598,6.683360945766275
Apple,iOS,17.04,12.0,12.0,512.0,6.0,4339.0,242.0,2021,675,6.8859735566311295,7.132976670091312
Apple,iOS,15.59,48.0,12.0,256.0,8.0,3267.0,182.0,2023,400,6.580891020817235,6.956735901203759
Apple,iOS,15.55,12.0,12.0,512.0,6.0,2888.0,186.0,2020,118,6.803576432291761,7.049775539002566
Apple,iOS,15.34,12.0,12.0,1024.0,6.0,3039.0,194.0,2021,210,6.7600955364378015,7.213326384269658
Apple,iOS,15.54,12.0,12.0,512.0,6.0,2777.0,192.0,2020,276,6.757456934562226,7.049775539002566
Apple,iOS,13.72,12.0,12.0,512.0,4.0,2174.0,138.0,2021,506,6.132365475204095,6.74829050433111
Apple,iOS,17.09,48.0,12.0,128.0,6.0,4453.0,241.0,2022,315,6.619924200863249,7.002155954403621
Apple,iOS,15.6,12.0,12.0,512.0,6.0,3387.0,168.0,2022,792,6.619314462409346,6.85919508836676
Apple,iOS,15.37,12.0,12.0,1024.0,6.0,3171.0,204.0,2021,508,6.798013815466015,7.213326384269658
Apple,iOS,15.46,48.0,12.0,1024.0,8.0,3168.0,189.0,2023,834,6.733834278830388,7.213326384269658
Apple,iOS,17.08,48.0,12.0,128.0,6.0,4231.0,209.0,2023,453,6.484660680218353,6.80128303447162
Apple,iOS,15.66,12.0,12.0,256.0,4.0,3223.0,182.0,2021,543,6.364331837197206,6.74547161592469
Apple,iOS,17.01,12.0,12.0,256.0,6.0,3569.0,230.0,2020,46,6.865639437440775,7.047691119279654
Apple,iOS,17.05,48.0,12.0,256.0,6.0,4357.0,191.0,2023,139,6.420370536687946,6.856672488752821
Apple,iOS,15.47,12.0,12.0,256.0,6.0,3214.0,180.0,2022,572,6.441621063819863,6.74547161592469
Apple,iOS,16.79,48.0,12.0,128.0,6.0,4395.0,198.0,2023,272,6.304390214357044,6.80128303447162
Apple,iOS,17.05,12.0,12.0,128.0,6.0,3621.0,228.0,2020,404,6.756758471422797,7.002155954403621
Apple,iOS,17.16,48.0,12.0,256.0,8.0,4414.0,230.0,2023,899,6.814057460440923,7.089243155027514
Apple,iOS,15.33,12.0,12.0,256.0,6.0,3162.0,207.0,2021,436,6.686040459956554,6.956735901203759
Apple,iOS,17.24,48.0,12.0,512.0,6.0,4295.0,208.0,2023,755,6.717641754857466,6.959018572919678
Apple,iOS,17.19,48.0,12.0,128.0,6.0,4356.0,201.0,2023,462,6.4806898574810985,6.80128303447162
Apple,iOS,16.91,12.0,12.0,128.0,6.0,3578.0,230.0,2020,499,6.671239344228111,7.002155954403621
Apple,iOS,16.98,48.0,12.0,128.0,6.0,4353.0,211.0,2023,69,6.460842611219295,6.80128303447162
Apple,iOS,15.47,48.0,12.0,256.0,8.0,3245.0,182.0,2023,747,6.7703874453801385,6.956735901203759
Apple,iOS,15.75,48.0,12.0,256.0,6.0,3353.0,170.0,2023,261,6.41751989032387,6.74547161592469
Apple,iOS,17.09,12.0,12.0,256.0,6.0,4292.0,240.0,2021,228,6.791720943301043,7.047691119279654
Apple,iOS,17.06,12.0,12.0,128.0,6.0,3800.0,229.0,2020,190,6.777848001338744,7.002155954403621
Apple,iOS,16.65,48.0,12.0,128.0,6.0,4335.0,240.0,2022,425,6.825484007810449,7.002155954403621
Apple,iOS,13.57,12.0,12.0,256.0,4.0,2366.0,139.0,2021,229,6.106756357623257,6.620339837647787
Apple,iOS,15.32,48.0,12.0,256.0,6.0,3398.0,203.0,2022,752,6.592437755954964,6.956735901203759
Apple,iOS,16.9,12.0,12.0,256.0,6.0,4215.0,202.0,2022,263,6.328477266533316,6.856672488752821
Apple,iOS,16.9,12.0,12.0,1024.0,6.0,4397.0,232.0,2021,272,7.047410710161671,7.284409305236182
Apple,iOS,13.81,12.0,12.0,128.0,4.0,2075.0,133.0,2020,40,6.291293926505409,6.585619778460977
Apple,iOS,15.78,48.0,12.0,128.0,8.0,3384.0,185.0,2023,444,6.661125235679878,6.906754778648554
Apple,iOS,15.3,48.0,12.0,256.0,6.0,3098.0,214.0,2022,208,6.50007490783891,6.956735901203759
Apple,iOS,15.39,12.0,12.0,256.0,6.0,3267.0,168.0,2022,191,6.338676698824186,6.74547161592469
Apple,iOS,13.69,12.0,12.0,128.0,4.0,2259.0,140.0,2020,347,6.2025378599545755,6.585619778460977
Apple,iOS,16.84,48.0,12.0,1024.0,8.0,4270.0,210.0,2023,125,6.697446574860217,7.317345201667251
Apple,iOS,15.36,48.0,12.0,1024.0,8.0,3415.0,189.0,2023,688,6.970849909463054,7.213326384269658
Apple,iOS,15.41,12.0,12.0,128.0,6.0,3215.0,175.0,2022,318,6.413771566542747,6.683360945766275
Apple,iOS,17.02,48.0,12.0,256.0,8.0,4431.0,222.0,2023,468,6.668788348638055,7.089243155027514
Apple,iOS,15.75,12.0,12.0,128.0,6.0,3265.0,211.0,2021,206,6.465610816094989,6.906754778648554
Apple,iOS,15.47,12.0,12.0,256.0,6.0,3286.0,169.0,2022,411,6.193040562977993,6.74547161592469
Apple,iOS,15.39,12.0,12.0,256.0,6.0,3261.0,199.0,2021,427,6.665472706863207,6.956735901203759
Apple,iOS,15.64,12.0,12.0,1024.0,6.0,3090.0,214.0,2021,337,6.829643899987552,7.213326384269658
Apple,iOS,16.89,12.0,12.0,1024.0,6.0,4302.0,239.0,2021,224,6.942023126405958,7.284409305236182
Apple,iOS,16.96,48.0,12.0,256.0,8.0,4487.0,230.0,2023,553,6.911349963689082,7.089243155027514
Apple,iOS,17.07,48.0,12.0,1024.0,8.0,4424.0,217.0,2023,537,7.154393451020666,7.317345201667251
Apple,iOS,14.74,12.0,12.0,256.0,4.0,2807.0,175.0,2019,679,6.7313629789794,6.9808198498391425
Apple,iOS,17.04,48.0,12.0,512.0,6.0,4380.0,213.0,2023,324,6.718066089616241,6.959018572919678
Apple,iOS,16.78,12.0,12.0,256.0,6.0,3452.0,229.0,2020,706,6.803773782828647,7.047691119279654
Apple,iOS,15.59,48.0,12.0,1024.0,8.0,3167.0,187.0,2023,201,6.618523474563177,7.213326384269658
Apple,iOS,16.6,12.0,12.0,128.0,6.0,4052.0,197.0,2022,525,6.593715962246686,6.80128303447162
Apple,iOS,15.58,12.0,12.0,128.0,6.0,3367.0,167.0,2022,141,6.401686226449336,6.683360945766275
Apple,iOS,15.38,48.0,12.0,128.0,8.0,3315.0,178.0,2023,60,6.7034799135813286,6.906754778648554
Apple,iOS,15.54,48.0,12.0,128.0,6.0,3177.0,172.0,2023,363,6.451544796085848,6.683360945766275
Apple,iOS,13.85,12.0,12.0,256.0,4.0,2487.0,130.0,2021,160,6.168063181917632,6.620339837647787
Apple,iOS,15.9,12.0,12.0,128.0,6.0,3483.0,174.0,2022,735,6.43199463247085,6.683360945766275
Apple,iOS,16.86,48.0,12.0,256.0,6.0,4370.0,242.0,2022,408,6.66008560172669,7.047691119279654
Apple,iOS,16.98,48.0,12.0,512.0,8.0,4341.0,226.0,2023,74,6.8287387812207445,7.171195887060883
Apple,iOS,16.96,48.0,12.0,1024.0,8.0,4460.0,232.0,2023,760,7.040007829873147,7.317345201667251
Apple,iOS,16.76,48.0,12.0,1024.0,8.0,4394.0,218.0,2023,528,7.085328801181597,7.317345201667251
Apple,iOS,15.68,12.0,12.0,1024.0,6.0,3136.0,197.0,2021,202,7.023248321102605,7.213326384269658
Apple,iOS,15.49,48.0,12.0,256.0,6.0,3440.0,173.0,2023,753,6.224122434946676,6.74547161592469
Apple,iOS,17.2,48.0,12.0,128.0,6.0,4402.0,202.0,2023,509,6.624917628454793,6.80128303447162
Apple,iOS,17.21,12.0,12.0,256.0,6.0,4306.0,192.0,2022,432,6.538028991800546,6.856672488752821
Apple,iOS,13.63,12.0,12.0,128.0,4.0,2126.0,130.0,2020,710,6.405779635337064,6.585619778460977
Apple,iOS,17.1,12.0,12.0,512.0,6.0,3891.0,231.0,2020,217,6.788593355835867,7.132976670091312
Apple,iOS,16.93,48.0,12.0,256.0,8.0,4386.0,219.0,2023,243,6.703679272862975,7.089243155027514
Apple,iOS,15.43,48.0,12.0,256.0,6.0,3271.0,205.0,2022,824,6.6854626097244205,6.956735901203759
Apple,iOS,17.35,48.0,12.0,512.0,6.0,4461.0,248.0,2022,783,6.708375702343892,7.132976670091312
Apple,iOS,15.55,12.0,12.0,256.0,6.0,3282.0,170.0,2022,853,6.39352528227576,6.74547161592469
Apple,iOS,15.59,12.0,12.0,128.0,6.0,2994.0,208.0,2021,601,6.673144185592165,6.906754778648554
Apple,iOS,17.05,12.0,12.0,512.0,6.0,3584.0,222.0,2020,845,6.601128889146823,7.132976670091312
Apple,iOS,16.92,12.0,12.0,512.0,6.0,3999.0,195.0,2022,415,6.740206958063775,6.959018572919678
Apple,iOS,14.06,12.0,12.0,256.0,4.0,2385.0,134.0,2020,549,6.362574668284156,6.653894755005867
Apple,iOS,17.0,12.0,12.0,256.0,6.0,4259.0,201.0,2022,811,6.581449384890473,6.856672488752821
Apple,iOS,17.29,48.0,12.0,512.0,6.0,4370.0,214.0,2023,408,6.640206824544297,6.959018572919678
Apple,iOS,15.64,48.0,12.0,512.0,6.0,3269.0,165.0,2023,617,6.578285845387792,6.85919508836676
Apple,iOS,17.03,12.0,12.0,128.0,6.0,4175.0,194.0,2022,673,6.248338029470869,6.80128303447162
Apple,iOS,14.03,12.0,12.0,256.0,4.0,2157.0,139.0,2021,579,6.264147420794143,6.620339837647787
Apple,iOS,17.04,48.0,12.0,1024.0,8.0,4609.0,223.0,2023,172,7.052791091854052,7.317345201667251
Apple,iOS,17.07,48.0,12.0,128.0,6.0,4293.0,206.0,2023,649,6.303961705794307,6.80128303447162
Apple,iOS,15.44,12.0,12.0,128.0,4.0,3237.0,170.0,2021,305,6.227952368662633,6.683360945766275
Apple,iOS,16.93,12.0,12.0,128.0,6.0,4198.0,207.0,2022,712,6.327522457612552,6.80128303447162
Apple,iOS,15.18,12.0,12.0,256.0,4.0,3276.0,172.0,2021,350,6.472013784053556,6.74547161592469
Apple,iOS,17.15,48.0,12.0,128.0,6.0,4397.0,201.0,2023,309,6.53230720752349,6.80128303447162
Apple,iOS,16.97,12.0,12.0,1024.0,6.0,4375.0,235.0,2021,242,7.092373903305846,7.284409305236182
Apple,iOS,15.43,48.0,12.0,512.0,8.0,2971.0,185.0,2023,898,6.692631330013772,7.049775539002566
Apple,iOS,17.1,12.0,12.0,512.0,6.0,4306.0,190.0,2022,109,6.696382241737167,6.959018572919678
Apple,iOS,15.61,48.0,12.0,1024.0,6.0,3071.0,218.0,2022,514,6.769138774987331,7.213326384269658
Apple,iOS,15.53,48.0,12.0,1024.0,8.0,3440.0,185.0,2023,895,6.977147821090953,7.213326384269658
Apple,iOS,15.58,12.0,12.0,512.0,4.0,3213.0,163.0,2021,561,6.436340541106832,6.85919508836676
Apple,iOS,16.81,12.0,12.0,128.0,6.0,3607.0,224.0,2020,207,6.630086787245226,7.002155954403621
Apple,iOS,15.44,48.0,12.0,512.0,6.0,3433.0,175.0,2023,205,6.516843865136115,6.85919508836676
Apple,iOS,15.32,12.0,12.0,128.0,6.0,2688.0,183.0,2020,622,6.501298277012965,6.906754778648554
Apple,iOS,15.55,12.0,12.0,128.0,4.0,3065.0,174.0,2021,409,6.323860099558788,6.683360945766275
Apple,iOS,16.69,12.0,12.0,512.0,6.0,4213.0,240.0,2021,758,6.909936975755904,7.132976670091312
Apple,iOS,16.49,12.0,12.0,64.0,4.0,3952.0,229.0,2019,218,6.591846784808459,7.002155954403621
Apple,iOS,16.81,48.0,12.0,128.0,6.0,4486.0,195.0,2023,359,6.424185544661132,6.80128303447162
Apple,iOS,15.54,48.0,12.0,512.0,8.0,3193.0,189.0,2023,592,6.768469834981455,7.049775539002566
Apple,iOS,17.21,48.0,12.0,256.0,8.0,4304.0,220.0,2023,251,6.876850206737434,7.089243155027514
Apple,iOS,13.68,12.0,12.0,128.0,4.0,2555.0,144.0,2021,199,6.248389253043113,6.54965074223381
Apple,iOS,16.92,48.0,12.0,256.0,6.0,4355.0,200.0,2023,268,6.5360519136807085,6.856672488752821
Apple,iOS,15.58,12.0,12.0,512.0,6.0,3083.0,173.0,2022,233,6.4361815116769865,6.85919508836676
Apple,iOS,16.67,48.0,12.0,256.0,6.0,4452.0,241.0,2022,713,6.840429862986881,7.047691119279654
Apple,iOS,13.74,12.0,12.0,256.0,4.0,2524.0,133.0,2021,83,6.199787848606376,6.620339837647787
Apple,iOS,15.5,12.0,12.0,128.0,6.0,2934.0,178.0,2020,711,6.6839710477409255,6.906754778648554
Apple,iOS,15.27,48.0,12.0,1024.0,6.0,3255.0,191.0,2022,680,6.955438547405045,7.213326384269658
Apple,iOS,16.94,12.0,12.0,512.0,6.0,4453.0,201.0,2022,474,6.553904885161952,6.959018572919678
Apple,iOS,15.55,12.0,12.0,512.0,4.0,3197.0,172.0,2021,673,6.337852758052764,6.85919508836676
Apple,iOS,17.0,48.0,12.0,256.0,8.0,4436.0,235.0,2023,660,6.630729555667238,7.089243155027514
Apple,iOS,17.06,12.0,12.0,128.0,6.0,4248.0,204.0,2022,888,6.470619601708583,6.80128303447162
Apple,iOS,16.98,48.0,12.0,256.0,6.0,4207.0,201.0,2023,369,6.572048629339578,6.856672488752821
Apple,iOS,15.27,12.0,12.0,128.0,6.0,3135.0,199.0,2021,561,6.5477238688200465,6.906754778648554
Apple,iOS,15.41,48.0,12.0,128.0,6.0,3484.0,167.0,2023,524,6.42794767885263,6.683360945766275
Apple,iOS,14.52,12.0,12.0,512.0,4.0,3142.0,184.0,2019,380,6.553938784734654,7.071743129087587
Apple,iOS,17.37,48.0,12.0,512.0,6.0,4245.0,203.0,2023,801,6.573527354131213,6.959018572919678
Apple,iOS,13.37,12.0,12.0,256.0,4.0,2281.0,138.0,2021,63,6.302859663099735,6.620339837647787
Apple,iOS,15.47,48.0,12.0,128.0,6.0,3150.0,207.0,2022,449,6.684851376093177,6.906754778648554
Apple,iOS,17.04,48.0,12.0,128.0,6.0,4453.0,200.0,2023,340,6.355843350435962,6.80128303447162
Apple,iOS,16.81,48.0,12.0,1024.0,8.0,4488.0,212.0,2023,325,7.100011739703948,7.317345201667251
Apple,iOS,13.64,12.0,12.0,64.0,4.0,2351.0,135.0,2020,891,6.116257512030669,6.54965074223381
Apple,iOS,16.8,48.0,12.0,128.0,6.0,4373.0,200.0,2023,582,6.4483546659362325,6.80128303447162
Apple,iOS,15.51,12.0,12.0,512.0,6.0,3128.0,170.0,2022,337,6.430332503965232,6.85919508836676
Apple,iOS,16.9,12.0,12.0,512.0,6.0,3742.0,220.0,2020,251,6.877537708886109,7.132976670091312
Apple,iOS,13.62,12.0,12.0,256.0,4.0,2172.0,140.0,2020,697,6.2332469263002555,6.653894755005867
Apple,iOS,15.83,12.0,12.0,1024.0,6.0,3215.0,207.0,2021,529,7.060831868341337,7.213326384269658
Apple,iOS,16.86,48.0,12.0,1024.0,6.0,4193.0,235.0,2022,156,6.8806568301505875,7.284409305236182
Apple,iOS,15.92,12.0,12.0,128.0,6.0,3145.0,177.0,2022,391,6.242101067110404,6.683360945766275
Apple,iOS,13.97,12.0,12.0,512.0,4.0,2356.0,141.0,2021,753,6.2624823546854165,6.74829050433111
Apple,iOS,17.24,48.0,12.0,512.0,6.0,4174.0,241.0,2022,838,6.667612604997054,7.132976670091312
Apple,iOS,13.9,12.0,12.0,128.0,4.0,1958.0,130.0,2020,483,6.321128188611379,6.585619778460977
Apple,iOS,17.02,48.0,12.0,512.0,8.0,4455.0,227.0,2023,427,6.639895921985684,7.171195887060883
Apple,iOS,15.47,12.0,12.0,256.0,6.0,3075.0,170.0,2022,701,6.372981838033751,6.74547161592469
Apple,iOS,16.96,48.0,12.0,1024.0,8.0,4417.0,223.0,2023,183,6.954335185934386,7.317345201667251
Apple,iOS,17.16,48.0,12.0,128.0,6.0,4435.0,200.0,2023,238,6.478778052316835,6.80128303447162
Apple,iOS,16.95,48.0,12.0,1024.0,8.0,4452.0,220.0,2023,232,7.008115993290203,7.317345201667251
Apple,iOS,17.13,48.0,12.0,256.0,8.0,4475.0,219.0,2023,891,6.4955229758832616,7.089243155027514
Apple,iOS,13.95,12.0,12.0,256.0,4.0,2309.0,145.0,2021,494,6.379867505997427,6.620339837647787
Apple,iOS,17.08,48.0,12.0,1024.0,8.0,4504.0,221.0,2023,819,6.8580086754968,7.317345201667251
Apple,iOS,15.36,48.0,12.0,128.0,6.0,3224.0,204.0,2022,474,6.730903598154182,6.906754778648554
Apple,iOS,15.19,12.0,12.0,512.0,6.0,3191.0,195.0,2021,149,6.566633269117523,7.049775539002566
Apple,iOS,17.05,48.0,12.0,512.0,6.0,4340.0,204.0,2023,516,6.5553412025955815,6.959018572919678
Apple,iOS,15.65,12.0,12.0,512.0,4.0,3292.0,169.0,2021,95,6.513318218569079,6.85919508836676
Apple,iOS,17.17,12.0,12.0,256.0,6.0,3759.0,221.0,2020,561,6.86647255609863,7.047691119279654
Apple,iOS,15.53,48.0,12.0,128.0,8.0,3251.0,191.0,2023,49,6.535513235039109,6.906754778648554
Apple,iOS,13.44,12.0,12.0,512.0,4.0,2338.0,133.0,2021,607,6.29139587071893,6.74829050433111
Apple,iOS,15.71,12.0,12.0,1024.0,6.0,3251.0,194.0,2021,450,6.965232759381144,7.213326384269658
Apple,iOS,15.52,48.0,12.0,256.0,6.0,3128.0,172.0,2023,55,6.282985967527108,6.74547161592469
Apple,iOS,16.69,48.0,12.0,128.0,6.0,4495.0,196.0,2023,652,6.341685633542839,6.80128303447162
Apple,iOS,16.35,12.0,12.0,512.0,4.0,3798.0,228.0,2019,232,6.76949481175565,7.153208117216181
Apple,iOS,16.84,48.0,12.0,512.0,8.0,4488.0,220.0,2023,213,6.910535671787638,7.171195887060883
Apple,iOS,15.57,12.0,12.0,256.0,4.0,3058.0,196.0,2019,696,6.232642846432319,6.653894755005867
Apple,iOS,13.87,12.0,12.0,64.0,4.0,2357.0,130.0,2020,770,6.155771770947011,6.54965074223381
Apple,iOS,17.19,12.0,12.0,256.0,6.0,3566.0,234.0,2020,676,6.475301489476356,7.047691119279654
Apple,iOS,17.13,12.0,12.0,256.0,6.0,4260.0,196.0,2022,308,6.618326314760969,6.856672488752821
Apple,iOS,13.96,12.0,12.0,512.0,4.0,2311.0,148.0,2021,438,6.25360655486065,6.74829050433111
Apple,iOS,17.03,12.0,12.0,128.0,6.0,4277.0,235.0,2021,772,6.518727657274718,7.002155954403621
Apple,iOS,15.36,48.0,12.0,256.0,6.0,3307.0,160.0,2023,889,6.32819572591063,6.74547161592469
Apple,iOS,13.62,12.0,12.0,128.0,4.0,2233.0,136.0,2020,448,6.037531348091881,6.585619778460977
Apple,iOS,16.93,12.0,12.0,128.0,6.0,4424.0,195.0,2022,764,6.44359780364248,6.80128303447162
Apple,iOS,15.57,48.0,12.0,512.0,8.0,3244.0,185.0,2023,460,6.6353631488798,7.049775539002566
Apple,iOS,15.45,12.0,12.0,256.0,4.0,3192.0,178.0,2021,160,6.388802549699528,6.74547161592469
Apple,iOS,14.76,12.0,12.0,512.0,4.0,2898.0,192.0,2019,568,6.502641997515233,7.071743129087587
Apple,iOS,15.46,12.0,12.0,256.0,4.0,3258.0,170.0,2021,432,6.420997204834264,6.74547161592469
Apple,iOS,16.81,48.0,12.0,128.0,6.0,4344.0,235.0,2022,58,6.580377941352964,7.002155954403621
Apple,iOS,17.08,48.0,12.0,512.0,6.0,4408.0,206.0,2023,850,6.64088337573704,6.959018572919678
Apple,iOS,16.92,48.0,12.0,256.0,6.0,4324.0,214.0,2023,583,6.474829290172684,6.856672488752821
Apple,iOS,15.33,48.0,12.0,512.0,6.0,3045.0,212.0,2022,166,6.706968084796112,7.049775539002566
Apple,iOS,15.49,48.0,12.0,512.0,8.0,3134.0,197.0,2023,318,6.7887672037672395,7.049775539002566
Apple,iOS,17.09,48.0,12.0,1024.0,8.0,4418.0,217.0,2023,268,7.051417995206289,7.317345201667251
Apple,iOS,16.8,12.0,12.0,512.0,6.0,4339.0,202.0,2022,875,6.47058708891461,6.959018572919678
Apple,iOS,15.42,12.0,12.0,256.0,4.0,3262.0,171.0,2021,775,6.553314553337253,6.74547161592469
Apple,iOS,15.64,12.0,12.0,128.0,6.0,3107.0,208.0,2021,66,6.525839516258505,6.906754778648554
Apple,iOS,15.38,48.0,12.0,256.0,6.0,3450.0,174.0,2023,266,6.612730198831951,6.74547161592469
Apple,iOS,16.85,12.0,12.0,128.0,6.0,4424.0,242.0,2021,773,6.686747452278884,7.002155954403621
Apple,iOS,16.6,12.0,12.0,256.0,4.0,4096.0,243.0,2019,465,6.783988469438647,7.069704045968154
Apple,iOS,17.28,48.0,12.0,256.0,8.0,4355.0,214.0,2023,561,6.58360743353748,7.089243155027514
Apple,iOS,17.01,12.0,12.0,128.0,6.0,3653.0,226.0,2020,486,6.774684689865634,7.002155954403621
Apple,iOS,16.98,48.0,12.0,512.0,8.0,4384.0,212.0,2023,267,6.593510986458329,7.171195887060883
Apple,iOS,14.41,12.0,12.0,256.0,4.0,2904.0,187.0,2019,280,6.654619113091731,6.9808198498391425
Apple,iOS,15.65,12.0,12.0,256.0,6.0,3137.0,197.0,2021,117,6.646775079089248,6.956735901203759
Apple,iOS,17.05,48.0,12.0,256.0,8.0,4370.0,217.0,2023,473,6.810267330494429,7.089243155027514
Apple,iOS,15.62,48.0,12.0,256.0,8.0,3364.0,187.0,2023,810,6.714013244694344,6.956735901203759
Apple,iOS,16.91,48.0,12.0,512.0,8.0,4591.0,222.0,2023,121,6.635801459134545,7.171195887060883
Apple,iOS,16.39,12.0,12.0,512.0,4.0,3912.0,234.0,2019,702,6.69958975187785,7.153208117216181
Apple,iOS,15.57,12.0,12.0,512.0,4.0,3294.0,179.0,2021,396,6.554054877452312,6.85919508836676
Apple,iOS,15.58,12.0,12.0,128.0,6.0,3290.0,173.0,2022,796,6.437560822731191,6.683360945766275
Apple,iOS,17.35,12.0,12.0,128.0,6.0,4332.0,202.0,2022,399,6.494228189085464,6.80128303447162
Apple,iOS,15.44,48.0,12.0,512.0,6.0,3317.0,206.0,2022,395,6.954428940891071,7.049775539002566
Apple,iOS,17.07,48.0,12.0,512.0,8.0,4383.0,222.0,2023,760,6.931802228088873,7.171195887060883
Apple,iOS,15.39,48.0,12.0,256.0,6.0,3163.0,222.0,2022,266,6.670165722722571,6.956735901203759
Apple,iOS,13.71,12.0,12.0,128.0,4.0,2330.0,132.0,2020,554,6.275053782797534,6.585619778460977
Apple,iOS,15.54,48.0,12.0,256.0,6.0,3230.0,172.0,2023,142,6.477954721307072,6.74547161592469
Apple,iOS,15.69,48.0,12.0,256.0,6.0,3118.0,202.0,2022,657,6.515004204921819,6.956735901203759
Apple,iOS,16.91,12.0,12.0,512.0,6.0,4462.0,219.0,2022,833,6.4243526641023445,6.959018572919678
Apple,iOS,15.54,12.0,12.0,256.0,6.0,2976.0,202.0,2021,345,6.479353866789474,6.956735901203759
Apple,iOS,15.81,12.0,12.0,256.0,4.0,3295.0,177.0,2021,646,6.376465379258837,6.74547161592469
Apple,iOS,17.0,48.0,12.0,256.0,6.0,4212.0,229.0,2022,120,6.7184321441290535,7.047691119279654
Apple,iOS,15.34,12.0,12.0,1024.0,6.0,3155.0,208.0,2021,356,6.7769867721253645,7.213326384269658
Apple,iOS,15.46,12.0,12.0,256.0,4.0,3035.0,172.0,2021,371,6.411820117935975,6.74547161592469
Apple,iOS,17.18,12.0,12.0,512.0,6.0,4332.0,240.0,2021,499,6.8690944421692395,7.132976670091312
Apple,iOS,17.14,12.0,12.0,128.0,6.0,4373.0,206.0,2022,822,6.4248889667211495,6.80128303447162
Apple,iOS,17.02,48.0,12.0,1024.0,8.0,4617.0,215.0,2023,434,6.993968459576851,7.317345201667251
Apple,iOS,17.03,12.0,12.0,128.0,6.0,4161.0,203.0,2022,662,6.377984423892003,6.80128303447162
Apple,iOS,15.82,48.0,12.0,512.0,8.0,3299.0,187.0,2023,787,6.784215440702311,7.049775539002566
Apple,iOS,16.88,48.0,12.0,256.0,6.0,4204.0,232.0,2022,401,6.878748247892413,7.047691119279654
Apple,iOS,15.68,12.0,12.0,128.0,4.0,2805.0,158.0,2020,803,6.351572264072559,6.7148984202727995
Apple,iOS,15.26,48.0,12.0,256.0,6.0,3452.0,173.0,2023,565,6.349136903087339,6.74547161592469
Apple,iOS,16.61,12.0,12.0,512.0,4.0,4097.0,219.0,2019,44,6.818072702965261,7.153208117216181
Apple,iOS,17.18,12.0,12.0,512.0,6.0,4194.0,204.0,2022,415,6.654184342695461,6.959018572919678
Apple,iOS,15.57,48.0,12.0,512.0,8.0,3187.0,187.0,2023,895,6.6972234824279475,7.049775539002566
Apple,iOS,15.56,12.0,12.0,128.0,4.0,3216.0,162.0,2021,190,6.302043056406258,6.683360945766275
Apple,iOS,13.52,12.0,12.0,64.0,4.0,2326.0,135.0,2020,386,5.862152810627642,6.54965074223381
Apple,iOS,13.88,12.0,12.0,128.0,4.0,2187.0,148.0,2021,533,6.213901538225559,6.54965074223381
Apple,iOS,15.64,12.0,12.0,512.0,6.0,2854.0,193.0,2020,408,6.947600130782345,7.049775539002566
Apple,iOS,13.89,12.0,12.0,64.0,4.0,2352.0,142.0,2020,186,6.1777869426694005,6.54965074223381
Apple,iOS,13.64,12.0,12.0,256.0,4.0,2144.0,131.0,2020,781,6.287704324060539,6.653894755005867
Apple,iOS,15.78,48.0,12.0,512.0,8.0,3226.0,189.0,2023,241,6.663685544507912,7.049775539002566
Apple,iOS,17.22,12.0,12.0,512.0,6.0,4353.0,207.0,2022,890,6.661786161177991,6.959018572919678
Apple,iOS,15.83,48.0,12.0,128.0,8.0,3314.0,185.0,2023,612,6.62332948167847,6.906754778648554
Apple,iOS,16.66,12.0,12.0,128.0,6.0,4463.0,209.0,2022,437,6.47832935677591,6.80128303447162
Apple,iOS,15.36,12.0,12.0,512.0,6.0,2976.0,190.0,2020,790,6.830085524154082,7.049775539002566
Apple,iOS,15.91,12.0,12.0,256.0,4.0,3236.0,171.0,2021,169,6.426200910732261,6.74547161592469
Apple,iOS,16.2,12.0,12.0,256.0,4.0,4061.0,234.0,2019,683,6.722072597724882,7.069704045968154
Apple,iOS,15.72,12.0,12.0,64.0,4.0,3003.0,192.0,2019,551,6.136551927548363,6.54965074223381
Apple,iOS,15.32,48.0,12.0,512.0,6.0,3268.0,205.0,2022,552,6.744587044259925,7.049775539002566
Apple,iOS,15.73,12.0,12.0,256.0,4.0,3275.0,181.0,2021,518,6.578862215342177,6.74547161592469
Apple,iOS,17.19,48.0,12.0,512.0,8.0,4474.0,236.0,2023,398,6.995898096590333,7.171195887060883
Apple,iOS,15.48,48.0,12.0,128.0,6.0,3286.0,199.0,2022,97,6.553853866432089,6.906754778648554
Apple,iOS,15.5,12.0,12.0,64.0,4.0,2546.0,167.0,2020,814,6.263814410560706,6.683360945766275
Apple,iOS,17.12,48.0,12.0,128.0,6.0,4469.0,191.0,2023,752,6.416432134435278,6.80128303447162
Apple,iOS,16.72,48.0,12.0,256.0,8.0,4495.0,227.0,2023,545,6.757425360371834,7.089243155027514
Apple,iOS,16.95,12.0,12.0,128.0,6.0,3720.0,222.0,2020,214,6.536643668899799,7.002155954403621
Apple,iOS,15.54,12.0,12.0,512.0,6.0,3343.0,169.0,2022,541,6.635750192508877,6.85919508836676
Apple,iOS,17.06,48.0,12.0,512.0,6.0,4446.0,195.0,2023,577,6.430363837572055,6.959018572919678
Apple,iOS,15.24,48.0,12.0,1024.0,6.0,3141.0,200.0,2022,790,7.045126523383541,7.213326384269658
Apple,iOS,15.59,48.0,12.0,512.0,6.0,3498.0,166.0,2023,751,6.462533239621449,6.85919508836676
Apple,iOS,15.51,48.0,12.0,128.0,8.0,3243.0,196.0,2023,662,6.527718782824083,6.906754778648554
Apple,iOS,13.49,12.0,12.0,128.0,4.0,2342.0,140.0,2021,361,6.403390949320468,6.54965074223381
Apple,iOS,15.35,12.0,12.0,128.0,6.0,3106.0,202.0,2021,741,6.466044739257884,6.906754778648554
Apple,iOS,15.35,12.0,12.0,128.0,6.0,3264.0,172.0,2022,83,6.415897696298529,6.683360945766275
Apple,iOS,13.83,12.0,12.0,512.0,4.0,2692.0,138.0,2021,744,6.377317175842799,6.74829050433111
Apple,iOS,16.96,48.0,12.0,512.0,6.0,4338.0,204.0,2023,278,6.532745832355188,6.959018572919678
Apple,iOS,16.83,48.0,12.0,1024.0,6.0,4256.0,228.0,2022,437,6.714811183951593,7.284409305236182
Apple,iOS,15.43,48.0,12.0,256.0,8.0,3143.0,182.0,2023,165,6.534498470223368,6.956735901203759
Apple,iOS,15.54,48.0,12.0,1024.0,6.0,3201.0,203.0,2022,356,6.835509693887594,7.213326384269658
Apple,iOS,15.61,48.0,12.0,1024.0,8.0,3278.0,174.0,2023,753,6.908153622883323,7.213326384269658
Apple,iOS,15.48,12.0,12.0,64.0,4.0,3013.0,195.0,2019,863,6.21328057798961,6.54965074223381
Apple,iOS,17.14,12.0,12.0,128.0,6.0,4418.0,211.0,2022,476,6.475399068087536,6.80128303447162
Apple,iOS,17.0,12.0,12.0,256.0,6.0,3603.0,234.0,2020,314,6.937195948978592,7.047691119279654
Apple,iOS,17.17,48.0,12.0,256.0,8.0,4557.0,224.0,2023,285,6.791059418569548,7.089243155027514
Apple,iOS,14.87,12.0,12.0,512.0,4.0,3147.0,197.0,2019,571,6.784618456496062,7.071743129087587
Apple,iOS,15.51,12.0,12.0,256.0,6.0,3466.0,173.0,2022,75,6.508215714961365,6.74547161592469
Apple,iOS,15.46,48.0,12.0,512.0,6.0,3357.0,209.0,2022,685,6.5150096584585855,7.049775539002566
Apple,iOS,15.78,48.0,12.0,1024.0,8.0,3333.0,185.0,2023,145,6.663120458249513,7.213326384269658
Apple,iOS,13.89,12.0,12.0,256.0,4.0,2365.0,147.0,2021,43,6.228109195563588,6.620339837647787
Apple,iOS,15.36,12.0,12.0,512.0,6.0,3295.0,170.0,2022,700,6.641023073901326,6.85919508836676
Apple,iOS,15.45,12.0,12.0,128.0,4.0,2884.0,166.0,2020,389,6.4329224480287905,6.7148984202727995
Apple,iOS,15.23,12.0,12.0,512.0,6.0,3225.0,170.0,2022,687,6.731949540261763,6.85919508836676
Apple,iOS,15.55,48.0,12.0,128.0,6.0,3337.0,168.0,2023,342,6.090778046733151,6.683360945766275
Apple,iOS,15.55,12.0,12.0,128.0,4.0,3332.0,182.0,2021,465,6.510806922107487,6.683360945766275
Apple,iOS,15.52,48.0,12.0,1024.0,8.0,3459.0,193.0,2023,865,6.778539758083083,7.213326384269658
Apple,iOS,15.72,48.0,12.0,256.0,6.0,3251.0,219.0,2022,334,6.698180352249889,6.956735901203759
Apple,iOS,15.68,48.0,12.0,512.0,8.0,3315.0,182.0,2023,581,6.60911231151031,7.049775539002566
Apple,iOS,17.09,48.0,12.0,256.0,6.0,4489.0,200.0,2023,210,6.568211173035713,6.856672488752821
Apple,iOS,15.37,12.0,12.0,1024.0,6.0,3250.0,205.0,2021,798,6.954838671746521,7.213326384269658
Apple,iOS,17.2,48.0,12.0,256.0,8.0,4500.0,211.0,2023,401,6.666863177292043,7.089243155027514
Apple,iOS,15.48,12.0,12.0,256.0,6.0,3393.0,168.0,2022,526,6.565850905540762,6.74547161592469
Apple,iOS,15.62,12.0,12.0,256.0,6.0,3180.0,166.0,2022,251,6.39158031202176,6.74547161592469
Apple,iOS,15.22,48.0,12.0,256.0,6.0,3290.0,202.0,2022,441,6.586158881391701,6.956735901203759
Apple,iOS,15.39,48.0,12.0,128.0,6.0,3302.0,201.0,2022,470,6.749670620649107,6.906754778648554
Apple,iOS,17.22,48.0,12.0,256.0,6.0,4406.0,197.0,2023,774,6.51146505248097,6.856672488752821
Apple,iOS,15.49,12.0,12.0,512.0,4.0,3235.0,174.0,2021,617,6.414462737895713,6.85919508836676
Apple,iOS,15.59,48.0,12.0,128.0,8.0,3406.0,185.0,2023,888,6.557943677961658,6.906754778648554
Apple,iOS,15.71,48.0,12.0,512.0,6.0,3339.0,165.0,2023,498,6.417962551213612,6.85919508836676
Apple,iOS,15.34,48.0,12.0,256.0,8.0,3217.0,188.0,2023,237,6.862786288758745,6.956735901203759
Apple,iOS,15.41,12.0,12.0,512.0,4.0,3381.0,169.0,2021,159,6.532500231007157,6.85919508836676
Apple,iOS,15.39,12.0,12.0,128.0,4.0,3090.0,196.0,2019,518,6.137429710705787,6.585619778460977
Apple,iOS,16.98,12.0,12.0,128.0,6.0,3640.0,228.0,2020,677,6.626998050431898,7.002155954403621
Apple,iOS,15.57,12.0,12.0,256.0,4.0,3186.0,202.0,2019,296,6.275279204501805,6.653894755005867
Apple,iOS,17.09,12.0,12.0,128.0,6.0,3859.0,231.0,2020,495,6.459593598160414,7.002155954403621
Apple,iOS,17.04,12.0,12.0,128.0,6.0,3796.0,223.0,2020,697,6.496550827951473,7.002155954403621
Apple,iOS,16.86,12.0,12.0,512.0,6.0,4466.0,191.0,2022,68,6.48149769857164,6.959018572919678
Apple,iOS,15.52,48.0,12.0,256.0,8.0,3427.0,192.0,2023,725,6.6856297740789055,6.956735901203759
Apple,iOS,17.2,48.0,12.0,1024.0,6.0,4417.0,233.0,2022,830,7.046304551129057,7.284409305236182
Apple,iOS,15.48,12.0,12.0,128.0,6.0,3323.0,154.0,2022,620,6.389368382920004,6.683360945766275
Apple,iOS,15.5,48.0,12.0,128.0,8.0,3265.0,180.0,2023,82,6.562160294312976,6.906754778648554
Apple,iOS,15.69,12.0,12.0,256.0,4.0,3354.0,167.0,2021,156,6.4399483428009585,6.74547161592469
Apple,iOS,13.69,12.0,12.0,512.0,4.0,2341.0,138.0,2021,635,6.311475047324721,6.74829050433111
Apple,iOS,15.42,48.0,12.0,512.0,8.0,3145.0,179.0,2023,104,6.894238117773009,7.049775539002566
Apple,iOS,17.23,48.0,12.0,1024.0,6.0,4219.0,238.0,2022,343,7.1958319274385945,7.284409305236182
Apple,iOS,13.89,12.0,12.0,128.0,4.0,2135.0,130.0,2020,552,6.361252405292082,6.585619778460977
Apple,iOS,16.96,12.0,12.0,512.0,6.0,3668.0,232.0,2020,182,6.846648765667132,7.132976670091312
Apple,iOS,15.54,48.0,12.0,512.0,6.0,3318.0,198.0,2022,282,6.792491133954205,7.049775539002566
Apple,iOS,15.63,48.0,12.0,256.0,6.0,3272.0,161.0,2023,86,6.353180004186591,6.74547161592469
Apple,iOS,13.83,12.0,12.0,512.0,4.0,2205.0,151.0,2021,738,6.501548309844621,6.74829050433111
Apple,iOS,17.41,48.0,12.0,512.0,6.0,4356.0,200.0,2023,628,6.58109348618382,6.959018572919678
Apple,iOS,16.41,12.0,12.0,64.0,4.0,4020.0,219.0,2019,716,6.829335503564543,7.002155954403621
Apple,iOS,15.49,48.0,12.0,1024.0,6.0,3242.0,206.0,2022,239,6.886879916910354,7.213326384269658
Apple,iOS,15.42,12.0,12.0,128.0,6.0,3441.0,171.0,2022,740,6.269648976513626,6.683360945766275
Apple,iOS,15.58,12.0,12.0,128.0,6.0,3215.0,175.0,2022,683,6.323532895413978,6.683360945766275
Apple,iOS,15.37,12.0,12.0,128.0,4.0,2921.0,169.0,2020,396,6.274870059251795,6.7148984202727995
Apple,iOS,16.41,12.0,12.0,512.0,4.0,3758.0,227.0,2019,574,6.653347187080601,7.153208117216181
Apple,iOS,15.27,12.0,12.0,128.0,4.0,3181.0,174.0,2021,385,6.291358865935655,6.683360945766275
Apple,iOS,15.6,48.0,12.0,256.0,6.0,3292.0,196.0,2022,323,6.66325772969038,6.956735901203759
Apple,iOS,15.24,12.0,12.0,256.0,4.0,2802.0,175.0,2020,149,6.640076977435345,6.775137754367298
Apple,iOS,17.09,48.0,12.0,1024.0,8.0,4529.0,226.0,2023,116,6.873813013125717,7.317345201667251
Apple,iOS,16.99,12.0,12.0,256.0,6.0,4377.0,247.0,2021,840,6.7281284453926595,7.047691119279654
Apple,iOS,16.93,48.0,12.0,512.0,8.0,4502.0,217.0,2023,89,6.721164945475295,7.171195887060883
Apple,iOS,15.7,48.0,12.0,128.0,6.0,3307.0,205.0,2022,619,6.728364281482854,6.906754778648554
Apple,iOS,16.46,12.0,12.0,64.0,4.0,4142.0,225.0,2019,649,6.691875835126418,7.002155954403621
Apple,iOS,13.55,12.0,12.0,64.0,4.0,2296.0,130.0,2020,547,6.468412756838011,6.54965074223381
Apple,iOS,16.74,48.0,12.0,512.0,6.0,4491.0,240.0,2022,218,6.869612264083234,7.132976670091312
Apple,iOS,15.3,12.0,12.0,512.0,6.0,2886.0,204.0,2021,113,6.427920038512916,7.049775539002566
Apple,iOS,17.13,48.0,12.0,512.0,6.0,4426.0,202.0,2023,185,6.726229810982673,6.959018572919678
Apple,iOS,16.96,48.0,12.0,512.0,8.0,4455.0,224.0,2023,792,6.859002084312038,7.171195887060883
Apple,iOS,16.92,12.0,12.0,128.0,6.0,4371.0,202.0,2022,329,6.397770208276096,6.80128303447162
Apple,iOS,15.41,12.0,12.0,256.0,4.0,2823.0,158.0,2020,549,6.5328961278538555,6.775137754367298
Apple,iOS,15.67,48.0,12.0,1024.0,6.0,3140.0,203.0,2022,197,6.888164446441017,7.213326384269658
Apple,iOS,17.02,12.0,12.0,256.0,6.0,4384.0,200.0,2022,744,6.720022823989805,6.856672488752821
Apple,iOS,16.87,48.0,12.0,1024.0,6.0,4536.0,249.0,2022,279,7.144456604857189,7.284409305236182
Apple,iOS,13.61,12.0,12.0,256.0,4.0,2251.0,130.0,2020,512,6.252016588583795,6.653894755005867
Apple,iOS,15.38,12.0,12.0,1024.0,6.0,3125.0,195.0,2021,512,6.850217740965674,7.213326384269658
Apple,iOS,16.75,48.0,12.0,1024.0,8.0,4538.0,216.0,2023,124,6.628942051001232,7.317345201667251
Apple,iOS,13.72,12.0,12.0,128.0,4.0,2144.0,144.0,2020,705,6.385853189906975,6.585619778460977
Apple,iOS,15.6,12.0,12.0,256.0,6.0,3119.0,213.0,2021,804,6.674710399796421,6.956735901203759
Apple,iOS,16.7,48.0,12.0,256.0,8.0,4505.0,219.0,2023,118,6.4355029614453025,7.089243155027514
Apple,iOS,15.3,48.0,12.0,128.0,6.0,3212.0,207.0,2022,310,6.774725935322877,6.906754778648554
Apple,iOS,17.23,12.0,12.0,256.0,6.0,4271.0,240.0,2021,719,6.521067363878683,7.047691119279654
Apple,iOS,15.49,48.0,12.0,512.0,6.0,3345.0,177.0,2023,571,6.524633530949701,6.85919508836676
Apple,iOS,16.93,48.0,12.0,1024.0,8.0,4456.0,216.0,2023,697,6.975485558597434,7.317345201667251
Apple,iOS,15.3,12.0,12.0,128.0,4.0,3409.0,172.0,2021,802,6.388954044498096,6.683360945766275
Apple,iOS,17.23,12.0,12.0,256.0,6.0,4348.0,212.0,2022,570,6.553189883848191,6.856672488752821
Apple,iOS,15.38,12.0,12.0,128.0,6.0,3272.0,186.0,2022,250,6.2991578183198165,6.683360945766275
Apple,iOS,17.12,12.0,12.0,128.0,6.0,3777.0,225.0,2020,669,6.805605243667271,7.002155954403621
Apple,iOS,15.65,48.0,12.0,128.0,6.0,3319.0,168.0,2023,787,6.105958186012528,6.683360945766275
Apple,iOS,15.51,12.0,12.0,128.0,4.0,3499.0,171.0,2021,230,6.316333838707673,6.683360945766275
Apple,iOS,15.19,12.0,12.0,1024.0,6.0,3025.0,210.0,2021,216,6.924656840935227,7.213326384269658
Apple,iOS,17.02,48.0,12.0,256.0,8.0,4466.0,216.0,2023,440,6.74266163265919,7.089243155027514
Apple,iOS,17.1,48.0,12.0,256.0,8.0,4329.0,222.0,2023,208,6.747403255386924,7.089243155027514
Apple,iOS,15.48,12.0,12.0,512.0,6.0,3215.0,206.0,2021,595,6.739454035020763,7.049775539002566
Apple,iOS,15.42,48.0,12.0,256.0,6.0,3487.0,170.0,2023,604,6.317855949323458,6.74547161592469
Apple,iOS,15.71,12.0,12.0,512.0,4.0,3293.0,177.0,2021,274,6.62629332835055,6.85919508836676
Apple,iOS,13.55,12.0,12.0,512.0,4.0,2306.0,140.0,2021,205,6.364919815251636,6.74829050433111
Apple,iOS,15.52,12.0,12.0,128.0,6.0,3205.0,170.0,2022,814,6.475627733669091,6.683360945766275
Apple,iOS,15.56,48.0,12.0,512.0,8.0,3242.0,187.0,2023,88,6.7486219206104225,7.049775539002566
Apple,iOS,17.13,48.0,12.0,256.0,8.0,4516.0,222.0,2023,94,6.5715274388393485,7.089243155027514
Apple,iOS,15.65,48.0,12.0,256.0,8.0,3273.0,176.0,2023,198,6.477532385252745,6.956735901203759
Apple,iOS,17.13,12.0,12.0,256.0,6.0,3712.0,224.0,2020,325,6.666092391382608,7.047691119279654
Apple,iOS,16.92,48.0,12.0,256.0,8.0,4438.0,226.0,2023,869,6.889962253923356,7.089243155027514
Apple,iOS,15.4,12.0,12.0,64.0,4.0,3015.0,157.0,2020,202,6.498577837060478,6.683360945766275
Apple,iOS,15.65,48.0,12.0,256.0,6.0,3237.0,167.0,2023,886,6.496830525377538,6.74547161592469
Apple,iOS,15.37,12.0,12.0,64.0,4.0,3193.0,194.0,2019,476,6.069830176038016,6.54965074223381
Apple,iOS,13.83,12.0,12.0,256.0,4.0,2404.0,139.0,2020,109,6.362935709260109,6.653894755005867
Apple,iOS,13.74,12.0,12.0,256.0,4.0,2315.0,133.0,2021,63,6.324972174834136,6.620339837647787
Apple,iOS,15.56,48.0,12.0,512.0,6.0,3226.0,209.0,2022,120,6.717147014546639,7.049775539002566
Apple,iOS,16.92,48.0,12.0,1024.0,8.0,4495.0,216.0,2023,598,6.99592141952584,7.317345201667251
Apple,iOS,15.79,12.0,12.0,256.0,4.0,2954.0,170.0,2020,122,6.50878518090048,6.775137754367298
Apple,iOS,15.43,12.0,12.0,512.0,6.0,2727.0,187.0,2020,683,6.747167270618875,7.049775539002566
Apple,iOS,15.53,12.0,12.0,256.0,4.0,3227.0,184.0,2021,738,6.442778956018809,6.74547161592469
Apple,iOS,15.89,48.0,12.0,256.0,6.0,3334.0,167.0,2023,207,6.326205494225212,6.74547161592469
Apple,iOS,17.1,12.0,12.0,256.0,6.0,4248.0,202.0,2022,125,6.585011590725054,6.856672488752821
Apple,iOS,16.88,12.0,12.0,512.0,6.0,4389.0,234.0,2021,316,6.734019339222879,7.132976670091312
Apple,iOS,15.61,12.0,12.0,256.0,4.0,2890.0,169.0,2020,518,6.453357924897633,6.775137754367298
Apple,iOS,16.87,48.0,12.0,512.0,8.0,4441.0,224.0,2023,515,6.884438529810771,7.171195887060883
Apple,iOS,15.35,12.0,12.0,256.0,4.0,2877.0,168.0,2020,305,6.2840828393761,6.775137754367298
Apple,iOS,13.73,12.0,12.0,64.0,4.0,2077.0,130.0,2020,450,6.118808333285281,6.54965074223381
Apple,iOS,17.17,48.0,12.0,256.0,8.0,4538.0,213.0,2023,160,6.740280232735475,7.089243155027514
Apple,iOS,15.56,48.0,12.0,256.0,6.0,3476.0,169.0,2023,745,6.536412331983457,6.74547161592469
Apple,iOS,15.5,48.0,12.0,256.0,6.0,3384.0,177.0,2023,68,6.355322161120077,6.74547161592469
Apple,iOS,16.82,48.0,12.0,128.0,6.0,4210.0,246.0,2022,402,6.721449345871606,7.002155954403621
Apple,iOS,15.24,48.0,12.0,512.0,6.0,3310.0,214.0,2022,462,6.733335132888567,7.049775539002566
Apple,iOS,17.11,12.0,12.0,128.0,6.0,4259.0,197.0,2022,62,6.4637269647583535,6.80128303447162
Apple,iOS,13.64,12.0,12.0,64.0,4.0,2393.0,130.0,2020,61,6.319395131725719,6.54965074223381
Apple,iOS,15.66,48.0,12.0,1024.0,6.0,3281.0,211.0,2022,570,6.749807245849921,7.213326384269658
Apple,iOS,15.37,12.0,12.0,256.0,4.0,2843.0,166.0,2020,307,6.4842451329161195,6.775137754367298
Apple,iOS,16.81,48.0,12.0,128.0,6.0,4343.0,246.0,2022,768,6.669177074411795,7.002155954403621
Apple,iOS,16.89,48.0,12.0,512.0,8.0,4459.0,217.0,2023,276,7.011159467970479,7.171195887060883
Apple,iOS,16.94,12.0,12.0,256.0,6.0,4204.0,204.0,2022,799,6.689916366728036,6.856672488752821
Apple,iOS,17.18,12.0,12.0,128.0,6.0,3682.0,226.0,2020,129,6.578164080735976,7.002155954403621
Apple,iOS,17.16,48.0,12.0,128.0,6.0,4341.0,189.0,2023,377,6.3368744648786945,6.80128303447162
Apple,iOS,16.93,12.0,12.0,128.0,6.0,4281.0,213.0,2022,346,6.553474584844927,6.80128303447162
Apple,iOS,15.43,12.0,12.0,128.0,6.0,3206.0,195.0,2021,337,6.693664088531783,6.906754778648554
Apple,iOS,15.41,48.0,12.0,128.0,6.0,3379.0,168.0,2023,596,6.4155693649243055,6.683360945766275
Apple,iOS,15.58,48.0,12.0,128.0,8.0,3267.0,184.0,2023,180,6.594756958062881,6.906754778648554
Apple,iOS,15.57,12.0,12.0,128.0,6.0,3386.0,190.0,2022,860,6.414114587825747,6.683360945766275
Apple,iOS,13.69,12.0,12.0,256.0,4.0,2357.0,137.0,2021,629,6.35962784724459,6.620339837647787
Apple,iOS,15.66,12.0,12.0,256.0,6.0,2909.0,188.0,2020,640,6.553553975842182,6.956735901203759
Apple,iOS,13.85,12.0,12.0,256.0,4.0,2192.0,135.0,2020,134,6.407231883821614,6.653894755005867
Apple,iOS,17.02,12.0,12.0,256.0,6.0,4332.0,198.0,2022,820,6.498920087593119,6.856672488752821
Apple,iOS,16.98,12.0,12.0,512.0,6.0,4281.0,203.0,2022,126,6.59755270734556,6.959018572919678
Apple,iOS,15.75,12.0,12.0,512.0,6.0,2915.0,201.0,2021,239,6.798754212445062,7.049775539002566
Apple,iOS,15.57,48.0,12.0,256.0,8.0,3248.0,188.0,2023,334,6.64709740167092,6.956735901203759
Apple,iOS,15.44,12.0,12.0,256.0,4.0,2861.0,168.0,2020,795,6.354446841977527,6.775137754367298
Apple,iOS,17.04,48.0,12.0,512.0,8.0,4560.0,217.0,2023,253,6.72577408548083,7.171195887060883
Apple,iOS,15.3,12.0,12.0,128.0,4.0,3133.0,188.0,2019,552,6.310511588703688,6.585619778460977
Apple,iOS,15.26,48.0,12.0,128.0,8.0,3307.0,187.0,2023,329,6.55043338171749,6.906754778648554
Apple,iOS,15.45,48.0,12.0,512.0,6.0,3348.0,167.0,2023,520,6.597825076524098,6.85919508836676
Apple,iOS,16.92,48.0,12.0,256.0,8.0,4446.0,222.0,2023,815,6.95075166907713,7.089243155027514
Apple,iOS,15.42,12.0,12.0,128.0,4.0,3107.0,190.0,2019,287,6.068065940249071,6.585619778460977
Apple,iOS,15.58,12.0,12.0,1024.0,6.0,3007.0,197.0,2021,871,6.945977944757989,7.213326384269658
Apple,iOS,15.62,48.0,12.0,512.0,6.0,2995.0,203.0,2022,411,6.759906245624416,7.049775539002566
Apple,iOS,15.74,12.0,12.0,256.0,6.0,3112.0,164.0,2022,646,6.487794151617947,6.74547161592469
Apple,iOS,13.41,12.0,12.0,256.0,4.0,2235.0,140.0,2021,468,6.0038323798549795,6.620339837647787
Apple,iOS,15.64,12.0,12.0,256.0,6.0,2693.0,189.0,2020,742,6.637751850322049,6.956735901203759
Apple,iOS,15.35,12.0,12.0,512.0,6.0,3279.0,171.0,2022,530,6.6424621636315795,6.85919508836676
Apple,iOS,17.14,12.0,12.0,256.0,6.0,4366.0,206.0,2022,736,6.718598100036044,6.856672488752821
Apple,iOS,17.1,48.0,12.0,256.0,8.0,4384.0,221.0,2023,875,6.606398747818544,7.089243155027514
Apple,iOS,15.5,48.0,12.0,1024.0,6.0,3168.0,217.0,2022,698,7.083342217820354,7.213326384269658
Apple,iOS,17.16,12.0,12.0,512.0,6.0,4446.0,201.0,2022,411,6.585912353344647,6.959018572919678
Apple,iOS,16.62,12.0,12.0,512.0,4.0,3795.0,230.0,2019,54,7.016869102917513,7.153208117216181
Apple,iOS,13.83,12.0,12.0,512.0,4.0,2431.0,135.0,2021,549,6.394988718929026,6.74829050433111
Apple,iOS,15.8,48.0,12.0,256.0,8.0,3129.0,178.0,2023,233,6.677755629241687,6.956735901203759
Apple,iOS,15.45,12.0,12.0,64.0,4.0,2971.0,169.0,2020,772,6.173003354887596,6.683360945766275
Apple,iOS,15.46,12.0,12.0,128.0,6.0,2950.0,207.0,2021,727,6.301796205789694,6.906754778648554
Apple,iOS,15.69,48.0,12.0,256.0,6.0,3294.0,176.0,2023,473,6.518177377397235,6.74547161592469
Apple,iOS,15.46,48.0,12.0,128.0,8.0,3354.0,188.0,2023,455,6.59034714502037,6.906754778648554
Apple,iOS,15.49,12.0,12.0,1024.0,6.0,3063.0,205.0,2021,423,7.03275551599929,7.213326384269658
Apple,iOS,15.69,48.0,12.0,128.0,6.0,3323.0,174.0,2023,103,6.326495902538553,6.683360945766275
Apple,iOS,15.56,48.0,12.0,1024.0,8.0,3291.0,196.0,2023,728,6.864835000745709,7.213326384269658
Apple,iOS,17.18,48.0,12.0,128.0,6.0,4439.0,192.0,2023,322,6.402588802439144,6.80128303447162
Apple,iOS,15.48,48.0,12.0,512.0,8.0,3313.0,185.0,2023,799,6.7705821522542085,7.049775539002566
Apple,iOS,16.78,12.0,12.0,512.0,6.0,4244.0,203.0,2022,229,6.592984970544674,6.959018572919678
Apple,iOS,13.7,12.0,12.0,128.0,4.0,2448.0,133.0,2021,234,6.035441678869894,6.54965074223381
Apple,iOS,16.82,48.0,12.0,512.0,6.0,4466.0,242.0,2022,637,6.858517833971354,7.132976670091312
Apple,iOS,17.07,48.0,12.0,128.0,6.0,4417.0,235.0,2022,278,6.695460390831792,7.002155954403621
Apple,iOS,15.65,48.0,12.0,128.0,8.0,3244.0,183.0,2023,618,6.741689162062406,6.906754778648554
Apple,iOS,16.76,48.0,12.0,1024.0,6.0,4241.0,232.0,2022,397,7.0632381371156425,7.284409305236182
Apple,iOS,16.89,48.0,12.0,256.0,6.0,4359.0,203.0,2023,499,6.590087301305759,6.856672488752821
Apple,iOS,13.97,12.0,12.0,256.0,4.0,2088.0,133.0,2020,690,6.463846129314982,6.653894755005867
Apple,iOS,15.61,12.0,12.0,1024.0,6.0,3148.0,209.0,2021,220,6.963373584270031,7.213326384269658
Apple,iOS,17.07,12.0,12.0,512.0,6.0,3682.0,224.0,2020,398,6.567493017869814,7.132976670091312
Apple,iOS,15.51,48.0,12.0,128.0,8.0,3126.0,190.0,2023,624,6.780511783418146,6.906754778648554
Apple,iOS,16.9,12.0,12.0,128.0,6.0,4575.0,233.0,2021,535,6.701476162288688,7.002155954403621
Apple,iOS,16.96,48.0,12.0,512.0,6.0,4531.0,211.0,2023,795,6.682821568432007,6.959018572919678
Apple,iOS,15.64,48.0,12.0,128.0,6.0,3286.0,160.0,2023,187,6.49716431575553,6.683360945766275
Apple,iOS,16.77,12.0,12.0,256.0,6.0,4512.0,240.0,2021,858,6.808507285460224,7.047691119279654
Apple,iOS,15.41,12.0,12.0,256.0,4.0,2810.0,167.0,2020,506,6.357568983463929,6.775137754367298
Apple,iOS,14.91,12.0,12.0,64.0,4.0,3060.0,176.0,2019,409,6.670045831770054,6.906754778648554
Apple,iOS,13.58,12.0,12.0,64.0,4.0,2197.0,136.0,2020,171,6.147583033828679,6.54965074223381
Apple,iOS,15.68,48.0,12.0,128.0,8.0,3496.0,187.0,2023,692,6.476522789562412,6.906754778648554
Apple,iOS,15.47,48.0,12.0,256.0,6.0,3479.0,167.0,2023,729,6.407026409236802,6.74547161592469
Apple,iOS,15.26,48.0,12.0,128.0,8.0,3421.0,188.0,2023,410,6.421041251372128,6.906754778648554
Apple,iOS,15.71,48.0,12.0,128.0,6.0,3277.0,169.0,2023,690,6.172557199825285,6.683360945766275
Apple,iOS,17.15,12.0,12.0,512.0,6.0,3692.0,236.0,2020,878,6.832702845044881,7.132976670091312
Apple,iOS,13.58,12.0,12.0,256.0,4.0,2444.0,139.0,2021,202,6.485948462211432,6.620339837647787
Apple,iOS,15.47,12.0,12.0,512.0,4.0,3284.0,171.0,2021,793,6.566304129156776,6.85919508836676
Apple,iOS,15.57,12.0,12.0,128.0,6.0,3157.0,161.0,2022,686,6.365763914103342,6.683360945766275
Apple,iOS,16.86,48.0,12.0,256.0,8.0,4209.0,212.0,2023,181,6.9549443298813145,7.089243155027514
Apple,iOS,13.74,12.0,12.0,128.0,4.0,2235.0,131.0,2020,719,6.317928686613841,6.585619778460977
Apple,iOS,17.41,48.0,12.0,512.0,8.0,4451.0,213.0,2023,866,6.889686931335686,7.171195887060883
Apple,iOS,15.69,48.0,12.0,256.0,6.0,3339.0,159.0,2023,107,6.257681703676599,6.74547161592469
Apple,iOS,17.01,48.0,12.0,512.0,8.0,4403.0,214.0,2023,234,6.695683525368197,7.171195887060883
Apple,iOS,16.99,12.0,12.0,512.0,6.0,4266.0,243.0,2021,640,6.7763828670028605,7.132976670091312
Apple,iOS,15.47,48.0,12.0,128.0,6.0,3169.0,208.0,2022,601,6.64906533906323,6.906754778648554
Apple,iOS,15.56,12.0,12.0,64.0,4.0,3015.0,198.0,2019,217,6.265797591683833,6.54965074223381
Apple,iOS,15.48,48.0,12.0,512.0,6.0,3425.0,176.0,2023,581,6.629145084091461,6.85919508836676
Apple,iOS,15.38,48.0,12.0,128.0,6.0,3269.0,207.0,2022,92,6.607191628864832,6.906754778648554
Apple,iOS,15.42,48.0,12.0,512.0,6.0,3307.0,171.0,2023,763,6.478552021056539,6.85919508836676
Apple,iOS,15.24,48.0,12.0,256.0,6.0,3296.0,161.0,2023,508,6.327140539924672,6.74547161592469
Apple,iOS,16.91,12.0,12.0,256.0,6.0,4284.0,192.0,2022,573,6.6223883571548345,6.856672488752821
Apple,iOS,15.46,48.0,12.0,512.0,6.0,3279.0,169.0,2023,74,6.609646572811518,6.85919508836676
Apple,iOS,16.75,48.0,12.0,128.0,6.0,4307.0,232.0,2022,562,6.716433765976045,7.002155954403621
Apple,iOS,15.67,12.0,12.0,256.0,4.0,3273.0,177.0,2021,404,6.410799445971572,6.74547161592469
Apple,iOS,13.51,12.0,12.0,256.0,4.0,2508.0,145.0,2021,731,6.245736847812653,6.620339837647787
Apple,iOS,14.8,12.0,12.0,512.0,4.0,3165.0,182.0,2019,621,6.640199224767659,7.071743129087587
Apple,iOS,15.7,12.0,12.0,128.0,4.0,3281.0,162.0,2021,573,6.245484869051527,6.683360945766275
Apple,iOS,15.42,12.0,12.0,256.0,6.0,2778.0,189.0,2020,899,6.807996335790745,6.956735901203759
Apple,iOS,15.47,12.0,12.0,256.0,6.0,3237.0,176.0,2022,657,6.236045945047441,6.74547161592469
Apple,iOS,16.91,48.0,12.0,256.0,8.0,4514.0,220.0,2023,770,6.726846376761088,7.089243155027514
Apple,iOS,17.04,12.0,12.0,512.0,6.0,4433.0,187.0,2022,489,6.536678633793764,6.959018572919678
Apple,iOS,15.46,12.0,12.0,256.0,6.0,2844.0,187.0,2020,205,6.568723632504318,6.956735901203759
Apple,iOS,17.25,12.0,12.0,512.0,6.0,4271.0,239.0,2021,614,6.822877286432791,7.132976670091312
Apple,iOS,16.97,12.0,12.0,128.0,6.0,4460.0,202.0,2022,448,6.453349513745102,6.80128303447162
Apple,iOS,16.87,12.0,12.0,512.0,6.0,4350.0,204.0,2022,508,6.497708458799713,6.959018572919678
Apple,iOS,17.1,12.0,12.0,256.0,6.0,4266.0,248.0,2021,833,6.748002984014083,7.047691119279654
Apple,iOS,15.54,12.0,12.0,128.0,6.0,2796.0,180.0,2020,822,6.567899301977937,6.906754778648554
Apple,iOS,17.15,12.0,12.0,128.0,6.0,4068.0,202.0,2022,266,6.711667399691353,6.80128303447162
Apple,iOS,13.73,12.0,12.0,256.0,4.0,2145.0,130.0,2020,199,6.282854992238757,6.653894755005867
Apple,iOS,13.53,12.0,12.0,512.0,4.0,2407.0,138.0,2021,118,6.46275061490016,6.74829050433111
Apple,iOS,17.08,48.0,12.0,1024.0,8.0,4602.0,210.0,2023,654,6.863192526371466,7.317345201667251
Apple,iOS,15.42,12.0,12.0,64.0,4.0,2876.0,164.0,2020,380,6.236159413153196,6.683360945766275
Apple,iOS,16.82,12.0,12.0,256.0,6.0,4396.0,233.0,2021,117,6.755102904531006,7.047691119279654
Apple,iOS,15.38,12.0,12.0,512.0,6.0,2969.0,190.0,2020,488,6.853194619932955,7.049775539002566
Apple,iOS,15.31,12.0,12.0,512.0,6.0,2769.0,187.0,2020,464,6.635975512205565,7.049775539002566
Apple,iOS,13.51,12.0,12.0,128.0,4.0,2289.0,144.0,2021,359,6.019935286968501,6.54965074223381
Apple,iOS,16.79,48.0,12.0,1024.0,8.0,4457.0,224.0,2023,882,7.060472716666211,7.317345201667251
Apple,iOS,15.34,12.0,12.0,256.0,4.0,3379.0,184.0,2019,121,6.212451463868897,6.653894755005867
Apple,iOS,16.68,12.0,12.0,1024.0,6.0,4618.0,237.0,2021,772,6.803169157251827,7.284409305236182
Apple,iOS,15.54,12.0,12.0,256.0,6.0,2743.0,190.0,2020,178,6.669377355116416,6.956735901203759
Apple,iOS,16.63,12.0,12.0,256.0,4.0,4042.0,226.0,2019,526,6.836901887317589,7.069704045968154
Apple,iOS,15.55,48.0,12.0,512.0,6.0,3265.0,164.0,2023,230,6.6090098693380614,6.85919508836676
Apple,iOS,17.03,48.0,12.0,512.0,8.0,4444.0,228.0,2023,600,6.894013545157965,7.171195887060883
Apple,iOS,17.2,12.0,12.0,1024.0,6.0,4318.0,234.0,2021,590,7.030517139093123,7.284409305236182
Apple,iOS,16.91,12.0,12.0,128.0,6.0,4135.0,239.0,2021,746,6.6636623836863285,7.002155954403621
Apple,iOS,16.9,12.0,12.0,256.0,6.0,4280.0,203.0,2022,263,6.274758463518511,6.856672488752821
Apple,iOS,15.57,48.0,12.0,128.0,6.0,3257.0,178.0,2023,510,6.490889015967268,6.683360945766275
Apple,iOS,16.93,48.0,12.0,256.0,8.0,4333.0,215.0,2023,379,6.635053204590789,7.089243155027514
Apple,iOS,15.39,48.0,12.0,128.0,6.0,3224.0,207.0,2022,142,6.751905072573236,6.906754778648554
Apple,iOS,17.07,12.0,12.0,512.0,6.0,3659.0,232.0,2020,377,6.886527726645352,7.132976670091312
Apple,iOS,15.33,12.0,12.0,256.0,6.0,3128.0,167.0,2022,598,6.340037446389268,6.74547161592469
Apple,iOS,15.45,12.0,12.0,128.0,4.0,3140.0,175.0,2021,667,6.2288652129645765,6.683360945766275
Apple,iOS,16.92,48.0,12.0,128.0,6.0,4248.0,246.0,2022,102,6.644019172422931,7.002155954403621
Apple,iOS,13.93,12.0,12.0,128.0,4.0,2504.0,142.0,2021,228,6.446410797725519,6.54965074223381
Apple,iOS,15.55,48.0,12.0,256.0,8.0,3325.0,181.0,2023,293,6.75127791928852,6.956735901203759
Apple,iOS,15.72,12.0,12.0,256.0,4.0,3004.0,165.0,2020,652,6.440046517640036,6.775137754367298
Apple,iOS,16.81,48.0,12.0,512.0,6.0,4383.0,202.0,2023,702,6.669928891008235,6.959018572919678
Apple,iOS,15.47,48.0,12.0,1024.0,8.0,3167.0,183.0,2023,313,6.950922519386129,7.213326384269658
Apple,iOS,16.91,12.0,12.0,256.0,6.0,4301.0,243.0,2021,896,6.782043683766157,7.047691119279654
Apple,iOS,15.51,48.0,12.0,512.0,8.0,3272.0,182.0,2023,668,6.701726576515827,7.049775539002566
Apple,iOS,14.71,12.0,12.0,64.0,4.0,2887.0,182.0,2019,472,6.557012885263666,6.906754778648554
Apple,iOS,15.55,48.0,12.0,1024.0,6.0,3206.0,211.0,2022,68,6.873861726496875,7.213326384269658
Apple,iOS,15.58,48.0,12.0,512.0,6.0,3390.0,176.0,2023,414,6.608086174837659,6.85919508836676
Apple,iOS,15.52,12.0,12.0,128.0,4.0,3226.0,190.0,2019,820,6.1895045400684,6.585619778460977
Apple,iOS,15.46,12.0,12.0,256.0,4.0,3231.0,173.0,2021,779,6.134025845143848,6.74547161592469
Apple,iOS,15.1,12.0,12.0,256.0,6.0,3434.0,164.0,2022,501,6.32642934668264,6.74547161592469
Apple,iOS,15.51,12.0,12.0,512.0,6.0,3038.0,210.0,2021,718,6.811341092536296,7.049775539002566
Apple,iOS,15.43,48.0,12.0,128.0,8.0,3271.0,182.0,2023,664,6.366569078082828,6.906754778648554
Apple,iOS,17.1,48.0,12.0,256.0,6.0,4389.0,196.0,2023,129,6.387195237009395,6.856672488752821
Apple,iOS,15.58,48.0,12.0,512.0,6.0,3438.0,173.0,2023,515,6.508638015566267,6.85919508836676
Apple,iOS,15.13,48.0,12.0,512.0,8.0,3477.0,184.0,2023,190,6.808445938114388,7.049775539002566
Apple,iOS,16.92,48.0,12.0,128.0,6.0,4326.0,243.0,2022,681,6.733931102693608,7.002155954403621
Apple,iOS,13.61,12.0,12.0,512.0,4.0,2339.0,147.0,2021,641,6.520637993053114,6.74829050433111
Apple,iOS,17.13,12.0,12.0,128.0,6.0,3767.0,222.0,2020,623,6.714464388699671,7.002155954403621
Apple,iOS,15.65,12.0,12.0,256.0,4.0,3076.0,192.0,2019,327,6.20908123322345,6.653894755005867
Apple,iOS,17.23,12.0,12.0,512.0,6.0,3679.0,221.0,2020,518,6.734205131253893,7.132976670091312
Apple,iOS,17.06,48.0,12.0,512.0,6.0,4416.0,200.0,2023,97,6.87631827402162,6.959018572919678
Apple,iOS,17.0,48.0,12.0,512.0,6.0,4180.0,201.0,2023,752,6.826283621749746,6.959018572919678
Apple,iOS,15.39,48.0,12.0,256.0,8.0,3433.0,189.0,2023,57,6.535018699226361,6.956735901203759
Apple,iOS,13.52,12.0,12.0,256.0,4.0,2553.0,147.0,2021,496,6.346429076584073,6.620339837647787
Apple,iOS,16.85,48.0,12.0,1024.0,8.0,4273.0,219.0,2023,279,7.019415530516225,7.317345201667251
Apple,iOS,15.51,48.0,12.0,512.0,6.0,3404.0,177.0,2023,480,6.59746533450538,6.85919508836676
Apple,iOS,17.08,48.0,12.0,512.0,8.0,4339.0,214.0,2023,451,6.78237295186623,7.171195887060883
Apple,iOS,15.28,12.0,12.0,512.0,6.0,3192.0,179.0,2022,776,6.536936234858006,6.85919508836676
Apple,iOS,16.91,48.0,12.0,1024.0,6.0,4365.0,242.0,2022,151,6.915038004849195,7.284409305236182
Apple,iOS,17.21,48.0,12.0,1024.0,8.0,4512.0,224.0,2023,560,6.87250965313053,7.317345201667251
Apple,iOS,16.9,48.0,12.0,256.0,6.0,4202.0,188.0,2023,386,6.557799459740767,6.856672488752821
Apple,iOS,17.02,12.0,12.0,128.0,6.0,4558.0,211.0,2022,653,6.4511553339708865,6.80128303447162
Apple,iOS,15.58,48.0,12.0,128.0,6.0,3162.0,206.0,2022,336,6.610083657188404,6.906754778648554
Apple,iOS,15.57,12.0,12.0,512.0,4.0,3245.0,182.0,2021,744,6.656915649855686,6.85919508836676
Apple,iOS,15.32,48.0,12.0,1024.0,8.0,3452.0,190.0,2023,381,7.132791438183629,7.213326384269658
Apple,iOS,13.85,12.0,12.0,512.0,4.0,2449.0,152.0,2021,513,6.3441325984664445,6.74829050433111
Apple,iOS,15.58,12.0,12.0,128.0,4.0,2709.0,172.0,2020,848,6.511281785477352,6.7148984202727995
Apple,iOS,14.6,12.0,12.0,512.0,4.0,3037.0,191.0,2019,61,6.746481041239009,7.071743129087587
Apple,iOS,15.57,48.0,12.0,256.0,6.0,3373.0,170.0,2023,856,6.441378382693621,6.74547161592469
Apple,iOS,16.74,12.0,12.0,512.0,6.0,3657.0,225.0,2020,98,6.85605238500498,7.132976670091312
Apple,iOS,16.96,48.0,12.0,512.0,8.0,4230.0,227.0,2023,309,6.994387413415449,7.171195887060883
Apple,iOS,16.95,48.0,12.0,1024.0,6.0,4271.0,245.0,2022,881,6.8773346477411135,7.284409305236182
Apple,iOS,15.33,12.0,12.0,128.0,6.0,3406.0,170.0,2022,284,6.20770785379402,6.683360945766275
Apple,iOS,16.98,12.0,12.0,256.0,6.0,3730.0,225.0,2020,662,6.801844816457579,7.047691119279654
Apple,iOS,15.42,12.0,12.0,256.0,6.0,3249.0,188.0,2021,233,6.716905788795584,6.956735901203759
Apple,iOS,17.08,12.0,12.0,512.0,6.0,3608.0,223.0,2020,659,6.788099126005966,7.132976670091312
Apple,iOS,17.09,48.0,12.0,128.0,6.0,4227.0,247.0,2022,349,6.67951673935631,7.002155954403621
Apple,iOS,17.18,48.0,12.0,512.0,6.0,4567.0,199.0,2023,726,6.585090669676225,6.959018572919678
Apple,iOS,17.33,48.0,12.0,512.0,6.0,4324.0,240.0,2022,830,6.832931656604916,7.132976670091312
Apple,iOS,13.75,12.0,12.0,256.0,4.0,2262.0,135.0,2020,678,6.331453240725361,6.653894755005867
Apple,iOS,15.95,12.0,12.0,256.0,4.0,3177.0,190.0,2019,479,6.216803277781768,6.653894755005867
Apple,iOS,15.43,48.0,12.0,256.0,6.0,3035.0,206.0,2022,366,6.513879932571174,6.956735901203759
Apple,iOS,15.32,12.0,12.0,1024.0,6.0,3157.0,193.0,2021,815,7.0716074215959805,7.213326384269658
Apple,iOS,16.95,48.0,12.0,256.0,6.0,4446.0,195.0,2023,243,6.546681034644661,6.856672488752821
Apple,iOS,15.42,48.0,12.0,512.0,8.0,3049.0,193.0,2023,824,6.706731852917623,7.049775539002566
Apple,iOS,15.57,48.0,12.0,512.0,6.0,3101.0,192.0,2022,57,6.763229526287754,7.049775539002566
Apple,iOS,15.38,48.0,12.0,128.0,6.0,3209.0,197.0,2022,327,6.457340498438817,6.906754778648554
Apple,iOS,15.54,12.0,12.0,256.0,6.0,3229.0,183.0,2022,396,6.453809374349277,6.74547161592469
Apple,iOS,16.99,12.0,12.0,256.0,6.0,3446.0,233.0,2020,606,6.762238826897459,7.047691119279654
Apple,iOS,17.28,48.0,12.0,128.0,6.0,4151.0,236.0,2022,74,6.533696177091752,7.002155954403621
Apple,iOS,16.82,48.0,12.0,256.0,6.0,4216.0,200.0,2023,874,6.469081286757671,6.856672488752821
Apple,iOS,15.44,48.0,12.0,512.0,8.0,3326.0,182.0,2023,280,6.799625883025269,7.049775539002566
Apple,iOS,17.21,12.0,12.0,512.0,6.0,4145.0,212.0,2022,771,6.6459106997463895,6.959018572919678
Apple,iOS,16.95,12.0,12.0,128.0,6.0,4197.0,204.0,2022,464,6.476149746285649,6.80128303447162
Apple,iOS,17.25,48.0,12.0,1024.0,6.0,4317.0,237.0,2022,435,6.876544974594722,7.284409305236182
Apple,iOS,16.76,48.0,12.0,128.0,6.0,4324.0,202.0,2023,316,6.464759885403314,6.80128303447162
Apple,iOS,15.36,12.0,12.0,64.0,4.0,2897.0,159.0,2020,298,6.339270787574943,6.683360945766275
Apple,iOS,15.61,12.0,12.0,128.0,4.0,2855.0,172.0,2020,395,6.508461373781137,6.7148984202727995
Apple,iOS,15.29,48.0,12.0,512.0,6.0,3238.0,175.0,2023,625,6.546293242573646,6.85919508836676
Apple,iOS,17.07,48.0,12.0,1024.0,6.0,4317.0,230.0,2022,454,7.012894319714031,7.284409305236182
Apple,iOS,16.87,12.0,12.0,1024.0,6.0,4305.0,244.0,2021,81,6.786075179017174,7.284409305236182
Apple,iOS,15.33,12.0,12.0,512.0,4.0,3235.0,167.0,2021,882,6.541740292411792,6.85919508836676
Apple,iOS,15.46,48.0,12.0,128.0,6.0,3503.0,171.0,2023,41,6.271420005837575,6.683360945766275
Apple,iOS,15.45,48.0,12.0,256.0,6.0,3413.0,185.0,2023,61,6.347615459476491,6.74547161592469
Apple,iOS,16.93,48.0,12.0,128.0,6.0,4424.0,200.0,2023,177,6.587864786135181,6.80128303447162
Apple,iOS,15.37,48.0,12.0,512.0,6.0,3198.0,204.0,2022,300,6.959958830622072,7.049775539002566
Apple,iOS,13.79,12.0,12.0,128.0,4.0,2602.0,146.0,2021,746,6.151171209785087,6.54965074223381
Apple,iOS,17.01,48.0,12.0,512.0,6.0,4466.0,203.0,2023,770,6.656335133069058,6.959018572919678
Apple,iOS,15.34,48.0,12.0,128.0,8.0,3280.0,183.0,2023,593,6.750827510901098,6.906754778648554
Apple,iOS,13.57,12.0,12.0,256.0,4.0,2599.0,135.0,2021,221,6.214360948047438,6.620339837647787
Apple,iOS,15.42,12.0,12.0,256.0,6.0,3226.0,159.0,2022,575,6.441642468789353,6.74547161592469
Apple,iOS,15.73,12.0,12.0,1024.0,6.0,2951.0,208.0,2021,777,6.800526992171368,7.213326384269658
Apple,iOS,15.47,12.0,12.0,128.0,6.0,2994.0,207.0,2021,620,6.545767302698273,6.906754778648554
Apple,iOS,15.47,48.0,12.0,512.0,6.0,3210.0,211.0,2022,424,6.807580301118983,7.049775539002566
Apple,iOS,15.51,48.0,12.0,512.0,8.0,3157.0,188.0,2023,133,6.702964970704718,7.049775539002566
Apple,iOS,15.71,12.0,12.0,256.0,6.0,3253.0,173.0,2022,320,6.3345751610183765,6.74547161592469
Apple,iOS,15.55,48.0,12.0,128.0,6.0,3546.0,162.0,2023,191,6.36082937105006,6.683360945766275
Apple,iOS,16.55,12.0,12.0,256.0,4.0,3847.0,230.0,2019,274,6.849744917239199,7.069704045968154
Apple,iOS,17.2,12.0,12.0,128.0,6.0,4387.0,203.0,2022,766,6.119785929339486,6.80128303447162
Apple,iOS,15.55,48.0,12.0,128.0,8.0,3383.0,182.0,2023,132,6.501948472643388,6.906754778648554
Apple,iOS,15.31,12.0,12.0,128.0,6.0,3318.0,174.0,2022,111,6.440392338828088,6.683360945766275
Apple,iOS,15.46,48.0,12.0,512.0,8.0,3344.0,182.0,2023,275,6.757674236781753,7.049775539002566
Apple,iOS,17.08,48.0,12.0,512.0,6.0,3984.0,241.0,2022,162,6.866350680451958,7.132976670091312
Apple,iOS,17.07,48.0,12.0,256.0,6.0,4417.0,203.0,2023,673,6.638858448253729,6.856672488752821
Apple,iOS,17.14,12.0,12.0,512.0,6.0,4272.0,207.0,2022,250,6.589034400353341,6.959018572919678
Apple,iOS,15.72,12.0,12.0,128.0,6.0,3246.0,174.0,2022,451,6.408456586352472,6.683360945766275
Apple,iOS,17.05,12.0,12.0,1024.0,6.0,4332.0,245.0,2021,361,7.1140921152642385,7.284409305236182
Apple,iOS,16.96,12.0,12.0,128.0,6.0,3726.0,232.0,2020,337,6.766694283289792,7.002155954403621
Apple,iOS,15.49,48.0,12.0,128.0,6.0,3407.0,210.0,2022,206,6.588854371249624,6.906754778648554
Apple,iOS,15.32,12.0,12.0,128.0,6.0,3299.0,165.0,2022,507,6.490097991394568,6.683360945766275
Apple,iOS,16.94,48.0,12.0,128.0,6.0,4602.0,198.0,2023,262,6.403177004262474,6.80128303447162
Apple,iOS,16.85,12.0,12.0,512.0,6.0,4241.0,256.0,2021,243,6.865748323110373,7.132976670091312
Apple,iOS,15.41,12.0,12.0,128.0,6.0,2908.0,200.0,2020,588,6.622993006918621,6.906754778648554
Apple,iOS,13.58,12.0,12.0,64.0,4.0,2113.0,130.0,2020,71,6.02460435749964,6.54965074223381
Apple,iOS,13.65,12.0,12.0,128.0,4.0,2274.0,130.0,2021,495,6.0919080143938285,6.54965074223381
Apple,iOS,15.49,12.0,12.0,256.0,6.0,3211.0,177.0,2022,890,6.412627266326599,6.74547161592469
Apple,iOS,16.88,48.0,12.0,1024.0,8.0,4337.0,222.0,2023,476,6.960629344346645,7.317345201667251
Apple,iOS,13.59,12.0,12.0,256.0,4.0,2356.0,141.0,2021,650,6.280608002874196,6.620339837647787
Apple,iOS,15.58,12.0,12.0,256.0,4.0,3006.0,184.0,2019,104,6.280844040394269,6.653894755005867
Apple,iOS,15.77,12.0,12.0,512.0,6.0,3192.0,211.0,2021,897,6.8080893711757176,7.049775539002566
Apple,iOS,15.52,12.0,12.0,512.0,6.0,3083.0,201.0,2021,684,6.78117591452901,7.049775539002566
Apple,iOS,15.33,12.0,12.0,512.0,4.0,3282.0,178.0,2021,861,6.421800792632427,6.85919508836676
Apple,iOS,15.39,48.0,12.0,512.0,8.0,3205.0,183.0,2023,691,6.644619668864037,7.049775539002566
Apple,iOS,17.06,48.0,12.0,512.0,6.0,4361.0,197.0,2023,667,6.746016832015216,6.959018572919678
Apple,iOS,17.0,12.0,12.0,128.0,6.0,4311.0,205.0,2022,625,6.548947773607157,6.80128303447162
Apple,iOS,13.76,12.0,12.0,512.0,4.0,2493.0,138.0,2021,470,6.198435977150309,6.74829050433111
Apple,iOS,15.58,48.0,12.0,256.0,6.0,3395.0,168.0,2023,645,6.324703610799846,6.74547161592469
Apple,iOS,17.26,48.0,12.0,512.0,6.0,4505.0,195.0,2023,821,6.566918058310269,6.959018572919678
Apple,iOS,15.36,12.0,12.0,512.0,6.0,3126.0,204.0,2021,750,6.3584043905286665,7.049775539002566
Apple,iOS,15.34,48.0,12.0,256.0,8.0,3301.0,193.0,2023,405,6.592592170905334,6.956735901203759
Apple,iOS,15.16,12.0,12.0,128.0,6.0,2797.0,187.0,2020,604,6.800267699367844,6.906754778648554
Apple,iOS,17.01,48.0,12.0,128.0,6.0,4297.0,206.0,2023,147,6.55684865518348,6.80128303447162
Apple,iOS,14.77,12.0,12.0,256.0,4.0,3034.0,187.0,2019,279,6.630889229002744,6.9808198498391425
Apple,iOS,15.53,48.0,12.0,512.0,6.0,3233.0,160.0,2023,139,6.619510932599262,6.85919508836676
Apple,iOS,15.62,12.0,12.0,256.0,6.0,3475.0,168.0,2022,250,6.441751138988379,6.74547161592469
Apple,iOS,13.96,12.0,12.0,256.0,4.0,2425.0,158.0,2021,625,6.325427034382487,6.620339837647787
Apple,iOS,17.26,48.0,12.0,256.0,6.0,4214.0,246.0,2022,332,6.533954345752031,7.047691119279654
Apple,iOS,15.46,12.0,12.0,256.0,6.0,3481.0,169.0,2022,899,6.49324374757991,6.74547161592469
Apple,iOS,15.44,48.0,12.0,128.0,6.0,3205.0,170.0,2023,453,6.353356792770854,6.683360945766275
Apple,iOS,16.82,12.0,12.0,256.0,6.0,4359.0,203.0,2022,288,6.339457098242686,6.856672488752821
Apple,iOS,15.6,48.0,12.0,512.0,8.0,3337.0,176.0,2023,144,6.358812333103018,7.049775539002566
Apple,iOS,16.95,12.0,12.0,1024.0,6.0,4255.0,242.0,2021,849,7.044072212733362,7.284409305236182
Apple,iOS,15.64,12.0,12.0,512.0,6.0,3323.0,175.0,2022,375,6.530381344516338,6.85919508836676
Apple,iOS,17.01,12.0,12.0,1024.0,6.0,4569.0,236.0,2021,225,6.895067326841956,7.284409305236182
Apple,iOS,16.66,48.0,12.0,512.0,6.0,4321.0,239.0,2022,717,6.823667219611493,7.132976670091312
Apple,iOS,15.39,48.0,12.0,512.0,6.0,3412.0,162.0,2023,583,6.47887518535991,6.85919508836676
Apple,iOS,16.98,48.0,12.0,1024.0,8.0,4505.0,217.0,2023,497,6.938851954640863,7.317345201667251
Apple,iOS,15.37,48.0,12.0,256.0,6.0,3204.0,159.0,2023,235,6.282783353286719,6.74547161592469
Apple,iOS,13.78,12.0,12.0,256.0,4.0,2184.0,134.0,2021,778,6.409761031080206,6.620339837647787
Apple,iOS,17.15,12.0,12.0,128.0,6.0,3518.0,221.0,2020,458,6.664537828405445,7.002155954403621
Apple,iOS,15.46,12.0,12.0,512.0,6.0,3013.0,204.0,2021,66,6.682862258226197,7.049775539002566
Apple,iOS,15.4,48.0,12.0,1024.0,8.0,3248.0,194.0,2023,540,6.706402464094363,7.213326384269658
Apple,iOS,15.57,48.0,12.0,128.0,8.0,3098.0,190.0,2023,823,6.645103556706594,6.906754778648554
Apple,iOS,15.51,12.0,12.0,512.0,6.0,2996.0,202.0,2021,584,6.933870265498029,7.049775539002566
Apple,iOS,15.43,48.0,12.0,256.0,8.0,3125.0,179.0,2023,645,6.500828601216404,6.956735901203759
Apple,iOS,17.06,12.0,12.0,512.0,6.0,4382.0,196.0,2022,343,6.570082923566828,6.959018572919678
Apple,iOS,17.26,12.0,12.0,512.0,6.0,3735.0,225.0,2020,77,6.8303179020652465,7.132976670091312
Apple,iOS,15.37,12.0,12.0,128.0,6.0,3340.0,163.0,2022,242,6.226638247309025,6.683360945766275
Apple,iOS,15.43,12.0,12.0,1024.0,6.0,3162.0,211.0,2021,475,6.919815609185379,7.213326384269658
Apple,iOS,15.68,48.0,12.0,512.0,8.0,3276.0,188.0,2023,796,6.931593092551148,7.049775539002566
Apple,iOS,15.57,12.0,12.0,512.0,6.0,3038.0,203.0,2021,549,6.6296713432374474,7.049775539002566
Apple,iOS,17.01,12.0,12.0,128.0,6.0,4456.0,203.0,2022,568,6.264436205887393,6.80128303447162
Apple,iOS,16.82,48.0,12.0,128.0,6.0,4345.0,205.0,2023,247,6.492208397690739,6.80128303447162
Apple,iOS,17.18,48.0,12.0,512.0,8.0,4553.0,222.0,2023,237,6.998828329505971,7.171195887060883
Apple,iOS,15.39,12.0,12.0,256.0,6.0,3469.0,175.0,2022,520,6.379615272510422,6.74547161592469
Apple,iOS,15.42,48.0,12.0,1024.0,6.0,3276.0,200.0,2022,558,6.92666836933943,7.213326384269658
Apple,iOS,15.55,12.0,12.0,128.0,6.0,2797.0,200.0,2020,832,6.720960490661922,6.906754778648554
Apple,iOS,16.74,12.0,12.0,256.0,6.0,4449.0,198.0,2022,293,6.523176632724038,6.856672488752821
Apple,iOS,13.58,12.0,12.0,256.0,4.0,2414.0,130.0,2021,459,6.357577367028254,6.620339837647787
Apple,iOS,15.51,48.0,12.0,256.0,6.0,3228.0,203.0,2022,398,6.554113919315049,6.956735901203759
Apple,iOS,15.28,12.0,12.0,512.0,6.0,3242.0,174.0,2022,846,6.509602010603355,6.85919508836676
Apple,iOS,17.1,12.0,12.0,128.0,6.0,4302.0,236.0,2021,895,6.688738061309652,7.002155954403621
Apple,iOS,15.78,48.0,12.0,128.0,8.0,3338.0,188.0,2023,524,6.369513533011014,6.906754778648554
Apple,iOS,15.62,12.0,12.0,512.0,6.0,3321.0,173.0,2022,181,6.475465512721346,6.85919508836676
Apple,iOS,17.18,48.0,12.0,1024.0,6.0,4260.0,235.0,2022,687,7.001297134435573,7.284409305236182
Apple,iOS,16.97,48.0,12.0,512.0,6.0,4388.0,195.0,2023,86,6.601570237692131,6.959018572919678
Apple,iOS,15.56,48.0,12.0,1024.0,6.0,3225.0,196.0,2022,515,6.6827167948224,7.213326384269658
Apple,iOS,17.27,48.0,12.0,256.0,8.0,4507.0,213.0,2023,297,6.592476354321934,7.089243155027514
Apple,iOS,13.85,12.0,12.0,64.0,4.0,2124.0,131.0,2020,74,6.074525453045773,6.54965074223381
Apple,iOS,15.1,12.0,12.0,512.0,6.0,3050.0,197.0,2021,839,6.671607010678185,7.049775539002566
Apple,iOS,15.62,48.0,12.0,1024.0,8.0,3364.0,175.0,2023,278,7.007869710646067,7.213326384269658
Apple,iOS,13.6,12.0,12.0,128.0,4.0,2338.0,130.0,2020,43,6.337296312900657,6.585619778460977
Apple,iOS,16.75,48.0,12.0,512.0,8.0,4422.0,216.0,2023,847,6.88362831810088,7.171195887060883
Apple,iOS,17.17,12.0,12.0,256.0,6.0,4451.0,233.0,2021,681,6.7212425331808365,7.047691119279654
Apple,iOS,16.51,12.0,12.0,512.0,4.0,4089.0,221.0,2019,189,6.83075779530437,7.153208117216181
Apple,iOS,15.61,48.0,12.0,256.0,6.0,3208.0,206.0,2022,605,6.504616417839457,6.956735901203759
Apple,iOS,15.63,48.0,12.0,256.0,8.0,3241.0,189.0,2023,59,6.358613829017561,6.956735901203759
Apple,iOS,15.45,48.0,12.0,512.0,6.0,3296.0,170.0,2023,145,6.722217924900087,6.85919508836676
Apple,iOS,16.92,12.0,12.0,512.0,6.0,4397.0,240.0,2021,687,6.895412940484344,7.132976670091312
Apple,iOS,17.21,12.0,12.0,256.0,6.0,4335.0,201.0,2022,186,6.604399350927224,6.856672488752821
Apple,iOS,13.79,12.0,12.0,256.0,4.0,2069.0,147.0,2020,428,6.353195451748072,6.653894755005867
Apple,iOS,15.84,12.0,12.0,128.0,6.0,3335.0,170.0,2022,362,6.469496958530537,6.683360945766275
Apple,iOS,15.47,48.0,12.0,1024.0,6.0,3103.0,215.0,2022,124,6.992628867066508,7.213326384269658
Apple,iOS,15.59,12.0,12.0,128.0,4.0,3207.0,191.0,2019,205,6.23161443377659,6.585619778460977
Apple,iOS,15.58,12.0,12.0,512.0,6.0,3280.0,176.0,2022,652,6.698721643332426,6.85919508836676
Apple,iOS,15.28,48.0,12.0,256.0,6.0,3122.0,209.0,2022,159,6.645053217323133,6.956735901203759
Apple,iOS,17.22,48.0,12.0,128.0,6.0,4266.0,248.0,2022,478,6.724225930851115,7.002155954403621
Apple,iOS,13.51,12.0,12.0,128.0,4.0,2123.0,135.0,2020,261,6.254576051482862,6.585619778460977
Apple,iOS,15.56,12.0,12.0,512.0,6.0,3324.0,174.0,2022,406,6.465321494538284,6.85919508836676
Apple,iOS,15.51,48.0,12.0,1024.0,8.0,3220.0,193.0,2023,356,6.676601417218961,7.213326384269658
Apple,iOS,17.01,12.0,12.0,256.0,6.0,4325.0,195.0,2022,862,6.694363527013904,6.856672488752821
Apple,iOS,17.09,48.0,12.0,512.0,6.0,4455.0,195.0,2023,536,6.557922616822227,6.959018572919678
Apple,iOS,15.52,12.0,12.0,1024.0,6.0,3089.0,195.0,2021,888,7.049882481213067,7.213326384269658
Apple,iOS,15.83,48.0,12.0,1024.0,6.0,2992.0,199.0,2022,304,6.987981879786572,7.213326384269658
Apple,iOS,15.47,48.0,12.0,512.0,6.0,3301.0,165.0,2023,695,6.735640621697332,6.85919508836676
Apple,iOS,15.48,12.0,12.0,256.0,4.0,2623.0,160.0,2020,516,6.362786733757752,6.775137754367298
Apple,iOS,17.11,48.0,12.0,128.0,6.0,4365.0,233.0,2022,898,6.699809450933269,7.002155954403621
Apple,iOS,15.57,12.0,12.0,512.0,4.0,3252.0,167.0,2021,338,6.542799140289306,6.85919508836676
Apple,iOS,16.84,48.0,12.0,256.0,8.0,4577.0,226.0,2023,389,6.772185901736048,7.089243155027514
Apple,iOS,16.33,12.0,12.0,256.0,4.0,3996.0,223.0,2019,164,6.632129822362113,7.069704045968154
Apple,iOS,16.82,12.0,12.0,512.0,6.0,4190.0,233.0,2021,698,6.755955029375349,7.132976670091312
Apple,iOS,16.91,48.0,12.0,128.0,6.0,4322.0,198.0,2023,637,6.528998237513228,6.80128303447162
Apple,iOS,16.21,12.0,12.0,256.0,4.0,4066.0,229.0,2019,787,6.8411728952910345,7.069704045968154
Apple,iOS,16.98,48.0,12.0,128.0,6.0,4494.0,203.0,2023,612,6.481605725178432,6.80128303447162
Apple,iOS,17.32,48.0,12.0,1024.0,6.0,4418.0,230.0,2022,817,6.895768308578785,7.284409305236182
Apple,iOS,16.99,48.0,12.0,256.0,6.0,4285.0,203.0,2023,594,6.439695500211835,6.856672488752821
Apple,iOS,17.04,48.0,12.0,256.0,8.0,4508.0,225.0,2023,407,6.8733619394387695,7.089243155027514
Apple,iOS,17.0,48.0,12.0,1024.0,8.0,4537.0,222.0,2023,65,6.888795280611292,7.317345201667251
Apple,iOS,15.57,48.0,12.0,128.0,6.0,3511.0,175.0,2023,226,6.211118415783557,6.683360945766275
Apple,iOS,13.79,12.0,12.0,128.0,4.0,2432.0,144.0,2021,244,6.317736449878805,6.54965074223381
Apple,iOS,17.13,48.0,12.0,256.0,8.0,4410.0,211.0,2023,523,6.5085855629067995,7.089243155027514
Apple,iOS,15.39,12.0,12.0,128.0,6.0,3400.0,168.0,2022,308,6.422325573541203,6.683360945766275
Apple,iOS,13.49,12.0,12.0,256.0,4.0,2354.0,138.0,2021,370,6.488682291065418,6.620339837647787
Apple,iOS,16.88,12.0,12.0,512.0,6.0,3786.0,229.0,2020,234,6.847862311642884,7.132976670091312
Apple,iOS,13.77,12.0,12.0,512.0,4.0,2600.0,143.0,2021,665,6.3217403530828475,6.74829050433111
Apple,iOS,17.11,12.0,12.0,1024.0,6.0,4512.0,235.0,2021,370,6.954277256634188,7.284409305236182
Apple,iOS,17.24,48.0,12.0,1024.0,6.0,4233.0,245.0,2022,857,7.078723709191568,7.284409305236182
Apple,iOS,15.35,12.0,12.0,512.0,6.0,3244.0,180.0,2022,605,6.605992650922439,6.85919508836676
Apple,iOS,13.83,12.0,12.0,128.0,4.0,2386.0,140.0,2021,851,6.333023939600865,6.54965074223381
Apple,iOS,15.4,48.0,12.0,128.0,6.0,3376.0,175.0,2023,866,6.1701140201317,6.683360945766275
Apple,iOS,15.57,12.0,12.0,128.0,6.0,3458.0,184.0,2022,45,6.266841356160101,6.683360945766275
Apple,iOS,15.66,48.0,12.0,128.0,6.0,3243.0,207.0,2022,193,6.7511138712631835,6.906754778648554
Apple,iOS,15.52,12.0,12.0,64.0,4.0,2913.0,165.0,2020,131,6.476296204750181,6.683360945766275
Apple,iOS,15.32,12.0,12.0,512.0,6.0,2592.0,188.0,2020,485,6.638298055187776,7.049775539002566
Apple,iOS,13.86,12.0,12.0,512.0,4.0,2402.0,137.0,2021,627,6.452038126347619,6.74829050433111
Apple,iOS,17.01,48.0,12.0,1024.0,8.0,4421.0,226.0,2023,62,6.746604363855128,7.317345201667251
Apple,iOS,15.45,48.0,12.0,1024.0,8.0,3218.0,187.0,2023,797,7.077581195361923,7.213326384269658
Apple,iOS,15.76,48.0,12.0,512.0,6.0,3288.0,181.0,2023,243,6.529503003609331,6.85919508836676
Apple,iOS,15.63,12.0,12.0,128.0,6.0,3087.0,200.0,2021,60,6.586416122450245,6.906754778648554
Apple,iOS,17.17,48.0,12.0,256.0,6.0,4475.0,238.0,2022,792,6.6946957059451995,7.047691119279654
Apple,iOS,15.67,48.0,12.0,256.0,6.0,3126.0,208.0,2022,126,6.783326484807717,6.956735901203759
Apple,iOS,16.8,48.0,12.0,512.0,8.0,4319.0,219.0,2023,191,7.004869588099874,7.171195887060883
Apple,iOS,15.56,12.0,12.0,128.0,4.0,3148.0,175.0,2021,409,6.418558470445955,6.683360945766275
Apple,iOS,13.67,12.0,12.0,128.0,4.0,2535.0,130.0,2021,860,6.349683911459111,6.54965074223381
Apple,iOS,16.78,12.0,12.0,256.0,6.0,4352.0,241.0,2021,762,6.840002624679019,7.047691119279654
Apple,iOS,15.41,12.0,12.0,64.0,4.0,3165.0,198.0,2019,867,6.356729966955561,6.54965074223381
Apple,iOS,15.46,12.0,12.0,128.0,6.0,2914.0,207.0,2021,875,6.674894946535058,6.906754778648554
Apple,iOS,13.82,12.0,12.0,64.0,4.0,2095.0,133.0,2020,341,6.211395468824819,6.54965074223381
Apple,iOS,15.27,12.0,12.0,256.0,6.0,3105.0,210.0,2021,616,6.854909621623357,6.956735901203759
Apple,iOS,16.93,12.0,12.0,512.0,6.0,3799.0,222.0,2020,842,6.729234710892303,7.132976670091312
Apple,iOS,15.6,48.0,12.0,128.0,8.0,3327.0,186.0,2023,167,6.4200846789835015,6.906754778648554
Apple,iOS,15.69,12.0,12.0,128.0,6.0,2737.0,179.0,2020,884,6.572283440407687,6.906754778648554
Apple,iOS,16.91,12.0,12.0,512.0,6.0,4256.0,250.0,2021,318,6.680575572305086,7.132976670091312
Apple,iOS,15.58,12.0,12.0,512.0,6.0,3235.0,207.0,2021,460,6.819566808037768,7.049775539002566
Apple,iOS,15.62,12.0,12.0,256.0,4.0,3094.0,188.0,2019,530,6.377455837236045,6.653894755005867
Apple,iOS,17.09,12.0,12.0,512.0,6.0,4426.0,201.0,2022,497,6.578719457824186,6.959018572919678
Apple,iOS,15.63,48.0,12.0,128.0,6.0,3083.0,200.0,2022,89,6.643427572962804,6.906754778648554
Apple,iOS,15.62,48.0,12.0,512.0,6.0,3290.0,171.0,2023,286,6.675412670836446,6.85919508836676
Apple,iOS,15.46,48.0,12.0,1024.0,8.0,3196.0,181.0,2023,560,6.799447422436224,7.213326384269658
Apple,iOS,16.93,48.0,12.0,1024.0,6.0,4263.0,244.0,2022,48,6.993214625746781,7.284409305236182
Apple,iOS,15.33,12.0,12.0,128.0,6.0,3010.0,201.0,2021,402,6.291067113725787,6.906754778648554
Apple,iOS,15.52,48.0,12.0,256.0,6.0,3245.0,167.0,2023,265,6.26667272114635,6.74547161592469
Apple,iOS,16.96,48.0,12.0,256.0,6.0,4384.0,191.0,2023,714,6.4568286841054885,6.856672488752821
Apple,iOS,17.12,12.0,12.0,512.0,6.0,3843.0,232.0,2020,799,6.692126940477952,7.132976670091312
Apple,iOS,13.78,12.0,12.0,512.0,4.0,2499.0,140.0,2021,824,6.252985941754898,6.74829050433111
Apple,iOS,15.49,12.0,12.0,64.0,4.0,3105.0,189.0,2019,494,6.28655380184837,6.54965074223381
Apple,iOS,15.58,48.0,12.0,256.0,8.0,3146.0,181.0,2023,605,6.341968777284865,6.956735901203759
Apple,iOS,15.48,48.0,12.0,128.0,6.0,3240.0,209.0,2022,483,6.435917918672754,6.906754778648554
Apple,iOS,17.13,12.0,12.0,1024.0,6.0,4460.0,242.0,2021,786,6.8397982664277475,7.284409305236182
Apple,iOS,15.53,12.0,12.0,256.0,4.0,3040.0,192.0,2019,100,6.341000441639537,6.653894755005867
Apple,iOS,15.56,12.0,12.0,64.0,4.0,2667.0,173.0,2020,499,6.5950057965736555,6.683360945766275
Apple,iOS,15.48,48.0,12.0,512.0,8.0,3330.0,195.0,2023,86,6.578075215756049,7.049775539002566
Apple,iOS,15.66,48.0,12.0,128.0,6.0,3162.0,196.0,2022,396,6.644005997458095,6.906754778648554
Apple,iOS,17.08,48.0,12.0,512.0,6.0,4330.0,195.0,2023,513,6.737257845354938,6.959018572919678
Apple,iOS,16.93,48.0,12.0,128.0,6.0,4266.0,197.0,2023,897,6.486615817183815,6.80128303447162
Apple,iOS,13.86,12.0,12.0,256.0,4.0,2117.0,135.0,2020,804,6.340267422031189,6.653894755005867
Apple,iOS,15.54,48.0,12.0,256.0,8.0,3309.0,185.0,2023,296,6.54631203449579,6.956735901203759
Apple,iOS,17.0,12.0,12.0,256.0,6.0,3834.0,231.0,2020,858,6.763779838245957,7.047691119279654
Apple,iOS,15.63,48.0,12.0,128.0,6.0,3360.0,172.0,2023,590,6.4060756438273465,6.683360945766275
Apple,iOS,17.0,12.0,12.0,512.0,6.0,3846.0,232.0,2020,860,6.763762066642045,7.132976670091312
Apple,iOS,17.12,48.0,12.0,128.0,6.0,4434.0,216.0,2023,687,6.495185933248805,6.80128303447162
Apple,iOS,15.6,12.0,12.0,128.0,4.0,3375.0,176.0,2021,85,5.996949477338552,6.683360945766275
Apple,iOS,17.02,12.0,12.0,1024.0,6.0,4519.0,223.0,2021,570,7.057924764075828,7.284409305236182
Apple,iOS,15.43,12.0,12.0,512.0,4.0,3366.0,176.0,2021,493,6.597091873105083,6.85919508836676
Apple,iOS,15.27,48.0,12.0,512.0,6.0,3541.0,177.0,2023,115,6.288267321919099,6.85919508836676
Apple,iOS,15.61,12.0,12.0,128.0,4.0,3244.0,176.0,2021,674,6.181957233556735,6.683360945766275
Apple,iOS,17.02,48.0,12.0,128.0,6.0,4364.0,189.0,2023,634,6.434552466955691,6.80128303447162
Apple,iOS,17.17,12.0,12.0,256.0,6.0,4351.0,201.0,2022,820,6.560209104678998,6.856672488752821
Apple,iOS,16.93,48.0,12.0,512.0,6.0,4362.0,197.0,2023,525,6.686463326140723,6.959018572919678
Apple,iOS,13.47,12.0,12.0,128.0,4.0,2193.0,133.0,2020,689,6.197619083519522,6.585619778460977
Apple,iOS,16.96,12.0,12.0,256.0,6.0,4418.0,199.0,2022,722,6.721526276063185,6.856672488752821
Apple,iOS,15.58,48.0,12.0,128.0,6.0,3158.0,180.0,2023,767,6.490873185850366,6.683360945766275
Apple,iOS,15.59,48.0,12.0,512.0,6.0,3310.0,169.0,2023,253,6.677867335300138,6.85919508836676
Apple,iOS,15.45,12.0,12.0,256.0,6.0,3051.0,200.0,2021,601,6.397074260055616,6.956735901203759
Apple,iOS,17.17,12.0,12.0,128.0,6.0,4327.0,197.0,2022,210,6.497734872421572,6.80128303447162
Apple,iOS,17.08,12.0,12.0,128.0,6.0,4237.0,208.0,2022,804,6.104212706799736,6.80128303447162
Apple,iOS,17.17,48.0,12.0,1024.0,8.0,4395.0,220.0,2023,782,6.935550022533705,7.317345201667251
Apple,iOS,15.52,48.0,12.0,512.0,6.0,3287.0,206.0,2022,481,6.968033487863362,7.049775539002566
Apple,iOS,16.69,48.0,12.0,512.0,6.0,4263.0,246.0,2022,671,6.642289311123062,7.132976670091312
Apple,iOS,15.56,12.0,12.0,128.0,6.0,2819.0,186.0,2020,207,6.347090818409267,6.906754778648554
Apple,iOS,17.11,12.0,12.0,128.0,6.0,3811.0,232.0,2020,450,6.794937267048302,7.002155954403621
Apple,iOS,15.38,12.0,12.0,128.0,6.0,3190.0,193.0,2021,232,6.398953156663783,6.906754778648554
Apple,iOS,15.36,12.0,12.0,256.0,4.0,3275.0,180.0,2021,175,6.538082016349011,6.74547161592469
Apple,iOS,17.38,12.0,12.0,256.0,6.0,4304.0,204.0,2022,768,6.162640892796938,6.856672488752821
Apple,iOS,15.42,48.0,12.0,1024.0,6.0,3412.0,203.0,2022,92,6.903705635378889,7.213326384269658
Apple,iOS,17.01,12.0,12.0,128.0,6.0,4341.0,210.0,2022,797,6.536232404903987,6.80128303447162
Apple,iOS,17.21,48.0,12.0,512.0,8.0,4456.0,221.0,2023,130,6.862184869112485,7.171195887060883
Apple,iOS,17.01,48.0,12.0,512.0,6.0,4213.0,193.0,2023,708,6.56648830226604,6.959018572919678
Apple,iOS,17.19,48.0,12.0,512.0,6.0,4282.0,196.0,2023,300,6.770349920366086,6.959018572919678
Apple,iOS,15.83,48.0,12.0,128.0,8.0,3397.0,181.0,2023,79,6.62415960503647,6.906754778648554
Apple,iOS,15.6,48.0,12.0,128.0,6.0,3245.0,203.0,2022,246,6.411427816727374,6.906754778648554
Apple,iOS,16.93,48.0,12.0,1024.0,6.0,4281.0,234.0,2022,167,6.938290990756495,7.284409305236182
Apple,iOS,15.61,48.0,12.0,256.0,6.0,3400.0,174.0,2023,356,6.512115699504778,6.74547161592469
Apple,iOS,16.45,12.0,12.0,256.0,4.0,3939.0,228.0,2019,409,6.777779627492746,7.069704045968154
Apple,iOS,15.64,12.0,12.0,1024.0,6.0,3072.0,192.0,2021,52,6.939250076661119,7.213326384269658
Apple,iOS,15.52,12.0,12.0,128.0,4.0,3180.0,167.0,2021,704,6.375733922125046,6.683360945766275
Apple,iOS,16.5,12.0,12.0,512.0,4.0,3751.0,231.0,2019,500,6.729988240552813,7.153208117216181
Apple,iOS,17.23,12.0,12.0,1024.0,6.0,4321.0,239.0,2021,177,7.007275650251711,7.284409305236182
Apple,iOS,15.65,12.0,12.0,512.0,6.0,3254.0,207.0,2021,613,6.721024780561017,7.049775539002566
Apple,iOS,17.13,12.0,12.0,256.0,6.0,4164.0,197.0,2022,133,6.492286334587863,6.856672488752821
Apple,iOS,16.86,12.0,12.0,1024.0,6.0,4496.0,247.0,2021,539,7.0840289051022625,7.284409305236182
Apple,iOS,15.45,12.0,12.0,256.0,6.0,2868.0,185.0,2020,529,6.427549452824554,6.956735901203759
Apple,iOS,15.52,48.0,12.0,256.0,8.0,3495.0,188.0,2023,713,6.873390098618865,6.956735901203759
Apple,iOS,17.21,48.0,12.0,512.0,6.0,4445.0,236.0,2022,143,6.732773897249708,7.132976670091312
Apple,iOS,17.14,48.0,12.0,512.0,8.0,4382.0,220.0,2023,881,6.835159251360883,7.171195887060883
Apple,iOS,15.62,48.0,12.0,1024.0,8.0,3491.0,192.0,2023,170,6.862936416150498,7.213326384269658
Apple,iOS,15.46,12.0,12.0,128.0,6.0,3251.0,179.0,2022,147,6.356734393212579,6.683360945766275
Apple,iOS,15.44,12.0,12.0,512.0,4.0,3287.0,176.0,2021,229,6.5377474569057625,6.85919508836676
Apple,iOS,16.98,48.0,12.0,1024.0,8.0,4404.0,221.0,2023,494,7.163271671082343,7.317345201667251
Apple,iOS,17.05,12.0,12.0,512.0,6.0,4403.0,211.0,2022,411,6.79819452645805,6.959018572919678
Apple,iOS,16.53,12.0,12.0,512.0,4.0,4027.0,227.0,2019,155,6.832408567951119,7.153208117216181
Apple,iOS,15.31,12.0,12.0,128.0,6.0,3252.0,182.0,2022,172,6.599244452946626,6.683360945766275
Apple,iOS,13.74,12.0,12.0,128.0,4.0,2394.0,146.0,2021,288,6.28432605407484,6.54965074223381
Apple,iOS,16.84,12.0,12.0,128.0,6.0,3660.0,227.0,2020,737,6.479209396534434,7.002155954403621
Apple,iOS,15.27,48.0,12.0,128.0,8.0,3300.0,190.0,2023,205,6.350492573501642,6.906754778648554
